-- phpMyAdmin SQL Dump
-- version 4.7.4
-- https://www.phpmyadmin.net/
--
-- Host: 127.0.0.1
-- Generation Time: Feb 12, 2018 at 10:05 AM
-- Server version: 5.7.20
-- PHP Version: 7.1.11

SET SQL_MODE = "NO_AUTO_VALUE_ON_ZERO";
SET AUTOCOMMIT = 0;
START TRANSACTION;
SET time_zone = "+00:00";


/*!40101 SET @OLD_CHARACTER_SET_CLIENT=@@CHARACTER_SET_CLIENT */;
/*!40101 SET @OLD_CHARACTER_SET_RESULTS=@@CHARACTER_SET_RESULTS */;
/*!40101 SET @OLD_COLLATION_CONNECTION=@@COLLATION_CONNECTION */;
/*!40101 SET NAMES utf8mb4 */;

--
-- Database: `rspgapp`
--

-- --------------------------------------------------------

--
-- Table structure for table `bagians`
--

CREATE TABLE `bagians` (
  `id_direktorat` int(11) NOT NULL,
  `id` int(10) UNSIGNED NOT NULL,
  `name` varchar(191) COLLATE utf8mb4_unicode_ci NOT NULL,
  `created_at` timestamp NULL DEFAULT NULL,
  `updated_at` timestamp NULL DEFAULT NULL
) ENGINE=InnoDB DEFAULT CHARSET=utf8mb4 COLLATE=utf8mb4_unicode_ci;

--
-- Dumping data for table `bagians`
--

INSERT INTO `bagians` (`id_direktorat`, `id`, `name`, `created_at`, `updated_at`) VALUES
(1, 1, 'Bidang Medik', NULL, NULL),
(1, 2, 'Bidang Keperawatan', NULL, NULL),
(2, 3, 'Bagian Keuangan', NULL, NULL),
(2, 4, 'Bagian Administrasi Umum', NULL, NULL);

-- --------------------------------------------------------

--
-- Table structure for table `comments`
--

CREATE TABLE `comments` (
  `id` int(10) UNSIGNED NOT NULL,
  `created_at` timestamp NULL DEFAULT NULL,
  `updated_at` timestamp NULL DEFAULT NULL
) ENGINE=InnoDB DEFAULT CHARSET=utf8mb4 COLLATE=utf8mb4_unicode_ci;

-- --------------------------------------------------------

--
-- Table structure for table `cutis`
--

CREATE TABLE `cutis` (
  `id` int(10) UNSIGNED NOT NULL,
  `id_user` varchar(37) COLLATE utf8mb4_unicode_ci NOT NULL,
  `type` int(11) NOT NULL,
  `shift` enum('0','1') COLLATE utf8mb4_unicode_ci NOT NULL,
  `start_date` date NOT NULL,
  `end_date` date NOT NULL,
  `reason` text COLLATE utf8mb4_unicode_ci NOT NULL,
  `implementer` json NOT NULL,
  `head` json NOT NULL,
  `json_data` json DEFAULT NULL,
  `qty` int(2) NOT NULL,
  `comp_name` varchar(30) COLLATE utf8mb4_unicode_ci NOT NULL,
  `ip_address` varchar(11) COLLATE utf8mb4_unicode_ci NOT NULL,
  `created_at` timestamp NULL DEFAULT NULL,
  `updated_at` timestamp NULL DEFAULT NULL
) ENGINE=InnoDB DEFAULT CHARSET=utf8mb4 COLLATE=utf8mb4_unicode_ci;

--
-- Dumping data for table `cutis`
--

INSERT INTO `cutis` (`id`, `id_user`, `type`, `shift`, `start_date`, `end_date`, `reason`, `implementer`, `head`, `json_data`, `qty`, `comp_name`, `ip_address`, `created_at`, `updated_at`) VALUES
(1, 'f0b81489-4251-46b7-a32b-7e6c3fc1d48d', 5, '0', '2018-02-05', '2018-02-09', 'keperluan keluarga', '{\"date\": \"2018-01-31 14:00:03\", \"note\": \"note : -\", \"read\": true, \"approve\": true, \"id_user\": \"247691ef-0c76-4bbe-989f-2dae14b51e8d\"}', '{\"date\": \"2018-01-31 14:01:00\", \"note\": \"note : -\", \"read\": true, \"approve\": true, \"id_user\": \"d7870e96-051a-4e52-bb53-deeb17d3a56c\"}', '{\"date\": \"2018-01-31 15:48:09\", \"note\": \"note : -\", \"read\": true, \"approve\": true, \"id_user\": \"6fbf22a0-fb0d-4ae8-b876-7d95b7b740ad\"}', 5, 'admin', '10.16.2.93', '2018-01-31 05:48:42', '2018-01-31 08:48:09'),
(2, 'dbcbb811-da71-4ef0-a840-f22e03db6109', 1, '0', '2018-02-19', '2018-05-19', 'melahirkan', '{\"date\": \"2018-02-01 14:01:19\", \"note\": \"note : -\", \"read\": true, \"approve\": true, \"id_user\": \"eac4d4f8-de19-4148-9f07-cd4e3bf6c66c\"}', '{\"date\": \"2018-02-01 14:02:32\", \"note\": \"note : -\", \"read\": true, \"approve\": true, \"id_user\": \"d7870e96-051a-4e52-bb53-deeb17d3a56c\"}', '{\"date\": \"2018-02-01 14:31:33\", \"note\": \"note : -\", \"read\": true, \"approve\": true, \"id_user\": \"6fbf22a0-fb0d-4ae8-b876-7d95b7b740ad\"}', 90, 'admin', '10.16.1.27', '2018-02-01 06:54:48', '2018-02-01 07:31:33'),
(3, '33d62994-3783-4b86-bc9a-0777bfc02f5c', 5, '0', '2018-03-05', '2018-03-12', 'Selama saya cuti Tugas saya limpahkan pada Sdri Fahimah Jawas\r\nSelama cuti saya berada di Luar Kota', '{\"date\": \"2018-02-02 15:27:45\", \"note\": \"note : -\", \"read\": true, \"approve\": true, \"id_user\": \"f82bfe15-3bc7-43f7-8d03-c9335f1a62aa\"}', '{\"date\": \"2018-02-06 15:12:12\", \"note\": \"note : -\", \"read\": true, \"approve\": true, \"id_user\": \"689286ca-cf60-4a78-b465-27e7c656b2ba\"}', '{\"date\": \"2018-02-06 15:26:06\", \"note\": \"note : -\", \"read\": true, \"approve\": true, \"id_user\": \"b9647fd0-1a2a-4025-92ed-8288adf6eb11\"}', 6, 'admin', '10.16.8.10', '2018-02-02 08:26:02', '2018-02-09 08:10:38'),
(4, '36e00f22-0170-4b6c-bba4-1bd9009c1e92', 1, '0', '2018-03-12', '2018-06-12', 'cuti bersalin di solo', '{\"date\": \"2018-02-02 16:24:31\", \"note\": \"note : -\", \"read\": true, \"approve\": true, \"id_user\": \"3e25cb1a-4076-468a-8b74-b1860f0bf765\"}', '{\"date\": \"\", \"note\": \"\", \"read\": false, \"approve\": false, \"id_user\": \"50f1e5ac-4d37-4aef-b387-d8101354ff67\"}', '{\"date\": \"\", \"note\": \"\", \"read\": false, \"approve\": false, \"id_user\": \"6fbf22a0-fb0d-4ae8-b876-7d95b7b740ad\"}', 93, 'admin', '10.16.2.145', '2018-02-02 09:22:22', '2018-02-02 09:24:31'),
(5, '87d7ea26-84a1-4813-9592-70cbcaea8424', 3, '1', '2018-02-05', '2018-02-14', 'selama saya cuti saya tinggal di cimahi..selama saya cuti tugas saya serahkan kepada cucu susan', '{\"date\": \"2018-02-02 16:40:34\", \"note\": \"note : -\", \"read\": true, \"approve\": true, \"id_user\": \"97bf46b4-8eb9-497a-8020-572b78a8a00a\"}', '{\"date\": \"2018-02-02 16:41:59\", \"note\": \"note : -\", \"read\": true, \"approve\": true, \"id_user\": \"8953556a-e382-44a8-a947-ab24cd7ff2c2\"}', '{\"date\": \"2018-02-06 09:53:58\", \"note\": \"note : -\", \"read\": true, \"approve\": true, \"id_user\": \"6fbf22a0-fb0d-4ae8-b876-7d95b7b740ad\"}', 10, 'admin', '10.16.3.18', '2018-02-02 09:39:20', '2018-02-06 02:58:09'),
(6, '50d1aa55-0aeb-492b-9a99-9928fd5fc2ed', 5, '1', '2018-02-15', '2018-02-19', 'cuti tahunan', '{\"date\": \"2018-02-05 13:39:08\", \"note\": \"note : -\", \"read\": true, \"approve\": true, \"id_user\": \"fc99e84d-785b-4259-85c4-7fd164c9e790\"}', '{\"date\": \"2018-02-05 13:41:28\", \"note\": \"note : -\", \"read\": true, \"approve\": true, \"id_user\": \"926c591b-e055-4e8d-a664-0e8fba3ad2bd\"}', '{\"date\": \"2018-02-06 09:08:40\", \"note\": \"note : -\", \"read\": true, \"approve\": true, \"id_user\": \"6fbf22a0-fb0d-4ae8-b876-7d95b7b740ad\"}', 5, 'admin', '10.16.5.30', '2018-02-05 06:37:46', '2018-02-06 02:08:41'),
(7, 'f484ea0b-1827-4151-97d1-2ae8dbdeeda5', 5, '1', '2018-02-20', '2018-02-22', 'sisa cuti tahunan 2017', '{\"date\": \"2018-02-07 14:33:24\", \"note\": \"note : -\", \"read\": true, \"approve\": true, \"id_user\": \"f325163d-0b6b-44ad-8507-4885c49b9fdd\"}', '{\"date\": \"2018-02-09 13:27:40\", \"note\": \"note : -\", \"read\": true, \"approve\": true, \"id_user\": \"926c591b-e055-4e8d-a664-0e8fba3ad2bd\"}', '{\"date\": \"\", \"note\": \"\", \"read\": false, \"approve\": false, \"id_user\": \"6fbf22a0-fb0d-4ae8-b876-7d95b7b740ad\"}', 3, 'admin', '10.16.6.7', '2018-02-05 07:15:00', '2018-02-09 06:27:40'),
(8, 'f325163d-0b6b-44ad-8507-4885c49b9fdd', 5, '1', '2018-02-23', '2018-02-25', 'sisa cuti tahunan 2017', '{\"date\": \"2018-02-07 14:29:49\", \"note\": \"note : -\", \"read\": true, \"approve\": true, \"id_user\": \"f484ea0b-1827-4151-97d1-2ae8dbdeeda5\"}', '{\"date\": \"2018-02-07 14:35:06\", \"note\": \"note : -\", \"read\": true, \"approve\": true, \"id_user\": \"926c591b-e055-4e8d-a664-0e8fba3ad2bd\"}', '{\"date\": \"\", \"note\": \"\", \"read\": false, \"approve\": false, \"id_user\": \"6fbf22a0-fb0d-4ae8-b876-7d95b7b740ad\"}', 3, 'admin', '10.16.5.30', '2018-02-05 07:18:36', '2018-02-07 07:35:07'),
(9, 'f8225ac3-5309-40c0-a603-9bfa83120f46', 5, '1', '2018-02-16', '2018-02-19', 'selama saya cuti saya berada di tasikmalaya', '{\"date\": \"2018-02-07 12:48:30\", \"note\": \"note : -\", \"read\": true, \"approve\": true, \"id_user\": \"97bf46b4-8eb9-497a-8020-572b78a8a00a\"}', '{\"date\": \"2018-02-07 12:49:26\", \"note\": \"note : -\", \"read\": true, \"approve\": true, \"id_user\": \"8953556a-e382-44a8-a947-ab24cd7ff2c2\"}', '{\"date\": \"\", \"note\": \"\", \"read\": false, \"approve\": false, \"id_user\": \"6fbf22a0-fb0d-4ae8-b876-7d95b7b740ad\"}', 4, 'admin', '10.16.3.18', '2018-02-06 06:07:02', '2018-02-07 05:49:27'),
(10, 'fdab2ce3-3dd2-4697-8d02-642fc39d4ab4', 5, '1', '2018-02-17', '2018-02-19', 'selama saya cuti saya berada di tasikmalaya', '{\"date\": \"2018-02-07 12:51:05\", \"note\": \"note : -\", \"read\": true, \"approve\": true, \"id_user\": \"108541a5-168d-4a34-8be3-7fb7f720269c\"}', '{\"date\": \"2018-02-07 12:51:53\", \"note\": \"note : -\", \"read\": true, \"approve\": true, \"id_user\": \"8953556a-e382-44a8-a947-ab24cd7ff2c2\"}', '{\"date\": \"\", \"note\": \"\", \"read\": false, \"approve\": false, \"id_user\": \"6fbf22a0-fb0d-4ae8-b876-7d95b7b740ad\"}', 3, 'admin', '10.16.3.18', '2018-02-06 06:10:29', '2018-02-07 05:51:53'),
(11, 'b849010f-66ca-4dc4-9c8e-e03c12783a0e', 5, '1', '2018-02-07', '2018-02-10', 'Cuti Alasan Penting', '{\"date\": \"\", \"note\": \"note : -\", \"read\": true, \"approve\": true, \"id_user\": \"a5ab492f-fc94-4fb9-8a88-a20ef6c93a03\"}', '{\"date\": \"\", \"note\": \"note : -\", \"read\": true, \"approve\": true, \"id_user\": \"381a7b89-7aff-49f9-b495-7c33215b1d15\"}', '{\"date\": \"\", \"note\": \"\", \"read\": false, \"approve\": false, \"id_user\": \"6fbf22a0-fb0d-4ae8-b876-7d95b7b740ad\"}', 4, 'admin', '10.16.0.150', '2018-02-07 02:47:03', '2018-02-07 02:47:03'),
(12, 'a4634fa9-e2cd-486f-8dd2-a5ef030b58fa', 5, '0', '2018-02-19', '2018-02-23', 'Cuti Tahunan', '{\"date\": \"\", \"note\": \"note : -\", \"read\": true, \"approve\": true, \"id_user\": \"0582a11b-e41c-4622-aa27-dae1af99472c\"}', '{\"date\": \"\", \"note\": \"note : -\", \"read\": true, \"approve\": true, \"id_user\": \"7435c075-27e1-4324-bf6b-65cf91bd210b\"}', '{\"date\": \"\", \"note\": \"\", \"read\": false, \"approve\": false, \"id_user\": \"6fbf22a0-fb0d-4ae8-b876-7d95b7b740ad\"}', 5, 'admin', '10.16.0.150', '2018-02-07 03:04:25', '2018-02-07 03:04:25'),
(13, '15b7fd29-4fe6-4f02-b2d1-c56fd9447a76', 5, '1', '2018-02-14', '2018-02-18', 'cuti 2017', '{\"date\": \"2018-02-07 14:25:21\", \"note\": \"note : -\", \"read\": true, \"approve\": true, \"id_user\": \"f325163d-0b6b-44ad-8507-4885c49b9fdd\"}', '{\"date\": \"2018-02-07 14:26:46\", \"note\": \"note : -\", \"read\": true, \"approve\": true, \"id_user\": \"926c591b-e055-4e8d-a664-0e8fba3ad2bd\"}', '{\"date\": \"\", \"note\": \"\", \"read\": false, \"approve\": false, \"id_user\": \"6fbf22a0-fb0d-4ae8-b876-7d95b7b740ad\"}', 5, 'admin', '10.16.6.7', '2018-02-07 07:24:24', '2018-02-07 07:26:46'),
(14, '84e4c255-41e0-4f48-b785-e461e1328175', 5, '0', '2018-02-08', '2018-02-08', 'MEnunggu anak sakit', '{\"date\": \"2018-02-08 10:11:53\", \"note\": \"note : -\", \"read\": true, \"approve\": true, \"id_user\": \"a857edf8-8f4e-4a89-a492-5b1cc8000d9c\"}', '{\"date\": \"2018-02-09 15:15:12\", \"note\": \"note : Disetujui\", \"read\": true, \"approve\": true, \"id_user\": \"25cc1d64-ad90-4bc2-b512-b94afc245889\"}', '{\"date\": \"2018-02-09 15:16:26\", \"note\": \"note : Disetujui\", \"read\": true, \"approve\": true, \"id_user\": \"b9647fd0-1a2a-4025-92ed-8288adf6eb11\"}', 1, 'admin', '10.16.7.142', '2018-02-08 03:11:12', '2018-02-09 08:16:26'),
(15, 'ee31f23b-cfb9-4ce7-9d83-a1961e50b814', 5, '0', '2018-03-05', '2018-03-09', 'Menunggu Anak Sakit pasca Operasi', '{\"date\": \"\", \"note\": \"\", \"read\": false, \"approve\": false, \"id_user\": \"b849010f-66ca-4dc4-9c8e-e03c12783a0e\"}', '{\"date\": \"\", \"note\": \"\", \"read\": false, \"approve\": false, \"id_user\": \"6fbf22a0-fb0d-4ae8-b876-7d95b7b740ad\"}', '{\"date\": \"\", \"note\": \"\", \"read\": false, \"approve\": false, \"id_user\": \"6fbf22a0-fb0d-4ae8-b876-7d95b7b740ad\"}', 5, 'admin', '10.16.5.6', '2018-02-09 06:41:34', '2018-02-09 06:41:34'),
(16, 'e086cbaa-4e54-4a83-b885-a4d916c13989', 5, '1', '2018-03-18', '2018-03-25', 'keperluan keluarga, selama cuti tinggal di Kp Pondok Menteng No 23 Rt 03/02 Ds. Citapen Kec Ciawi Kab Bogor', '{\"date\": \"\", \"note\": \"\", \"read\": true, \"approve\": false, \"id_user\": \"fdb61b49-7bd2-4cb7-bd64-1d51c959db2b\"}', '{\"date\": \"\", \"note\": \"\", \"read\": false, \"approve\": false, \"id_user\": \"ee31f23b-cfb9-4ce7-9d83-a1961e50b814\"}', '{\"date\": \"\", \"note\": \"\", \"read\": false, \"approve\": false, \"id_user\": \"6fbf22a0-fb0d-4ae8-b876-7d95b7b740ad\"}', 8, 'admin', '10.16.5.6', '2018-02-09 06:47:42', '2018-02-09 06:52:52'),
(17, 'e086cbaa-4e54-4a83-b885-a4d916c13989', 5, '1', '2018-03-18', '2018-03-25', 'keperluan keluarga. selama cuti bertempat tinggal di Kp Pondok Menteng No 23 Rt 03/02 Ds Citapen Kec Ciawi Kab Bogor', '{\"date\": \"2018-02-09 13:54:02\", \"note\": \"note : -\", \"read\": true, \"approve\": true, \"id_user\": \"fdb61b49-7bd2-4cb7-bd64-1d51c959db2b\"}', '{\"date\": \"\", \"note\": \"\", \"read\": false, \"approve\": false, \"id_user\": \"381a7b89-7aff-49f9-b495-7c33215b1d15\"}', '{\"date\": \"\", \"note\": \"\", \"read\": false, \"approve\": false, \"id_user\": \"6fbf22a0-fb0d-4ae8-b876-7d95b7b740ad\"}', 8, 'admin', '10.16.5.6', '2018-02-09 06:52:15', '2018-02-09 06:54:03'),
(18, '48d568fe-f8f2-4371-9840-9d5644131603', 5, '1', '2018-03-21', '2018-03-25', 'wisuda', '{\"date\": \"2018-02-09 14:39:11\", \"note\": \"note : -\", \"read\": true, \"approve\": true, \"id_user\": \"d3cd2f74-7237-4894-9f62-10980695752a\"}', '{\"date\": \"2018-02-09 14:40:10\", \"note\": \"note : -\", \"read\": true, \"approve\": true, \"id_user\": \"83f67dd4-d9ae-427d-8210-e0c314c58665\"}', '{\"date\": \"\", \"note\": \"\", \"read\": false, \"approve\": false, \"id_user\": \"6fbf22a0-fb0d-4ae8-b876-7d95b7b740ad\"}', 5, 'admin', '10.16.6.1', '2018-02-09 07:37:50', '2018-02-09 07:40:11'),
(19, 'dda1f3b6-8fe2-4e0a-8c9e-0e01980699a9', 3, '1', '2018-02-21', '2018-02-24', 'Menikah', '{\"date\": \"\", \"note\": \"\", \"read\": false, \"approve\": false, \"id_user\": \"051a48ca-7e23-48ed-aff9-61fe5b44c4e9\"}', '{\"date\": \"\", \"note\": \"\", \"read\": false, \"approve\": false, \"id_user\": \"f1b21e85-6d28-481f-9027-61e2e84b7cf5\"}', '{\"date\": \"\", \"note\": \"\", \"read\": false, \"approve\": false, \"id_user\": \"6fbf22a0-fb0d-4ae8-b876-7d95b7b740ad\"}', 4, 'admin', '10.16.5.4', '2018-02-09 08:09:40', '2018-02-09 08:09:40'),
(20, '393b05ac-c19c-4b71-9bc5-afa31decef09', 5, '1', '2018-02-15', '2018-02-21', 'Keperluan Keluarga', '{\"date\": \"\", \"note\": \"\", \"read\": false, \"approve\": false, \"id_user\": \"08bbd32b-9dad-440c-910b-3c06cd2db789\"}', '{\"date\": \"\", \"note\": \"\", \"read\": false, \"approve\": false, \"id_user\": \"9e0eb62a-06dc-4395-b063-888f77fab6e2\"}', '{\"date\": \"\", \"note\": \"\", \"read\": false, \"approve\": false, \"id_user\": \"6fbf22a0-fb0d-4ae8-b876-7d95b7b740ad\"}', 7, 'admin', '10.16.7.142', '2018-02-12 04:25:38', '2018-02-12 04:25:38'),
(21, '3b267ff3-24f7-4f0b-9339-3150be026649', 5, '0', '2018-02-19', '2018-02-23', 'Cuti karena akan ke sulawesi, adik ipar menikah', '{\"date\": \"2018-02-12 13:27:24\", \"note\": \"note : -\", \"read\": true, \"approve\": true, \"id_user\": \"37294875-18ab-45bf-8d04-afccae9f36d9\"}', '{\"date\": \"\", \"note\": \"\", \"read\": false, \"approve\": false, \"id_user\": \"7ae3ab1c-f901-42ee-aab0-fdc29a6e900a\"}', '{\"date\": \"\", \"note\": \"\", \"read\": false, \"approve\": false, \"id_user\": \"b9647fd0-1a2a-4025-92ed-8288adf6eb11\"}', 5, 'admin', '10.16.0.150', '2018-02-12 06:19:02', '2018-02-12 06:27:25');

-- --------------------------------------------------------

--
-- Table structure for table `global_params`
--

CREATE TABLE `global_params` (
  `id` int(11) NOT NULL,
  `xcond` varchar(64) COLLATE utf8mb4_unicode_ci NOT NULL,
  `sq_id` int(11) NOT NULL,
  `char_id` char(16) COLLATE utf8mb4_unicode_ci NOT NULL,
  `description` varchar(1024) COLLATE utf8mb4_unicode_ci NOT NULL,
  `additional` varchar(256) COLLATE utf8mb4_unicode_ci NOT NULL,
  `json_data` json DEFAULT NULL
) ENGINE=InnoDB DEFAULT CHARSET=utf8mb4 COLLATE=utf8mb4_unicode_ci;

--
-- Dumping data for table `global_params`
--

INSERT INTO `global_params` (`id`, `xcond`, `sq_id`, `char_id`, `description`, `additional`, `json_data`) VALUES
(1, 'dirut', 1, '', 'Direktur Utama', '', NULL),
(2, 'kastaff', 1, '', 'Kepala', '', NULL),
(3, 'direktorat', 1, '1', 'Direktorat Medik Dan Keperawatan', '', NULL),
(4, 'kastaff', 2, '', 'Staff', '', NULL),
(5, 'direktorat', 2, '1', 'Direktorat Keuangan Dan Administrasi Umum', '', NULL),
(6, 'jeniscuti', 1, '', 'Cuti Bersalin', '', NULL),
(7, 'jeniscuti', 2, '', 'Cuti Besar', '', NULL),
(8, 'jeniscuti', 3, '', 'Cuti Karena Alasan Penting', '', NULL),
(9, 'jeniscuti', 4, '', 'Cuti Sakit/Penting', '', NULL),
(10, 'jeniscuti', 5, '', 'Cuti Tahunan', '', NULL),
(11, 'tglmerah', 1, '', '2017', '', '[{\"tgl\": \"2017-12-01\", \"desc\": \"Maulid Nabi Muhammad SAW\"}, {\"tgl\": \"2017-12-25\", \"desc\": \"Hari Natal\"}, {\"tgl\": \"2017-12-26\", \"desc\": \"Cuti Bersama Hari Natal\"}]'),
(12, 'tglmerah', 2, '', '2018', '', '[{\"tgl\": \"2018-01-01\", \"desc\": \"Tahun baru masehi\"}, {\"tgl\": \"2018-02-16\", \"desc\": \"Tahun Baru Imlek\"}, {\"tgl\": \"2018-03-17\", \"desc\": \"Hari Raya Nyepi\"}, {\"tgl\": \"2018-03-30\", \"desc\": \"Jumat Agung\"}, {\"tgl\": \"2018-04-14\", \"desc\": \"Isra Mi\'raj\"}, {\"tgl\": \"2018-05-01\", \"desc\": \"Hari Buruh\"}, {\"tgl\": \"2018-05-10\", \"desc\": \"Kenaikan Isa Almasih\"}, {\"tgl\": \"2018-05-29\", \"desc\": \"Hari Waisak\"}, {\"tgl\": \"2018-06-01\", \"desc\": \"Hari Kesaktian Pancasila\"}, {\"tgl\": \"2018-06-13\", \"desc\": \"Cuti Bersama Lebaran\"}, {\"tgl\": \"2018-06-14\", \"desc\": \"Cuti Bersama Lebaran\"}, {\"tgl\": \"2018-06-15\", \"desc\": \"Hari Raya Idul Fitri\"}, {\"tgl\": \"2018-06-16\", \"desc\": \"Hari Raya Idul Fitri\"}, {\"tgl\": \"2018-06-18\", \"desc\": \"Cuti Bersama Lebaran\"}, {\"tgl\": \"2018-06-19\", \"desc\": \"Cuti Bersama Lebaran\"}, {\"tgl\": \"2018-08-17\", \"desc\": \"Hari Kemerdekaan\"}, {\"tgl\": \"2018-08-22\", \"desc\": \"Idul Adha\"}, {\"tgl\": \"2018-09-11\", \"desc\": \"Tahun Baru Islam\"}, {\"tgl\": \"2018-09-20\", \"desc\": \"Maulid Nabi Muhammad SAW\"}, {\"tgl\": \"2018-12-24\", \"desc\": \"Cuti Bersama Hari Natal\"}, {\"tgl\": \"2018-12-25\", \"desc\": \"Hari Natal\"}]'),
(13, 'jmlcuti', 1, '', '12', '', NULL),
(14, 'jmlcuti', 2, '', '4', '', NULL),
(15, 'admincuti', 1, '', '', '', '[\"3f920fe0-7674-42cb-bd4f-e937260f8797\"]'),
(16, 'direktorat', 3, '2', 'Ketua Komite Medik', '', NULL),
(17, 'direktorat', 4, '2', 'Sekretaris Komite Medik', '', NULL),
(18, 'direktorat', 5, '3', 'Ketua SPI', '', NULL),
(19, 'direktorat', 6, '3', 'Sekretaris SPI', '', NULL),
(20, 'direktorat', 7, '3', 'Anggota SPI', '', NULL);

-- --------------------------------------------------------

--
-- Table structure for table `hais`
--

CREATE TABLE `hais` (
  `no_reg` varchar(20) NOT NULL,
  `data_kunjungan` json DEFAULT NULL,
  `data_medis` json DEFAULT NULL,
  `data_pemasangan` json DEFAULT NULL,
  `data_irs` json DEFAULT NULL,
  `data_user` json DEFAULT NULL,
  `created_at` timestamp NULL DEFAULT NULL,
  `updated_at` timestamp NULL DEFAULT NULL
) ENGINE=InnoDB DEFAULT CHARSET=latin1;

--
-- Dumping data for table `hais`
--

INSERT INTO `hais` (`no_reg`, `data_kunjungan`, `data_medis`, `data_pemasangan`, `data_irs`, `data_user`, `created_at`, `updated_at`) VALUES
('020218RI0002', '{\"lp\": \"L\", \"ds_dr\": \"NENI SAWITRI\", \"no_mr\": \"2008141538\", \"ds_dep\": \"MELATI\", \"no_reg\": \"020218RI0002\", \"tgl_reg\": \"2018-02-02 09:57:57\", \"nama_pas\": \"ASEP SURYADI\", \"tgl_lahir\": \"1988-02-21\", \"tgl_pulang\": \"2018-02-02 10:53:42\", \"profilaksis\": \"AB Pengobatan\", \"ds_icd_kerja\": \"A42.1 | ABDOMINAL ACTINOMYCOSIS\", \"ds_icd_masuk\": \"-\", \"ds_icd_keluar\": \"T51.2 | 2-PROPANOL TOXIC EFFECT\"}', '{\"hb\": \"2\", \"ht\": \"3\", \"gds\": \"4\", \"hcv\": \"Positif\", \"hiv\": \"Negatif\", \"urin\": \"Tidak Ada\", \"darah\": \"Ada\", \"hbsag\": \"Tidak diperiksa\", \"sputum\": \"Tidak Ada\", \"leukosit\": \"6\", \"trombosit\": \"5\"}', '{\"uc\": {\"day\": null}, \"cvl\": {\"day\": \"8\", \"status\": \"Ya\", \"endDate\": \"2018-02-13\", \"startDate\": \"2018-02-06\"}, \"ett\": {\"day\": \"10\", \"status\": \"Ya\", \"endDate\": \"2018-02-14\", \"startDate\": \"2018-02-05\"}, \"pvl\": {\"day\": \"7\", \"status\": \"Ya\", \"endDate\": \"2018-02-14\", \"startDate\": \"2018-02-08\"}, \"wsd\": {\"day\": \"11\", \"status\": \"Ya\", \"endDate\": \"2018-02-16\", \"startDate\": \"2018-02-06\"}, \"pvl1\": {\"day\": null}, \"pvl2\": {\"day\": null}, \"tirah_baring\": {\"day\": \"17\", \"status\": \"Ya\", \"endDate\": \"2018-03-01\", \"startDate\": \"2018-02-13\"}}', '{\"hap\": {\"date\": \"2018-02-20\", \"status\": \"Ya\"}, \"ido\": {\"date\": \"2018-02-20\", \"status\": \"Ya\"}, \"vap\": {\"date\": \"2018-02-14\", \"status\": \"Ya\"}, \"decub\": {\"date\": \"2018-02-28\", \"status\": \"Ya\"}}', '{\"nip\": \"19930207282\", \"name\": \"Rizal Pamungkas, S.T.\", \"note\": \"\", \"id_user\": \"3b267ff3-24f7-4f0b-9339-3150be026649\"}', '2018-02-08 06:24:10', '2018-02-08 06:24:10'),
('290118RI0001', '{\"lp\": \"P\", \"ds_dr\": \"DIAN TAKARINA\", \"no_mr\": \"000322\", \"ds_dep\": \"ANGGREK\", \"no_reg\": \"290118RI0001\", \"tgl_reg\": \"2018-01-29 10:40:41\", \"nama_pas\": \"FINA GARTINA\", \"tgl_lahir\": \"1982-03-07\", \"tgl_pulang\": \"-\", \"profilaksis\": \"Profilaksis\", \"ds_icd_kerja\": \"T39.1 | 4-AMINOPHENOL DERIVATIVES POISONING\", \"ds_icd_masuk\": \"-\", \"ds_icd_keluar\": \"T39.1 | 4-AMINOPHENOL DERIVATIVES POISONING\"}', '{\"hb\": \"7\", \"ht\": \"8\", \"gds\": \"9\", \"hcv\": \"Negatif\", \"hiv\": \"Tidak diperiksa\", \"urin\": \"Ada\", \"darah\": \"Ada\", \"hbsag\": \"Positif\", \"sputum\": \"Tidak Ada\", \"leukosit\": \"2\", \"trombosit\": \"1\"}', '{\"uc\": {\"day\": \"2\", \"status\": \"Ya\", \"endDate\": \"2018-02-21\", \"startDate\": \"2018-02-20\"}, \"cvl\": {\"day\": \"0\", \"status\": \"Ya\", \"endDate\": \"2018-02-20\", \"startDate\": \"2018-02-21\"}, \"ett\": {\"day\": \"2\", \"status\": \"Ya\", \"endDate\": \"2018-02-15\", \"startDate\": \"2018-02-14\"}, \"pvl\": {\"day\": \"3\", \"status\": \"Ya\", \"endDate\": \"2018-02-22\", \"startDate\": \"2018-02-20\"}, \"wsd\": {\"day\": null}, \"pvl1\": {\"day\": null}, \"pvl2\": {\"day\": null}, \"post_operasi\": {\"status\": \"Ya\", \"startDate\": \"2018-02-01\"}, \"tirah_baring\": {\"day\": \"8\", \"status\": \"Ya\", \"endDate\": \"2018-02-08\", \"startDate\": \"2018-02-01\"}}', '{\"ido\": {\"date\": \"2018-02-20\", \"status\": \"Ya\"}, \"isk\": {\"date\": \"2018-02-27\", \"status\": \"Ya\"}, \"vap\": {\"date\": \"2018-02-19\", \"status\": \"Ya\"}, \"decub\": {\"date\": \"2018-02-08\", \"status\": \"Ya\"}, \"phleb\": {\"date\": \"2018-02-14\", \"status\": \"Ya\"}}', '{\"nip\": \"19930207282\", \"name\": \"Rizal Pamungkas, S.T.\", \"note\": \"\", \"id_user\": \"3b267ff3-24f7-4f0b-9339-3150be026649\"}', '2018-02-08 06:28:15', '2018-02-08 06:28:15'),
('290118RI0002', '{\"lp\": \"P\", \"ds_dr\": \"MOHAMAD RIDWAN\", \"no_mr\": \"101738\", \"ds_dep\": \"ANGGREK\", \"no_reg\": \"290118RI0002\", \"tgl_reg\": \"2018-01-29 10:42:14\", \"nama_pas\": \"NURSIAH\", \"tgl_lahir\": \"1984-12-08\", \"tgl_pulang\": \"-\", \"profilaksis\": \"Profilaksis\", \"ds_icd_kerja\": \"A42.1 | ABDOMINAL ACTINOMYCOSIS\", \"ds_icd_masuk\": \"-\", \"ds_icd_keluar\": \"T51.2 | 2-PROPANOL TOXIC EFFECT\"}', '{\"hb\": \"1\", \"ht\": \"2\", \"gds\": \"3\", \"hcv\": \"Negatif\", \"hiv\": \"Tidak diperiksa\", \"urin\": \"Ada\", \"darah\": \"Tidak Ada\", \"hbsag\": \"Positif\", \"sputum\": \"Ada\", \"leukosit\": \"5\", \"trombosit\": \"4\"}', '{\"uc\": {\"day\": \"18\", \"status\": \"Ya\", \"endDate\": \"2018-02-21\", \"startDate\": \"2018-02-04\"}, \"cvl\": {\"day\": null}, \"ett\": {\"day\": null}, \"pvl\": {\"day\": \"13\", \"status\": \"Ya\", \"endDate\": \"2018-02-14\", \"startDate\": \"2018-02-02\"}, \"wsd\": {\"day\": \"23\", \"status\": \"Ya\", \"endDate\": \"2018-02-28\", \"startDate\": \"2018-02-06\"}, \"pvl1\": {\"day\": null}, \"pvl2\": {\"day\": null}, \"post_operasi\": {\"status\": \"Ya\", \"startDate\": \"2018-02-01\"}, \"tirah_baring\": {\"day\": null}}', '{\"hap\": {\"date\": \"2018-02-02\", \"status\": \"Ya\"}, \"iad\": {\"date\": \"2018-02-04\", \"status\": \"Ya\"}, \"ido\": {\"date\": \"2018-02-03\", \"status\": \"Ya\"}, \"vap\": {\"date\": \"2018-02-21\", \"status\": \"Ya\"}, \"decub\": {\"date\": \"2018-02-01\", \"status\": \"Ya\"}}', '{\"nip\": \"19930207282\", \"name\": \"Rizal Pamungkas, S.T.\", \"note\": \"\", \"id_user\": \"3b267ff3-24f7-4f0b-9339-3150be026649\"}', '2018-02-01 01:13:04', '2018-02-07 09:05:19');

-- --------------------------------------------------------

--
-- Table structure for table `instalasis`
--

CREATE TABLE `instalasis` (
  `id_direktorat` int(10) UNSIGNED NOT NULL,
  `id_bagian` int(10) UNSIGNED NOT NULL,
  `id_subagseksi` int(10) UNSIGNED NOT NULL,
  `id` int(10) UNSIGNED NOT NULL,
  `name` varchar(191) COLLATE utf8mb4_unicode_ci NOT NULL,
  `created_at` timestamp NULL DEFAULT NULL,
  `updated_at` timestamp NULL DEFAULT NULL
) ENGINE=InnoDB DEFAULT CHARSET=utf8mb4 COLLATE=utf8mb4_unicode_ci;

--
-- Dumping data for table `instalasis`
--

INSERT INTO `instalasis` (`id_direktorat`, `id_bagian`, `id_subagseksi`, `id`, `name`, `created_at`, `updated_at`) VALUES
(1, 1, 2, 3, 'Instalasi Gizi', NULL, NULL),
(1, 1, 2, 4, 'Instalasi Radiologi', NULL, NULL),
(1, 1, 2, 5, 'Instalasi Laboratorium', NULL, NULL),
(1, 1, 2, 6, 'Instalasi Farmasi', NULL, NULL),
(1, 1, 2, 7, 'Unit CSSD', NULL, NULL),
(1, 1, 2, 8, 'Unit Bank Darah', NULL, NULL),
(1, 1, 2, 9, 'Instalasi Rekam Medik', NULL, NULL),
(1, 1, 3, 10, 'Instalasi DIKLAT', NULL, NULL),
(1, 2, 4, 11, 'Instalasi Rawat Jalan', NULL, NULL),
(1, 2, 4, 12, 'Instalasi Gawat Darurat', NULL, NULL),
(1, 2, 4, 13, 'Instalasi Bedah Sentral', NULL, NULL),
(1, 2, 4, 14, 'Unit Fisioterapi', NULL, NULL),
(1, 2, 4, 15, 'Ruangan OK', NULL, NULL),
(1, 2, 4, 16, 'Ruangan IGD', NULL, NULL),
(1, 2, 4, 17, 'Ruangan Poliklinik', NULL, NULL),
(1, 2, 5, 18, 'Instalasi Rawat Inap', NULL, NULL),
(1, 2, 5, 19, 'Instalasi Care Unit', NULL, NULL),
(1, 2, 5, 20, 'Ruangan Anggrek', NULL, NULL),
(1, 2, 5, 21, 'Ruangan Melati', NULL, NULL),
(1, 2, 5, 22, 'Ruangan Mawar', NULL, NULL),
(1, 2, 5, 23, 'Ruangan Kacapiring', NULL, NULL),
(1, 2, 5, 24, 'Ruangan Teratai', NULL, NULL),
(1, 2, 5, 25, 'Ruangan ICU', NULL, NULL),
(1, 2, 5, 26, 'Ruangan Tanjung', NULL, NULL),
(1, 2, 5, 27, 'Ruangan Perinatologi', NULL, NULL),
(2, 4, 9, 28, 'Instalasi PID', NULL, NULL),
(2, 4, 10, 29, 'Instalasi IPSRS', NULL, NULL),
(2, 3, 8, 30, 'Unit Pengelolaan Piutang', NULL, NULL),
(2, 3, 8, 31, 'Instalasi Administrasi Pasien', NULL, NULL);

-- --------------------------------------------------------

--
-- Table structure for table `master`
--

CREATE TABLE `master` (
  `id` int(11) NOT NULL,
  `name` varchar(100) NOT NULL,
  `description` text NOT NULL,
  `created_at` timestamp NULL DEFAULT NULL,
  `updated_at` timestamp NULL DEFAULT NULL
) ENGINE=InnoDB DEFAULT CHARSET=latin1;

--
-- Dumping data for table `master`
--

INSERT INTO `master` (`id`, `name`, `description`, `created_at`, `updated_at`) VALUES
(1, 'Rizal Pamungkas', 'Rizal Dexsscf', '2018-01-02 04:05:59', '2018-01-02 04:36:05');

-- --------------------------------------------------------

--
-- Table structure for table `migrations`
--

CREATE TABLE `migrations` (
  `id` int(10) UNSIGNED NOT NULL,
  `migration` varchar(191) COLLATE utf8mb4_unicode_ci NOT NULL,
  `batch` int(11) NOT NULL
) ENGINE=InnoDB DEFAULT CHARSET=utf8mb4 COLLATE=utf8mb4_unicode_ci;

--
-- Dumping data for table `migrations`
--

INSERT INTO `migrations` (`id`, `migration`, `batch`) VALUES
(1, '2014_10_12_000000_create_users_table', 1),
(2, '2014_10_12_100000_create_password_resets_table', 1),
(3, '2017_04_30_012311_create_posts_table', 1),
(4, '2017_04_30_014352_create_permission_tables', 1),
(5, '2017_11_15_065235_create_comments_table', 1),
(6, '2017_11_20_084233_create_cutis_table', 1),
(7, '2017_11_21_041537_create_global_params_table', 1),
(8, '2017_11_21_075048_create_bagians_table', 1),
(9, '2017_11_21_083823_create_subagseksis_table', 1),
(10, '2017_11_21_084306_create_instalasis_table', 1);

-- --------------------------------------------------------

--
-- Table structure for table `model_has_permissions`
--

CREATE TABLE `model_has_permissions` (
  `permission_id` int(10) UNSIGNED NOT NULL,
  `model_id` varchar(37) COLLATE utf8mb4_unicode_ci NOT NULL,
  `model_type` varchar(191) COLLATE utf8mb4_unicode_ci NOT NULL
) ENGINE=InnoDB DEFAULT CHARSET=utf8mb4 COLLATE=utf8mb4_unicode_ci;

-- --------------------------------------------------------

--
-- Table structure for table `model_has_roles`
--

CREATE TABLE `model_has_roles` (
  `role_id` int(10) UNSIGNED NOT NULL,
  `model_id` varchar(37) COLLATE utf8mb4_unicode_ci NOT NULL,
  `model_type` varchar(191) COLLATE utf8mb4_unicode_ci NOT NULL
) ENGINE=InnoDB DEFAULT CHARSET=utf8mb4 COLLATE=utf8mb4_unicode_ci;

--
-- Dumping data for table `model_has_roles`
--

INSERT INTO `model_has_roles` (`role_id`, `model_id`, `model_type`) VALUES
(2, '0054a402-871f-46e1-bef1-87236067a686', 'App\\User'),
(2, '02553374-f238-44ec-84b6-7b9e3d3bcb91', 'App\\User'),
(2, '051a48ca-7e23-48ed-aff9-61fe5b44c4e9', 'App\\User'),
(2, '0582a11b-e41c-4622-aa27-dae1af99472c', 'App\\User'),
(2, '05cb7633-5659-4fef-a72e-28e4a0ce11e0', 'App\\User'),
(2, '08bbd32b-9dad-440c-910b-3c06cd2db789', 'App\\User'),
(2, '0af4be21-d979-442f-a879-14aebc394d34', 'App\\User'),
(2, '0ca78047-f459-445e-8231-32a734d6f228', 'App\\User'),
(2, '0cb46cab-ca11-4022-ab55-5da9eaa415b6', 'App\\User'),
(2, '0d21ce2b-e6db-45e8-ab87-48c5fdd2a9c4', 'App\\User'),
(2, '0d3fafd9-f78e-4365-a6f9-034404b02e6e', 'App\\User'),
(2, '108541a5-168d-4a34-8be3-7fb7f720269c', 'App\\User'),
(2, '10ac5fab-55ec-4f1c-871d-659b14ad8b36', 'App\\User'),
(2, '12dcb599-0973-4cbc-b6ff-292e8ba23469', 'App\\User'),
(2, '15b7fd29-4fe6-4f02-b2d1-c56fd9447a76', 'App\\User'),
(2, '168edb40-06a5-4f15-a772-040a98c8b095', 'App\\User'),
(2, '1c2fd482-5bdc-4ee2-b725-667693ca0cea', 'App\\User'),
(2, '1f2451ba-e565-41c5-aedf-7faacd15a58c', 'App\\User'),
(2, '204450da-d5a0-4baf-b663-24fb527d5897', 'App\\User'),
(2, '20844838-0e72-465e-b25c-97babc121cb1', 'App\\User'),
(2, '247691ef-0c76-4bbe-989f-2dae14b51e8d', 'App\\User'),
(2, '25cc1d64-ad90-4bc2-b512-b94afc245889', 'App\\User'),
(2, '2674027a-a947-4689-8b77-3a5df0f791f9', 'App\\User'),
(2, '2698fa87-d81a-4a92-919a-89a26aa5d933', 'App\\User'),
(2, '28749226-9152-4add-8357-d671ecabb50d', 'App\\User'),
(2, '3141d1f8-8fd5-4c48-94a4-6fa732f8dabe', 'App\\User'),
(2, '31f260e9-031f-4c71-8b67-5b275c3ee684', 'App\\User'),
(2, '33d62994-3783-4b86-bc9a-0777bfc02f5c', 'App\\User'),
(2, '34f85d0a-4ad5-4670-ac40-7b9309c8f53e', 'App\\User'),
(2, '36e00f22-0170-4b6c-bba4-1bd9009c1e92', 'App\\User'),
(2, '37294875-18ab-45bf-8d04-afccae9f36d9', 'App\\User'),
(2, '381a7b89-7aff-49f9-b495-7c33215b1d15', 'App\\User'),
(2, '393b05ac-c19c-4b71-9bc5-afa31decef09', 'App\\User'),
(1, '3b267ff3-24f7-4f0b-9339-3150be026649', 'App\\User'),
(2, '3cf47d1a-684a-4346-baf1-1f0f34d84bde', 'App\\User'),
(2, '3d192c01-5b5a-48c8-b65a-a97947b310fe', 'App\\User'),
(2, '3e25cb1a-4076-468a-8b74-b1860f0bf765', 'App\\User'),
(2, '3f920fe0-7674-42cb-bd4f-e937260f8797', 'App\\User'),
(2, '4364af7c-d0ae-4f8c-93d5-51aab0f2c3df', 'App\\User'),
(2, '48d568fe-f8f2-4371-9840-9d5644131603', 'App\\User'),
(2, '4ba84aab-b5f4-4031-a6a1-91520651877b', 'App\\User'),
(2, '503d7424-d1f6-4ad1-acc5-d6946f05f235', 'App\\User'),
(2, '507385a6-dbf7-41ff-bcd0-4715740c0132', 'App\\User'),
(2, '509f0c1d-1185-490a-8624-cafb83b65ea3', 'App\\User'),
(2, '50d1aa55-0aeb-492b-9a99-9928fd5fc2ed', 'App\\User'),
(2, '50dd935b-d1e0-4548-9e67-d06eb2417696', 'App\\User'),
(2, '50f1e5ac-4d37-4aef-b387-d8101354ff67', 'App\\User'),
(2, '519f5579-d3ae-4ae3-9f90-7543b601d496', 'App\\User'),
(2, '51a274d7-dfda-4b6e-b30f-4737a76eef1d', 'App\\User'),
(2, '5406bbe5-25eb-475a-9b1b-515b9a1c9252', 'App\\User'),
(2, '54c33775-9768-4214-9a25-7e54754c8f0e', 'App\\User'),
(2, '5733399b-1efc-4aa3-97e7-a9bfdf47ce7a', 'App\\User'),
(2, '584636bb-8092-4cd7-b3c5-a9e6d4727b62', 'App\\User'),
(2, '586ec65e-a75e-43fb-bcb9-0eddb9276703', 'App\\User'),
(2, '5b28b8b0-2fa6-41ae-be52-fb7268a08fd2', 'App\\User'),
(2, '60999d7a-0326-41f6-aafa-ac6c23fca726', 'App\\User'),
(2, '66d72261-9d2d-440b-ad8e-09b7ba31e423', 'App\\User'),
(2, '689286ca-cf60-4a78-b465-27e7c656b2ba', 'App\\User'),
(2, '68f388a6-3caf-40e2-a8b0-bf9fc3919ed0', 'App\\User'),
(2, '698eea30-4979-4106-a974-c520e5db963a', 'App\\User'),
(2, '6d24d856-3c12-479f-9e1a-abac87ce5886', 'App\\User'),
(2, '6db46c69-f368-4116-8b97-1eccc6bf0821', 'App\\User'),
(2, '6fbf22a0-fb0d-4ae8-b876-7d95b7b740ad', 'App\\User'),
(2, '731132ea-1956-4ecf-9de8-cf9fbaf6c022', 'App\\User'),
(2, '7435c075-27e1-4324-bf6b-65cf91bd210b', 'App\\User'),
(2, '77707867-f297-4a0f-8354-668fc79e803d', 'App\\User'),
(2, '77d460bb-39b0-47c7-862b-8d985597e7e5', 'App\\User'),
(2, '77e99ca1-82aa-42f1-bc60-e55879362a45', 'App\\User'),
(2, '7ae3ab1c-f901-42ee-aab0-fdc29a6e900a', 'App\\User'),
(2, '7f02a405-6f31-448b-b4b3-62bfc4866ca8', 'App\\User'),
(2, '7f6c03b1-76d1-4dba-807b-e8ac27f9f707', 'App\\User'),
(2, '7fe39486-5c54-494b-b5e1-f5154164bfca', 'App\\User'),
(2, '820d29c7-7a5f-4ee4-ae3c-8638c3b83e97', 'App\\User'),
(2, '82d920f4-1bdb-4c50-bf0a-6fb1964d4799', 'App\\User'),
(2, '83c47a8f-2fd8-48bb-962b-420463ba8a6e', 'App\\User'),
(2, '83f67dd4-d9ae-427d-8210-e0c314c58665', 'App\\User'),
(2, '84e4c255-41e0-4f48-b785-e461e1328175', 'App\\User'),
(2, '87d7ea26-84a1-4813-9592-70cbcaea8424', 'App\\User'),
(2, '8953556a-e382-44a8-a947-ab24cd7ff2c2', 'App\\User'),
(2, '8d14ad8f-f0ee-4c19-ba66-e29b977b722b', 'App\\User'),
(2, '8f13e377-1794-455a-a6f1-02d006276537', 'App\\User'),
(2, '8f2ea14a-0f59-4aa2-befd-ffe23d9a0c59', 'App\\User'),
(2, '900b321b-8159-4f8f-834c-56705f5fab06', 'App\\User'),
(2, '926c591b-e055-4e8d-a664-0e8fba3ad2bd', 'App\\User'),
(2, '92a274c9-f689-4c6d-b511-a37af11aaab8', 'App\\User'),
(2, '92af51ee-3d27-4842-83ce-bb59a465a696', 'App\\User'),
(2, '96f51909-af98-4315-a698-c54cf5d08593', 'App\\User'),
(2, '97bf46b4-8eb9-497a-8020-572b78a8a00a', 'App\\User'),
(2, '98d031c5-d1de-4c74-a959-d51a16cb4274', 'App\\User'),
(2, '9b9ddb4f-241c-412a-8b2e-11c5622b45c1', 'App\\User'),
(2, '9d4e9626-5a3c-4b01-81f0-1b4649357169', 'App\\User'),
(2, '9e0eb62a-06dc-4395-b063-888f77fab6e2', 'App\\User'),
(2, '9e7e5632-6e27-4b44-9e29-17735047f9d4', 'App\\User'),
(2, 'a22e8478-966a-4263-972c-520b94af473e', 'App\\User'),
(2, 'a3d7e77e-a74a-4b57-9f38-1518b55b462a', 'App\\User'),
(2, 'a4634fa9-e2cd-486f-8dd2-a5ef030b58fa', 'App\\User'),
(2, 'a5ab492f-fc94-4fb9-8a88-a20ef6c93a03', 'App\\User'),
(2, 'a5ac3570-f258-4c86-ab0e-1cbb714b1b3c', 'App\\User'),
(2, 'a5ae4d5b-eafc-4369-bab6-33f872c97f9e', 'App\\User'),
(2, 'a5db03e0-092e-4b00-bd25-fc4ea9a15306', 'App\\User'),
(2, 'a6365dc6-6eed-4556-aee7-df92fb6e1a74', 'App\\User'),
(2, 'a67a2dce-30d2-4e28-9bfd-1acd8810041d', 'App\\User'),
(2, 'a7bfb2e0-dd58-41b2-beb8-75722be6562e', 'App\\User'),
(2, 'a857edf8-8f4e-4a89-a492-5b1cc8000d9c', 'App\\User'),
(2, 'a85f2584-516d-43ba-b6a9-aaca8fcb8565', 'App\\User'),
(2, 'a8d009a9-d861-424f-8861-7b0d2820ba5d', 'App\\User'),
(2, 'b580c0ed-a828-499f-89cd-8aff706ab2b9', 'App\\User'),
(2, 'b612fd2a-b2b4-460d-b7ec-ca4810feae1d', 'App\\User'),
(2, 'b6dd5018-026f-4803-b478-6b4a6580420f', 'App\\User'),
(2, 'b849010f-66ca-4dc4-9c8e-e03c12783a0e', 'App\\User'),
(2, 'b8663b87-7438-4483-8cc7-0e72e4561aaf', 'App\\User'),
(2, 'b9647fd0-1a2a-4025-92ed-8288adf6eb11', 'App\\User'),
(2, 'b9ec6442-d649-43ee-bb2d-5897ad56bc27', 'App\\User'),
(2, 'ba0e036f-02aa-4b5e-bcf1-fd4bcc6cee7e', 'App\\User'),
(2, 'ba287e4f-51aa-4443-99eb-51ecd6b7dbf1', 'App\\User'),
(2, 'bb36c882-24d6-400e-8ba5-fd638e3427f8', 'App\\User'),
(2, 'be17f214-c637-4266-8e78-5c11a1b4925b', 'App\\User'),
(2, 'bed6e4f2-7d6d-4cd1-9da2-6d36bcd29a4e', 'App\\User'),
(2, 'bf9ecf96-117c-4cc0-9d43-85c949af743c', 'App\\User'),
(2, 'c15c986a-af90-4bcf-8c3f-827b72c055cf', 'App\\User'),
(2, 'c6ce922c-4f70-4392-abd0-aa9c6b768f9e', 'App\\User'),
(2, 'c802cb28-3752-4e2d-9cae-3a67ba207bcd', 'App\\User'),
(2, 'cd5cc851-ffc9-4617-9912-9f843706075e', 'App\\User'),
(2, 'cdb9cf32-5f16-4b80-b9b1-800ddc77e66b', 'App\\User'),
(2, 'd3cd2f74-7237-4894-9f62-10980695752a', 'App\\User'),
(2, 'd5fe9e31-9233-4efe-a2a5-df15e42f86f7', 'App\\User'),
(2, 'd7870e96-051a-4e52-bb53-deeb17d3a56c', 'App\\User'),
(2, 'd9490599-07d4-4171-872f-309844d75287', 'App\\User'),
(2, 'd9fbe5ef-519a-42ad-84ea-8ad75a06c061', 'App\\User'),
(2, 'dbcbb811-da71-4ef0-a840-f22e03db6109', 'App\\User'),
(2, 'dd119919-6e6d-4e66-b5e3-cc84a3761817', 'App\\User'),
(2, 'dda1f3b6-8fe2-4e0a-8c9e-0e01980699a9', 'App\\User'),
(2, 'dfa48b7b-949f-4158-8a33-2b90e0fe6a85', 'App\\User'),
(2, 'dfbb8be6-6f78-4524-ba6b-e3a12dd24119', 'App\\User'),
(2, 'e086cbaa-4e54-4a83-b885-a4d916c13989', 'App\\User'),
(2, 'e332cd4a-2701-41a7-a979-7455c8a73a71', 'App\\User'),
(2, 'e3c0bd1f-8248-433d-8be6-8e16a6a563e9', 'App\\User'),
(2, 'e3d48eec-9d3b-41c6-a353-8c27664c767b', 'App\\User'),
(2, 'e748495b-4217-44f2-833d-82779657e473', 'App\\User'),
(2, 'eac4d4f8-de19-4148-9f07-cd4e3bf6c66c', 'App\\User'),
(2, 'ee31f23b-cfb9-4ce7-9d83-a1961e50b814', 'App\\User'),
(2, 'f0a541dc-388a-45b6-b8fb-83a1f526cea8', 'App\\User'),
(2, 'f0b81489-4251-46b7-a32b-7e6c3fc1d48d', 'App\\User'),
(2, 'f18726b9-c9e1-4179-9fae-3644ecf67f0a', 'App\\User'),
(2, 'f1b21e85-6d28-481f-9027-61e2e84b7cf5', 'App\\User'),
(2, 'f325163d-0b6b-44ad-8507-4885c49b9fdd', 'App\\User'),
(2, 'f484ea0b-1827-4151-97d1-2ae8dbdeeda5', 'App\\User'),
(2, 'f8225ac3-5309-40c0-a603-9bfa83120f46', 'App\\User'),
(2, 'f82bfe15-3bc7-43f7-8d03-c9335f1a62aa', 'App\\User'),
(2, 'fb10c217-8da4-4b10-9095-7a619a624bb5', 'App\\User'),
(2, 'fc99e84d-785b-4259-85c4-7fd164c9e790', 'App\\User'),
(2, 'fdab2ce3-3dd2-4697-8d02-642fc39d4ab4', 'App\\User'),
(2, 'fdb61b49-7bd2-4cb7-bd64-1d51c959db2b', 'App\\User'),
(2, 'ffdde156-d942-465e-b328-296af9b4b2ff', 'App\\User');

-- --------------------------------------------------------

--
-- Table structure for table `password_resets`
--

CREATE TABLE `password_resets` (
  `nip` int(11) NOT NULL,
  `token` varchar(191) COLLATE utf8mb4_unicode_ci NOT NULL,
  `created_at` timestamp NULL DEFAULT NULL
) ENGINE=InnoDB DEFAULT CHARSET=utf8mb4 COLLATE=utf8mb4_unicode_ci;

-- --------------------------------------------------------

--
-- Table structure for table `permissions`
--

CREATE TABLE `permissions` (
  `id` int(10) UNSIGNED NOT NULL,
  `name` varchar(191) COLLATE utf8mb4_unicode_ci NOT NULL,
  `guard_name` varchar(191) COLLATE utf8mb4_unicode_ci NOT NULL,
  `created_at` timestamp NULL DEFAULT NULL,
  `updated_at` timestamp NULL DEFAULT NULL
) ENGINE=InnoDB DEFAULT CHARSET=utf8mb4 COLLATE=utf8mb4_unicode_ci;

--
-- Dumping data for table `permissions`
--

INSERT INTO `permissions` (`id`, `name`, `guard_name`, `created_at`, `updated_at`) VALUES
(1, 'view_users', 'web', '2017-11-21 02:15:52', '2017-11-21 02:15:52'),
(2, 'add_users', 'web', '2017-11-21 02:15:52', '2017-11-21 02:15:52'),
(3, 'edit_users', 'web', '2017-11-21 02:15:52', '2017-11-21 02:15:52'),
(4, 'delete_users', 'web', '2017-11-21 02:15:53', '2017-11-21 02:15:53'),
(5, 'view_roles', 'web', '2017-11-21 02:15:53', '2017-11-21 02:15:53'),
(6, 'add_roles', 'web', '2017-11-21 02:15:53', '2017-11-21 02:15:53'),
(7, 'edit_roles', 'web', '2017-11-21 02:15:53', '2017-11-21 02:15:53'),
(8, 'delete_roles', 'web', '2017-11-21 02:15:53', '2017-11-21 02:15:53'),
(9, 'view_posts', 'web', '2017-11-21 02:15:53', '2017-11-21 02:15:53'),
(10, 'add_posts', 'web', '2017-11-21 02:15:53', '2017-11-21 02:15:53'),
(11, 'edit_posts', 'web', '2017-11-21 02:15:53', '2017-11-21 02:15:53'),
(12, 'delete_posts', 'web', '2017-11-21 02:15:53', '2017-11-21 02:15:53'),
(17, 'view_cutis', 'web', '2017-11-23 02:42:44', '2017-11-23 02:42:44'),
(18, 'add_cutis', 'web', '2017-11-23 02:42:44', '2017-11-23 02:42:44'),
(19, 'edit_cutis', 'web', '2017-11-23 02:42:44', '2017-11-23 02:42:44'),
(20, 'delete_cutis', 'web', '2017-11-23 02:42:44', '2017-11-23 02:42:44'),
(21, 'view_eprescribings', 'web', '2018-01-02 04:45:48', '2018-01-02 04:45:48'),
(22, 'add_eprescribings', 'web', '2018-01-02 04:45:48', '2018-01-02 04:45:48'),
(23, 'edit_eprescribings', 'web', '2018-01-02 04:45:48', '2018-01-02 04:45:48'),
(24, 'delete_eprescribings', 'web', '2018-01-02 04:45:48', '2018-01-02 04:45:48');

-- --------------------------------------------------------

--
-- Table structure for table `posts`
--

CREATE TABLE `posts` (
  `id` int(10) UNSIGNED NOT NULL,
  `title` varchar(191) COLLATE utf8mb4_unicode_ci NOT NULL,
  `body` text COLLATE utf8mb4_unicode_ci NOT NULL,
  `user_id` varchar(37) COLLATE utf8mb4_unicode_ci NOT NULL,
  `created_at` timestamp NULL DEFAULT NULL,
  `updated_at` timestamp NULL DEFAULT NULL
) ENGINE=InnoDB DEFAULT CHARSET=utf8mb4 COLLATE=utf8mb4_unicode_ci;

-- --------------------------------------------------------

--
-- Table structure for table `roles`
--

CREATE TABLE `roles` (
  `id` int(10) UNSIGNED NOT NULL,
  `name` varchar(191) COLLATE utf8mb4_unicode_ci NOT NULL,
  `guard_name` varchar(191) COLLATE utf8mb4_unicode_ci NOT NULL,
  `created_at` timestamp NULL DEFAULT NULL,
  `updated_at` timestamp NULL DEFAULT NULL
) ENGINE=InnoDB DEFAULT CHARSET=utf8mb4 COLLATE=utf8mb4_unicode_ci;

--
-- Dumping data for table `roles`
--

INSERT INTO `roles` (`id`, `name`, `guard_name`, `created_at`, `updated_at`) VALUES
(1, 'Admin', 'web', '2017-11-21 02:15:57', '2017-11-21 02:15:57'),
(2, 'User', 'web', '2017-11-21 02:19:25', '2017-11-21 02:19:25'),
(3, 'Dokter', 'web', '2018-01-02 04:57:48', '2018-01-02 04:57:48');

-- --------------------------------------------------------

--
-- Table structure for table `role_has_permissions`
--

CREATE TABLE `role_has_permissions` (
  `permission_id` int(10) UNSIGNED NOT NULL,
  `role_id` int(10) UNSIGNED NOT NULL
) ENGINE=InnoDB DEFAULT CHARSET=utf8mb4 COLLATE=utf8mb4_unicode_ci;

--
-- Dumping data for table `role_has_permissions`
--

INSERT INTO `role_has_permissions` (`permission_id`, `role_id`) VALUES
(1, 1),
(2, 1),
(3, 1),
(4, 1),
(5, 1),
(6, 1),
(7, 1),
(8, 1),
(9, 1),
(10, 1),
(11, 1),
(12, 1),
(17, 1),
(18, 1),
(19, 1),
(20, 1),
(21, 1),
(22, 1),
(23, 1),
(24, 1),
(17, 2),
(18, 2),
(19, 2),
(20, 2),
(17, 3),
(18, 3),
(19, 3),
(20, 3),
(21, 3),
(22, 3),
(23, 3),
(24, 3);

-- --------------------------------------------------------

--
-- Table structure for table `subagseksis`
--

CREATE TABLE `subagseksis` (
  `id_direktorat` int(10) UNSIGNED NOT NULL,
  `id_bagian` int(10) UNSIGNED NOT NULL,
  `id` int(10) UNSIGNED NOT NULL,
  `name` varchar(191) COLLATE utf8mb4_unicode_ci NOT NULL,
  `created_at` timestamp NULL DEFAULT NULL,
  `updated_at` timestamp NULL DEFAULT NULL
) ENGINE=InnoDB DEFAULT CHARSET=utf8mb4 COLLATE=utf8mb4_unicode_ci;

--
-- Dumping data for table `subagseksis`
--

INSERT INTO `subagseksis` (`id_direktorat`, `id_bagian`, `id`, `name`, `created_at`, `updated_at`) VALUES
(1, 1, 1, 'Seksi Pelayanan Medik', NULL, NULL),
(1, 1, 2, 'Seksi Pelayanan Penunjang Medik', NULL, NULL),
(1, 1, 3, 'Seksi Pendidikan Dan Penelitian', NULL, NULL),
(1, 2, 4, 'Seksi Pelayanan Keperawatan Rawat Jalan', NULL, NULL),
(1, 2, 5, 'Seksi Pelayanan Keperawatan Rawat Inap', NULL, NULL),
(2, 3, 6, 'Sub Bagian Program Dan Anggaran', NULL, NULL),
(2, 3, 7, 'Sub Bagian Perbendaharaan Dan Akutansi', NULL, NULL),
(2, 3, 8, 'Sub Bagian Mobilisasi Dana', NULL, NULL),
(2, 4, 9, 'Sub Bagian Tata Usaha Dan Kepegawaian', NULL, NULL),
(2, 4, 10, 'Sub Bagian Rumah Tangga Dan Perlengkapan', NULL, NULL);

-- --------------------------------------------------------

--
-- Table structure for table `users`
--

CREATE TABLE `users` (
  `id` varchar(37) COLLATE utf8mb4_unicode_ci NOT NULL,
  `name` varchar(191) COLLATE utf8mb4_unicode_ci NOT NULL,
  `nip` varchar(20) COLLATE utf8mb4_unicode_ci NOT NULL,
  `password` varchar(191) COLLATE utf8mb4_unicode_ci NOT NULL,
  `remember_token` varchar(100) COLLATE utf8mb4_unicode_ci DEFAULT NULL,
  `id_direktorat` int(10) UNSIGNED DEFAULT NULL,
  `id_bagian` int(10) UNSIGNED DEFAULT NULL,
  `id_subagseksi` int(10) UNSIGNED DEFAULT NULL,
  `id_instalasi` int(10) UNSIGNED DEFAULT NULL,
  `id_kastaff` int(10) UNSIGNED DEFAULT NULL,
  `active` tinyint(1) NOT NULL DEFAULT '0',
  `json_user` json DEFAULT NULL,
  `json_data` json DEFAULT NULL,
  `created_at` timestamp NULL DEFAULT NULL,
  `updated_at` timestamp NULL DEFAULT NULL
) ENGINE=InnoDB DEFAULT CHARSET=utf8mb4 COLLATE=utf8mb4_unicode_ci;

--
-- Dumping data for table `users`
--

INSERT INTO `users` (`id`, `name`, `nip`, `password`, `remember_token`, `id_direktorat`, `id_bagian`, `id_subagseksi`, `id_instalasi`, `id_kastaff`, `active`, `json_user`, `json_data`, `created_at`, `updated_at`) VALUES
('0012a6ba-f092-4368-8a42-be4cdaf7de2f', 'Siti Aisah, A.Md.Far', '19890602252', '', NULL, NULL, NULL, NULL, NULL, NULL, 0, '{\"t2017\": 0, \"t2018\": \"12\", \"total\": \"12\"}', '{\"jabatan\": \"Asisten Apoteker\", \"pangkat\": \"\", \"golongan\": \" \", \"tmt_cpns\": \"\", \"direktorat\": \"Dirmed Perawatan\", \"pendidikan\": \"D-III Farmasi\", \"tmt_golongan\": \"1 Januari 2013\", \"jenis_ketenagaan\": \"Penunjang\"}', '2018-01-16 02:14:34', '2018-02-06 02:46:50'),
('0054a402-871f-46e1-bef1-87236067a686', 'Dr. Agust Sukendra', '196908282005011007', '$2y$10$OBtBjHIyXA1B5iFNQxbhfeVW6AKuaTqrBs2BwnN2VLM3xNxDFwE.W', 'rEWJOzlkjJss3talHoYJp0NDlP4SDMOakJAtU6LAmPlzujT6N6BoJKNj8VVz', 1, 1, NULL, NULL, 2, 1, '{\"t2017\": \"6\", \"t2018\": \"12\", \"total\": \"18\"}', '{\"kd_dr\": \"057\", \"jabatan\": \"Dokter Madya\", \"pangkat\": \"Pembina Tk.I\", \"golongan\": \"IV b\", \"tmt_cpns\": \"01-01-2005\", \"direktorat\": \"Dirmed Perawatan\", \"pendidikan\": \"Dokter Umum\", \"tmt_golongan\": \"1 Oktober 2016\", \"jenis_ketenagaan\": \"Medis\"}', '2018-01-16 02:12:58', '2018-02-06 02:46:46'),
('014fef88-14ec-425f-a40d-f3cac8b220b7', 'Rizal Riswanda', '199201092018011001', '', NULL, NULL, NULL, NULL, NULL, NULL, 0, '{\"t2017\": 0, \"t2018\": 12, \"total\": 12}', '{\"jabatan\": \"Perawat Terampil\", \"pangkat\": \"Pengatur\", \"golongan\": \"II c\", \"tmt_cpns\": \"01-01-2018\", \"direktorat\": \"Dirmed Perawatan\", \"pendidikan\": \"D-III Keperawatan\", \"tmt_golongan\": \"1 Januari 2018\", \"jenis_ketenagaan\": \"Perawat\"}', '2018-02-06 03:29:42', '2018-02-06 03:29:42'),
('01a91166-f0f7-47a1-9bf3-6b8b13d2d9b4', 'Endang Kuswardi', '197702242009121001', '', NULL, NULL, NULL, NULL, NULL, NULL, 0, '{\"t2017\": \"11\", \"t2018\": \"12\", \"total\": \"18\"}', '{\"jabatan\": \"Pengadministrasi Umum\", \"pangkat\": \"Pengatur Muda Tk.I\", \"golongan\": \"II b\", \"tmt_cpns\": \"01-12-2009\", \"direktorat\": \"Dir. Adum\", \"pendidikan\": \"SMA\", \"tmt_golongan\": \"1 April 2014\", \"jenis_ketenagaan\": \"Umum\"}', '2018-01-16 02:13:08', '2018-02-06 02:46:48'),
('01ce68a5-d086-45e2-a488-d22abda32e7c', 'R. Mukti Widaranto S.', '19871104247', '', NULL, NULL, NULL, NULL, NULL, NULL, 0, '{\"t2017\": 0, \"t2018\": \"12\", \"total\": \"12\"}', '{\"jabatan\": \"Pengadministrasi Keuangan\", \"pangkat\": \"\", \"golongan\": \" \", \"tmt_cpns\": \"\", \"direktorat\": \"Dir. Adum\", \"pendidikan\": \"SLTA / IPS\", \"tmt_golongan\": \"1 Desember 2011\", \"jenis_ketenagaan\": \"Umum\"}', '2018-01-16 02:14:39', '2018-02-06 02:46:50'),
('01dd4759-8d73-4789-a374-934108ce0e39', 'Ari Prihatiningsih', '198302052014022001', '', NULL, NULL, NULL, NULL, NULL, NULL, 0, '{\"t2017\": 0, \"t2018\": \"12\", \"total\": \"12\"}', '{\"jabatan\": \"Pengadministrasi Keuangan\", \"pangkat\": \"Penata Muda\", \"golongan\": \"III a\", \"tmt_cpns\": \"01-02- 2014\", \"direktorat\": \"Dir. Adum\", \"pendidikan\": \"S 1 Ekonomi Manajemen\", \"tmt_golongan\": \"1 Pebruari 2014\", \"jenis_ketenagaan\": \"Umum\"}', '2018-01-16 02:12:49', '2018-02-06 02:46:46'),
('02553374-f238-44ec-84b6-7b9e3d3bcb91', 'Jaja Sudrajat', '197901282008011007', '$2y$10$WkECjYy8.9g8GdswDc55I.zqNjC1JIZWKOH/308a8DJfVEeBf1gIO', 'NvKWNaPdwVMWWvLH3SOGPxkTlYRZOzUPw8zPjqhOqsxu9DVKLOoiPFQ8pCFL', 2, 4, 10, 29, 2, 1, '{\"t2017\": \"11\", \"t2018\": \"12\", \"total\": \"18\"}', '{\"jabatan\": \"Teknisi Elektro Medis Pelaksana Lanjutan\", \"pangkat\": \"Penata Muda\", \"golongan\": \"III a\", \"tmt_cpns\": \"01-01-2008\", \"direktorat\": \"Dir. Adum\", \"pendidikan\": \"D-III Elektro Medik\", \"tmt_golongan\": \"1 April 2015\", \"jenis_ketenagaan\": \"Penunjang\"}', '2018-01-16 02:13:20', '2018-02-06 02:46:42'),
('034749c2-8b52-4145-b08c-1482e43b14cc', 'Hari Hermawan, AMK', '198102062012121001', '', NULL, NULL, NULL, NULL, NULL, NULL, 0, '{\"t2017\": \"3\", \"t2018\": \"12\", \"total\": \"15\"}', '{\"jabatan\": \"Perawat Pelaksana\", \"pangkat\": \"Pengatur Tk.I\", \"golongan\": \"II d\", \"tmt_cpns\": \"01-12-2012\", \"direktorat\": \"Dirmed Perawatan\", \"pendidikan\": \"D-III Keperawatan\", \"tmt_golongan\": \"1 April 2016\", \"jenis_ketenagaan\": \"Perawat\"}', '2018-01-16 02:13:13', '2018-02-06 02:46:45'),
('039974e2-0b5f-46c6-bad6-a86e1ff120ed', 'Dicky Januar Prayoga', '19870103047', '', NULL, NULL, NULL, NULL, NULL, NULL, 0, '{\"t2017\": 0, \"t2018\": \"12\", \"total\": \"12\"}', '{\"jabatan\": \"Pengemudi\", \"pangkat\": \"\", \"golongan\": \" \", \"tmt_cpns\": \"\", \"direktorat\": \"Dir. Adum\", \"pendidikan\": \"SMK\", \"tmt_golongan\": \"5 Oktober 2009\", \"jenis_ketenagaan\": \"Umum\"}', '2018-01-16 02:14:46', '2018-02-06 02:46:51'),
('04407472-75a5-4961-84ef-044f1b5b7430', 'Soyina, AMK', '19921114272', '', NULL, NULL, NULL, NULL, NULL, NULL, 0, '{\"t2017\": 0, \"t2018\": \"12\", \"total\": \"12\"}', '{\"jabatan\": \"Perawat Pelaksana\", \"pangkat\": \"\", \"golongan\": \" \", \"tmt_cpns\": \"\", \"direktorat\": \"Dirmed Perawatan\", \"pendidikan\": \"D-III Keperawatan\", \"tmt_golongan\": \"1 Nopember 2015\", \"jenis_ketenagaan\": \"Perawat\"}', '2018-01-16 02:14:51', '2018-02-06 02:46:51'),
('051a48ca-7e23-48ed-aff9-61fe5b44c4e9', 'Winda Nuraeni', '198102072010122001', '$2y$10$MWqrmZl/6cXz8p9dw.N8Q.6C4D5fwFv.u2kNDS.CG9fNh2czGnsQu', 'be4RmcgDL423PsBwc19t1Jj8EifB34lWhWHcD2ktXhTn87jQE8zAW18mxHay', 1, 2, 5, 20, 2, 1, '{\"t2017\": \"11\", \"t2018\": \"12\", \"total\": \"18\"}', '{\"jabatan\": \"Perawat Maher\", \"pangkat\": \"Penata Muda, III/a\", \"golongan\": \"III a\", \"tmt_cpns\": \"01-12-2010\", \"direktorat\": \"Dirmed Perawatan\", \"pendidikan\": \"D-III Keperawatan\", \"tmt_golongan\": \"1 Oktober 2017\", \"jenis_ketenagaan\": \"Perawat\"}', '2018-01-16 02:14:23', '2018-02-08 08:02:40'),
('053bdd59-cc0c-4693-9d91-ba8669e54182', 'Bayu Runi Juliantoro', '19870716046', '', NULL, NULL, NULL, NULL, NULL, NULL, 0, '{\"t2017\": 0, \"t2018\": \"12\", \"total\": \"12\"}', '{\"jabatan\": \"Juru Bayar / Kasir\", \"pangkat\": \"\", \"golongan\": \" \", \"tmt_cpns\": \"\", \"direktorat\": \"Dir. Adum\", \"pendidikan\": \"SMK\", \"tmt_golongan\": \"5 Oktober 2009\", \"jenis_ketenagaan\": \"Umum\"}', '2018-01-16 02:14:43', '2018-02-06 02:46:51'),
('0582a11b-e41c-4622-aa27-dae1af99472c', 'Dr. David Ririmasse', '198409092015031001', '$2y$10$GpUbRFgMRJulo9baCOK3/uzbVI9YHTqmWnxer1eOxTlb92Oi/XQy6', 'RmBidfzCaRNTOm6HmTMjxFZws0BmyWIkNLUo88Hi1DhYTpE75r4N1ugtRKER', 1, 1, 1, NULL, 2, 1, '{\"t2017\": 0, \"t2018\": \"12\", \"total\": \"12\"}', '{\"kd_dr\": \"063\", \"jabatan\": \"Dokter  Pertama\", \"pangkat\": \"Penata Muda Tk.I\", \"golongan\": \"III b\", \"tmt_cpns\": \"01-03-2015\", \"direktorat\": \"Dirmed Perawatan\", \"pendidikan\": \"Dokter Umum\", \"tmt_golongan\": \"1 Maret 2015\", \"jenis_ketenagaan\": \"Medis\"}', '2018-01-16 02:12:59', '2018-02-07 02:50:13'),
('05cb7633-5659-4fef-a72e-28e4a0ce11e0', 'Purjan', '19830710059', '$2y$10$zLvtubW5Z4NsheEQB2.HzOCmGNwvAkITDlAlAVsr513YzGAofARAC', '1xkwO92raXCzUkqHOp9Ji6VU47zvJv44pbDvicHSgTLSd9z4RpngunKhwcTF', 2, 4, 10, 29, 2, 1, '{\"t2017\": 0, \"t2018\": \"12\", \"total\": \"12\"}', '{\"jabatan\": \"Pembantu Orang Sakit\", \"pangkat\": \"\", \"golongan\": \" \", \"tmt_cpns\": \"\", \"direktorat\": \"Dir. Adum\", \"pendidikan\": \"SMK\", \"tmt_golongan\": \"5 Oktober 2009\", \"jenis_ketenagaan\": \"Umum\"}', '2018-01-16 02:14:46', '2018-02-06 02:46:51'),
('05e6bc1a-5279-47ae-b1f1-21356f011c5e', 'Sumaji', '19810710259', '', NULL, NULL, NULL, NULL, NULL, NULL, 0, '{\"t2017\": 0, \"t2018\": \"12\", \"total\": \"12\"}', '{\"jabatan\": \"Pengemudi\", \"pangkat\": \"\", \"golongan\": \" \", \"tmt_cpns\": \"\", \"direktorat\": \"Dir. Adum\", \"pendidikan\": \"SMA\", \"tmt_golongan\": \"1 Mei 2013\", \"jenis_ketenagaan\": \"Umum\"}', '2018-01-16 02:14:49', '2018-02-06 02:46:51'),
('0618749c-1ff6-4bbd-85e4-7f73d2741109', 'Dr. Saladdin Tjokronegoro, Sp.BTKV', '197406032009121001', '', NULL, NULL, NULL, NULL, NULL, NULL, 0, '{\"t2017\": \"6\", \"t2018\": \"12\", \"total\": \"18\"}', '{\"kd_dr\": \"046\", \"jabatan\": \"Dokter Muda\", \"pangkat\": \"Penata Tk.I\", \"golongan\": \"III d\", \"tmt_cpns\": \"01-12-2009\", \"direktorat\": \"Dirmed Perawatan\", \"pendidikan\": \"Dokter Umum + S2 Spes.\", \"tmt_golongan\": \"1 Oktober 2016\", \"jenis_ketenagaan\": \"Medis\"}', '2018-01-16 02:13:03', '2018-02-06 02:46:46'),
('0697438d-68d8-4483-af2f-7b2772ec582a', 'Sudrajat', '197602092009121001', '', NULL, NULL, NULL, NULL, NULL, NULL, 0, '{\"t2017\": \"11\", \"t2018\": \"12\", \"total\": \"18\"}', '{\"jabatan\": \"Pembantu Orang Sakit\", \"pangkat\": \"Pengatur Muda Tk.I\", \"golongan\": \"II b\", \"tmt_cpns\": \"01-12-2009\", \"direktorat\": \"Dir. Adum\", \"pendidikan\": \"STM\", \"tmt_golongan\": \"1 April 2014\", \"jenis_ketenagaan\": \"Umum\"}', '2018-01-16 02:13:38', '2018-02-06 02:46:48'),
('06bcb2cd-ef96-48e8-adb8-0b8cf29e30b1', 'Munandar', '199108022018011001', '', NULL, NULL, NULL, NULL, NULL, NULL, 0, '{\"t2017\": 0, \"t2018\": 12, \"total\": 12}', '{\"jabatan\": \"Perawat Terampil\", \"pangkat\": \"Pengatur\", \"golongan\": \"II c\", \"tmt_cpns\": \"01-01-2018\", \"direktorat\": \"Dirmed Perawatan\", \"pendidikan\": \"D-III Keperawatan\", \"tmt_golongan\": \"1 Januari 2018\", \"jenis_ketenagaan\": \"Perawat\"}', '2018-02-06 03:29:42', '2018-02-06 03:29:42'),
('06fe1abc-851e-4012-8f76-af3b6f9b8501', 'Nur Hidayati', '198104022009122001', '', NULL, NULL, NULL, NULL, NULL, NULL, 0, '{\"t2017\": \"8\", \"t2018\": \"12\", \"total\": \"18\"}', '{\"jabatan\": \"Asisten Apoteker Pelaksana Lanjutan\", \"pangkat\": \"Pengatur Tk.I\", \"golongan\": \"III a\", \"tmt_cpns\": \"01-12-2009\", \"direktorat\": \"Dirmed Perawatan\", \"pendidikan\": \"D-III Farmasi\", \"tmt_golongan\": \"1 Oktober 2016\", \"jenis_ketenagaan\": \"Penunjang\"}', '2018-01-16 02:13:29', '2018-02-06 02:46:42'),
('07efcf4f-55c4-463b-a533-197a1a2145f7', 'Rudi Fadila Hermawan', '19800509246', '', NULL, NULL, NULL, NULL, NULL, NULL, 0, '{\"t2017\": 0, \"t2018\": \"12\", \"total\": \"12\"}', '{\"jabatan\": \"Petugas Gudang\", \"pangkat\": \"\", \"golongan\": \" \", \"tmt_cpns\": \"\", \"direktorat\": \"Dir. Adum\", \"pendidikan\": \"S1 Tehnik Mesin\", \"tmt_golongan\": \"1 Desember 2011\", \"jenis_ketenagaan\": \"Umum\"}', '2018-01-16 02:14:37', '2018-02-06 02:46:50'),
('08bbd32b-9dad-440c-910b-3c06cd2db789', 'Andi Alfiah Rahmat', '19870316086', '$2y$10$SipINhhNUaF1oLtsQs9oCuY3laLQTqPnEgA9rGNoEPnyrU5rijuDq', 'gSuz1D0pN8VlZbFFmHjnQhtAGQ7OtsFgWeH5cyx3Zt0k3VL7oQ2TkP0G4tbf', 1, 1, 2, 3, 2, 1, '{\"t2017\": 0, \"t2018\": \"12\", \"total\": \"12\"}', '{\"jabatan\": \"Pembantu Orang Sakit\", \"pangkat\": \"\", \"golongan\": \" \", \"tmt_cpns\": \"\", \"direktorat\": \"Dir. Adum\", \"pendidikan\": \"SMK\", \"tmt_golongan\": \"1 Nopember 2010\", \"jenis_ketenagaan\": \"Umum\"}', '2018-01-16 02:14:43', '2018-02-06 02:46:51'),
('08c016ae-aff5-41df-a818-15a9132ebbb9', 'dr. Rini Latifah, Sp.MK', '19750710277', '', NULL, NULL, NULL, NULL, NULL, NULL, 0, '{\"t2017\": 0, \"t2018\": \"12\", \"total\": \"12\"}', '{\"kd_dr\": \"073\", \"jabatan\": \"Dokter\", \"pangkat\": \"\", \"golongan\": \" \", \"tmt_cpns\": \"\", \"direktorat\": \"Dirmed Perawatan\", \"pendidikan\": \"S2 Spesialis Mikrobiologi Klinik\", \"tmt_golongan\": \"1 Juli 2017\", \"jenis_ketenagaan\": \"Medis\"}', '2018-01-16 02:14:52', '2018-02-06 02:46:51'),
('0af4be21-d979-442f-a879-14aebc394d34', 'Dr. Miptah Farid Thariqulhaq', '198403022014021002', '$2y$10$jd3DLFl6WiBqhsUSF7o14ugrt6WYzG.tz0vMqqde7CJSFdmBzct/u', 'lcd8Pgbe7kRVNxeYnc2rScsjwEkr4TFOzT7iLh3v7ObLwNkq2auHeQOBzTD7', 1, 1, 1, NULL, 2, 1, '{\"t2017\": \"7\", \"t2018\": \"12\", \"total\": \"18\"}', '{\"kd_dr\": \"061\", \"jabatan\": \"Dokter  Pertama\", \"pangkat\": \"Penata Muda Tk.I\", \"golongan\": \"III b\", \"tmt_cpns\": \"01-02- 2014\", \"direktorat\": \"Dirmed Perawatan\", \"pendidikan\": \"Dokter Umum\", \"tmt_golongan\": \"1 Pebruari 2014\", \"jenis_ketenagaan\": \"Medis\"}', '2018-01-16 02:13:01', '2018-02-06 02:46:46'),
('0ca78047-f459-445e-8231-32a734d6f228', 'Dedeh Widianingsih', '196205121984022001', '$2y$10$7rqx/KGqqTnL5HFjD2Quq.5Hg9mUY7xtXsCZMO0RKU98/eLKgv4yW', 'Qu0LnollYh6iUpuhEG3QIDxmcEkbV9C9BCZzkZctMMWP5JMc3qaDFYd3ubzp', 1, 1, 2, 9, 2, 1, '{\"t2017\": \"11\", \"t2018\": \"12\", \"total\": \"18\"}', '{\"jabatan\": \"Pengadministrasi Umum\", \"pangkat\": \"Penata Muda Tk.I\", \"golongan\": \"III b\", \"tmt_cpns\": \"01-02-1984\", \"direktorat\": \"Dir. Adum\", \"pendidikan\": \"SMKK\", \"tmt_golongan\": \"1 April 2003\", \"jenis_ketenagaan\": \"Umum\"}', '2018-01-16 02:12:53', '2018-02-12 04:12:18'),
('0cb46cab-ca11-4022-ab55-5da9eaa415b6', 'Eman Sulaeman, AMK', '198402082010121002', '$2y$10$j/MW8W6uj8ky72Ypn0lktudzNHJ4vWabkrB6JmDH9frvWqQqtys2O', 'cBNW4hC471GxAQGgJelVqzFTkXwhNG4j2b9SZ3yszcG8n19tGQ4flXFWjY7k', 1, 2, 4, 16, 2, 1, '{\"t2017\": \"3\", \"t2018\": \"12\", \"total\": \"15\"}', '{\"jabatan\": \"Perawat Maher\", \"pangkat\": \"Penata Muda, III/a\", \"golongan\": \"III a\", \"tmt_cpns\": \"01-12-2010\", \"direktorat\": \"Dirmed Perawatan\", \"pendidikan\": \"D-III Keperawatan\", \"tmt_golongan\": \"1 Oktober 2017\", \"jenis_ketenagaan\": \"Perawat\"}', '2018-01-16 02:13:08', '2018-02-09 07:47:10'),
('0d21ce2b-e6db-45e8-ab87-48c5fdd2a9c4', '﻿Abdul Rozak, S.H.', '198305172010121001', '$2y$10$Osb9eLMBp5nQQwwzs1eoRudC58GUUniDYbr1rOtGgRL225G2FqALa', NULL, 2, 4, 9, NULL, 2, 1, '{\"t2017\": \"7\", \"t2018\": \"12\", \"total\": \"18\"}', '{\"jabatan\": \"Analis Kepegawaian\", \"pangkat\": \"Penata Muda Tk.I\", \"golongan\": \"III b\", \"tmt_cpns\": \"01-12-2010\", \"direktorat\": \"Dir. Adum\", \"pendidikan\": \"S1 Hukum\", \"tmt_golongan\": \"1 April 2015\", \"jenis_ketenagaan\": \"Umum\"}', '2018-01-16 02:12:42', '2018-02-06 02:46:47'),
('0d3fafd9-f78e-4365-a6f9-034404b02e6e', 'Nunick Febri Anticha', '198902202010122003', '$2y$10$BdvhvCBGG9xaLNGnmu0CJeYmQ565L2FZK9U.s1K5lxd5B24vlWRx2', 'Ne0qqRyzZ8svUGr5Key3xDQ9eCCdKPqlh4McmlPLHbjG9hLnuGCo8ihRx5z7', 1, 2, 5, 26, 2, 1, '{\"t2017\": \"4\", \"t2018\": \"12\", \"total\": \"16\"}', '{\"jabatan\": \"Perawat Maher\", \"pangkat\": \"Penata Muda, III/a\", \"golongan\": \"III a\", \"tmt_cpns\": \"01-12-2010\", \"direktorat\": \"Dirmed Perawatan\", \"pendidikan\": \"D-III Keperawatan\", \"tmt_golongan\": \"1 Oktober 2017\", \"jenis_ketenagaan\": \"Perawat\"}', '2018-01-16 02:13:29', '2018-02-06 02:46:45'),
('0f6f53a2-7dbf-42a4-8fb5-af88e94a0478', 'Dr. Nur Iman Ramadani', '198007202014121002', '', NULL, NULL, NULL, NULL, NULL, NULL, 0, '{\"t2017\": \"11\", \"t2018\": \"12\", \"total\": \"18\"}', '{\"kd_dr\": \"19800720\", \"jabatan\": \"Dokter  Pertama\", \"pangkat\": \"Penata Muda Tk.I\", \"golongan\": \"III b\", \"tmt_cpns\": \"01-12-2014\", \"direktorat\": \"Dirmed Perawatan\", \"pendidikan\": \"Dokter Umum\", \"tmt_golongan\": \"1 Desember 2014\", \"jenis_ketenagaan\": \"Medis\"}', '2018-01-16 02:13:02', '2018-02-06 02:46:46'),
('10517cb3-dabd-4be8-8782-95b5a4858f70', 'Dr. Arlinda Rakhma Djawar', '197506302008012007', '', NULL, NULL, NULL, NULL, NULL, NULL, 0, '{\"t2017\": \"8\", \"t2018\": \"12\", \"total\": \"18\"}', '{\"kd_dr\": \"027\", \"jabatan\": \"Dokter Muda\", \"pangkat\": \"Penata Tk.I\", \"golongan\": \"III d\", \"tmt_cpns\": \"01-01-2008\", \"direktorat\": \"Dirmed Perawatan\", \"pendidikan\": \"Dokter Umum\", \"tmt_golongan\": \"1 April 2015\", \"jenis_ketenagaan\": \"Medis\"}', '2018-01-16 02:12:59', '2018-02-06 02:46:46'),
('108541a5-168d-4a34-8be3-7fb7f720269c', 'Ela Nurlela, AMAK', '198101012005012002', '$2y$10$Mh/v6G3NG/I5l8taPEG40OHmZrkX4sb/DP8eWOWdFSGOTPIkSBT96', 'COrA6slWlsz65W3uwL3ayx1GfxKmzaxVuVQZQObzFEfgRLQJEmiVyfSxZJTF', 1, 1, 2, 5, 2, 1, '{\"t2017\": 0, \"t2018\": \"12\", \"total\": \"12\"}', '{\"jabatan\": \"Pranata Lab.Kes. Pelaksana Lanjutan\", \"pangkat\": \"Penata Muda Tk.I\", \"golongan\": \"III b\", \"tmt_cpns\": \"01-01-2005\", \"direktorat\": \"Dirmed Perawatan\", \"pendidikan\": \"D-III Analis Kesehatan\", \"tmt_golongan\": \"1 Oktober 2015\", \"jenis_ketenagaan\": \"Penunjang\"}', '2018-01-16 02:13:07', '2018-02-06 02:46:42'),
('10a18d4a-48e3-4607-942c-b00f64f3dbef', 'Deni Supriatna', '19870325240', '', NULL, NULL, NULL, NULL, NULL, NULL, 0, '{\"t2017\": 0, \"t2018\": \"12\", \"total\": \"12\"}', '{\"jabatan\": \"Pembantu Orang Sakit\", \"pangkat\": \"\", \"golongan\": \" \", \"tmt_cpns\": \"\", \"direktorat\": \"Dir. Adum\", \"pendidikan\": \"SLTA / IPS\", \"tmt_golongan\": \"1 Desember 2011\", \"jenis_ketenagaan\": \"Umum\"}', '2018-01-16 02:14:39', '2018-02-06 02:46:50'),
('10ac5fab-55ec-4f1c-871d-659b14ad8b36', 'Yunita Agisni, A.Md.Kep', '19910603254', '$2y$10$NOqeY/Doq3uqkwNAaGAx0uXz5Rta3Ys19uf3aKXoM.iHmy3iutFUq', 'ZWR0pJfKbo3uucFFmBlzl0MyuOWxp9c8IdecxVthhbRArzOvfS5u9MiN56v6', 1, 2, 5, NULL, 2, 1, '{\"t2017\": 0, \"t2018\": \"12\", \"total\": \"12\"}', '{\"jabatan\": \"Perawat Pelaksana\", \"pangkat\": \"\", \"golongan\": \" \", \"tmt_cpns\": \"\", \"direktorat\": \"Dirmed Perawatan\", \"pendidikan\": \"D-III Keperawatan\", \"tmt_golongan\": \"1 Januari 2013\", \"jenis_ketenagaan\": \"Perawat\"}', '2018-01-16 02:14:32', '2018-02-06 02:46:49'),
('110bf645-2525-4abe-a8fa-d67553450835', 'Dr. Fitria Rahmitasari', '197701022009122001', '', NULL, NULL, NULL, NULL, NULL, NULL, 0, '{\"t2017\": \"11\", \"t2018\": \"12\", \"total\": \"18\"}', '{\"kd_dr\": \"019\", \"jabatan\": \"Dokter Muda\", \"pangkat\": \"Penata Tk.I\", \"golongan\": \"III d\", \"tmt_cpns\": \"01-12-2009\", \"direktorat\": \"Dirmed Perawatan\", \"pendidikan\": \"Dokter Umum\", \"tmt_golongan\": \"1 April 2017\", \"jenis_ketenagaan\": \"Medis\"}', '2018-01-16 02:13:00', '2018-02-06 02:46:46'),
('1234532e-ffcd-4cb6-8282-974ee224b474', 'Dr. Wuwuh Utami Ningtyas, M.Kes', '196006041987122001', '', NULL, NULL, NULL, NULL, NULL, 1, 1, '{\"t2017\": \"11\", \"t2018\": \"12\", \"total\": \"18\"}', '{\"jabatan\": \"Direktur Utama\", \"pangkat\": \"Pembina Utama Muda\", \"golongan\": \"IV c\", \"tmt_cpns\": \"01-12-1987\", \"direktorat\": \"Dirmed Perawatan\", \"pendidikan\": \"S2 Kesehatan\", \"tmt_golongan\": \"Nopember 2015\", \"jenis_ketenagaan\": \"Medis\"}', '2018-01-16 02:13:03', '2018-02-06 02:46:47'),
('12dcb599-0973-4cbc-b6ff-292e8ba23469', 'Edwin Saleh, A.Md', '19871118223', '$2y$10$yOdngZdSwXiVFPqAKptgmeN4GDT6qAJKJxax8VfEgqE8YXwFF8nK.', 'ilRnFMHpqZNodYz95wQ10lNaYEGmkmrQFPN5GPuwGshpVcCGycTySqHvgbiS', 2, 4, 10, 29, 2, 1, '{\"t2017\": 0, \"t2018\": \"12\", \"total\": \"12\"}', '{\"jabatan\": \"Sanitarian Pelaksana\", \"pangkat\": \"\", \"golongan\": \" \", \"tmt_cpns\": \"\", \"direktorat\": \"Dir. Adum\", \"pendidikan\": \"D-III Kesling\", \"tmt_golongan\": \"1 Desember 2011\", \"jenis_ketenagaan\": \"Penunjang\"}', '2018-01-16 02:14:33', '2018-02-06 02:46:49'),
('138cf927-a55e-4455-9582-aa9b60580a0e', 'Andri Suhardi', '19800528087', '', NULL, NULL, NULL, NULL, NULL, NULL, 0, '{\"t2017\": 0, \"t2018\": \"12\", \"total\": \"12\"}', '{\"jabatan\": \"Pembantu Orang Sakit\", \"pangkat\": \"\", \"golongan\": \" \", \"tmt_cpns\": \"\", \"direktorat\": \"Dir. Adum\", \"pendidikan\": \"SMA\", \"tmt_golongan\": \"1 Nopember 2010\", \"jenis_ketenagaan\": \"Umum\"}', '2018-01-16 02:14:40', '2018-02-06 02:46:50'),
('145085c0-f08c-4ee1-aaab-1d43c2f46560', 'Umi Murtiati', '197111161992032002', '', NULL, NULL, NULL, NULL, NULL, NULL, 0, '{\"t2017\": \"8\", \"t2018\": \"12\", \"total\": \"18\"}', '{\"jabatan\": \"Pembantu Orang Sakit\", \"pangkat\": \"Penata Muda Tk.I\", \"golongan\": \"III b\", \"tmt_cpns\": \"01-03-1992\", \"direktorat\": \"Dir. Adum\", \"pendidikan\": \"SMKK\", \"tmt_golongan\": \"1 April 2011\", \"jenis_ketenagaan\": \"Umum\"}', '2018-01-16 02:14:23', '2018-02-06 02:46:48'),
('1463771c-641b-4753-a52a-19596955b414', 'Dr. Iskandar Mirza, Sp.OG', '196704131998031002', '', NULL, NULL, NULL, NULL, NULL, NULL, 0, '{\"t2017\": \"4\", \"t2018\": \"12\", \"total\": \"16\"}', '{\"kd_dr\": \"032\", \"jabatan\": \"Dokter Muda\", \"pangkat\": \"Penata\", \"golongan\": \"III c\", \"tmt_cpns\": \"01-07-1998\", \"direktorat\": \"Dirmed Perawatan\", \"pendidikan\": \"Dokter Umum + S2 Spes.\", \"tmt_golongan\": \"1 Oktober 2014\", \"jenis_ketenagaan\": \"Medis\"}', '2018-01-16 02:13:01', '2018-02-06 02:46:46'),
('157b1443-03eb-491b-bf67-e3fecb3da9ef', 'Dr. Suwarga Adam', '197105192006041002', '', NULL, NULL, NULL, NULL, NULL, NULL, 0, '{\"t2017\": \"6\", \"t2018\": \"12\", \"total\": \"18\"}', '{\"kd_dr\": \"014\", \"jabatan\": \"Kepala Bidang Medik\", \"pangkat\": \"Penata Tk.I\", \"golongan\": \"III d\", \"tmt_cpns\": \"01-04-2006\", \"direktorat\": \"Kepala Bidang Medik\", \"pendidikan\": \"Dokter Umum\", \"tmt_golongan\": \"1 April 2014\", \"jenis_ketenagaan\": \"Medis\"}', '2018-01-16 02:13:03', '2018-02-06 02:46:46'),
('15b7fd29-4fe6-4f02-b2d1-c56fd9447a76', 'Sri Mulyanah, AMK', '198502092008122003', '$2y$10$ArS7AFUJZWW0VXKyYLaWHef1J8L8NXizNiixQT0bU0x4rHMPjtozG', '5oeIEh85Xd6ZYo2e436bpQ1cJDOrAF6j95k5UhuWCxPJNNU9xEhlwLYK5zoC', 1, 2, 5, 26, 2, 1, '{\"t2017\": \"5\", \"t2018\": \"12\", \"total\": \"18\"}', '{\"jabatan\": \"Perawat Pelaksana Lanjutan\", \"pangkat\": \"Pengatur Tk.I\", \"golongan\": \"III a\", \"tmt_cpns\": \"01-12-2008\", \"direktorat\": \"Dirmed Perawatan\", \"pendidikan\": \"D-III Keperawatan\", \"tmt_golongan\": \"1 April 2016\", \"jenis_ketenagaan\": \"Perawat\"}', '2018-01-16 02:13:37', '2018-02-07 07:23:13'),
('160d41f7-e2c8-4d97-91da-461dc03b52fa', 'Nani Maryani, AMK', '197004251997032001', '', NULL, NULL, NULL, NULL, NULL, NULL, 0, '{\"t2017\": \"11\", \"t2018\": \"12\", \"total\": \"18\"}', '{\"jabatan\": \"Perawat Penyelia\", \"pangkat\": \"Penata Tk.I\", \"golongan\": \"III d\", \"tmt_cpns\": \"01-03-1997\", \"direktorat\": \"Dirmed Perawatan\", \"pendidikan\": \"D-III Keperawatan\", \"tmt_golongan\": \"1 Oktober 2017\", \"jenis_ketenagaan\": \"Perawat\"}', '2018-01-16 02:13:27', '2018-02-06 02:46:43'),
('168edb40-06a5-4f15-a772-040a98c8b095', 'Asri Faramitha, AMd.Kep', '198901292010122006', '$2y$10$FSX9WagIAJJf5o.LK71tjebhOqpslNkHGd8kJI20p4TGtgHyiw3rK', 'YaR4vRzXaH2JohYkcVmJ8eKZUl2ZQkLtAPVhdaY26YO4ySpwZiH18oaLnmdE', 1, 2, 5, 20, 2, 1, '{\"t2017\": \"11\", \"t2018\": \"12\", \"total\": \"18\"}', '{\"jabatan\": \"Perawat Maher\", \"pangkat\": \"Penata Muda, III/a\", \"golongan\": \"III a\", \"tmt_cpns\": \"01-12-2010\", \"direktorat\": \"Dirmed Perawatan\", \"pendidikan\": \"D-III Keperawatan\", \"tmt_golongan\": \"1 Oktober 2017\", \"jenis_ketenagaan\": \"Perawat\"}', '2018-01-16 02:12:50', '2018-02-08 07:46:18'),
('16e7c26a-0b72-4343-865b-d7a0c7f0406d', 'Endah Rahmawati, Ners', '198404042018012001', '', NULL, NULL, NULL, NULL, NULL, NULL, 0, '{\"t2017\": 0, \"t2018\": 12, \"total\": 12}', '{\"jabatan\": \"Perawat Ahli Pertama\", \"pangkat\": \"Penata Muda\", \"golongan\": \"III a\", \"tmt_cpns\": \"01-01-2018\", \"direktorat\": \"Dirmed Perawatan\", \"pendidikan\": \"S1 Keperawatan + Ners\", \"tmt_golongan\": \"1 Januari 2018\", \"jenis_ketenagaan\": \"Perawat\"}', '2018-02-06 03:29:43', '2018-02-06 03:29:43'),
('17965bb0-9489-4e6c-9c36-2eed3244c148', 'Leonard Airell Craig, S.Si', '19930804283', '', NULL, NULL, NULL, NULL, NULL, NULL, 0, '{\"t2017\": 0, \"t2018\": 12, \"total\": 12}', '{\"jabatan\": \"Fisikawan\", \"pangkat\": \"\", \"golongan\": \" \", \"tmt_cpns\": \"\", \"direktorat\": \"Dirmed Perawatan\", \"pendidikan\": \"S1 Fisika\", \"tmt_golongan\": \"1 Desember 2017\", \"jenis_ketenagaan\": \"Penunjang\"}', '2018-02-06 03:29:44', '2018-02-06 03:29:44'),
('18573865-46ee-497b-b598-78e8d524b2bf', 'Deni Rahayu, SST', '196801191988031006', '', NULL, NULL, NULL, NULL, NULL, NULL, 0, '{\"t2017\": \"7\", \"t2018\": \"12\", \"total\": \"18\"}', '{\"jabatan\": \"Pranata Lab.Kes. Penyelia\", \"pangkat\": \"Penata Tk.I\", \"golongan\": \"III d\", \"tmt_cpns\": \"01-03-1988\", \"direktorat\": \"Dirmed Perawatan\", \"pendidikan\": \"D-IV Analis Kesehatan\", \"tmt_golongan\": \"1 Oktober 2014\", \"jenis_ketenagaan\": \"Penunjang\"}', '2018-01-16 02:12:54', '2018-02-06 02:46:45'),
('187f67d4-cd5d-4974-8372-d28160c94b73', 'Ani Maulani, SE', '198001302005012001', '', NULL, NULL, NULL, NULL, NULL, NULL, 0, '{\"t2017\": \"8\", \"t2018\": \"12\", \"total\": \"18\"}', '{\"jabatan\": \"Ka.Sub.Bag.Perbendaharaan dan Akutansi\", \"pangkat\": \"Penata Muda Tk.I\", \"golongan\": \"III b\", \"tmt_cpns\": \"01-01-2005\", \"direktorat\": \"Ka.Sub.Bag.Perbendaharaan dan Akutansi\", \"pendidikan\": \"S 1 Ekonomi Akutansi\", \"tmt_golongan\": \"1 April 2015\", \"jenis_ketenagaan\": \"Umum\"}', '2018-01-16 02:12:48', '2018-02-06 02:46:46'),
('18dd8fc4-7462-4e2d-9af7-8430267ac263', '﻿Rissy Atika Sari', '199011182018012001', '', NULL, NULL, NULL, NULL, NULL, NULL, 0, '{\"t2017\": 0, \"t2018\": 12, \"total\": 12}', '{\"jabatan\": \"Pranata Lab.Kes  Terampil\", \"pangkat\": \"Pengatur\", \"golongan\": \"II c\", \"tmt_cpns\": \"01-01-2018\", \"direktorat\": \"Dirmed Perawatan\", \"pendidikan\": \"D-III Analis Kesehatan\", \"tmt_golongan\": \"1 Januari 2018\", \"jenis_ketenagaan\": \"Penunjang\"}', '2018-02-06 03:29:40', '2018-02-06 03:29:40'),
('19100526-088b-44a8-a202-4815cea3b46f', 'Kurniawan Adiwidia, AMK', '198601182008011001', '', NULL, NULL, NULL, NULL, NULL, NULL, 0, '{\"t2017\": 0, \"t2018\": \"12\", \"total\": \"12\"}', '{\"jabatan\": \"Perawat Pelaksana Lanjutan\", \"pangkat\": \"Penata Muda\", \"golongan\": \"III a\", \"tmt_cpns\": \"01-01-2008\", \"direktorat\": \"Dirmed Perawatan\", \"pendidikan\": \"D-III Keperawatan\", \"tmt_golongan\": \"1 April 2015\", \"jenis_ketenagaan\": \"Perawat\"}', '2018-01-16 02:13:22', '2018-02-06 02:46:44'),
('1969ed6f-b552-4f98-9e8e-6226fe5fee65', 'Citra Maulida, AM.Keb', '198611152008122002', '', NULL, NULL, NULL, NULL, NULL, NULL, 0, '{\"t2017\": \"11\", \"t2018\": \"12\", \"total\": \"18\"}', '{\"jabatan\": \"Bidan Pelaksana Lanjutan\", \"pangkat\": \"Pengatur Tk.I\", \"golongan\": \"III a\", \"tmt_cpns\": \"01-12-2008\", \"direktorat\": \"Dirmed Perawatan\", \"pendidikan\": \"D-III Kebidanan\", \"tmt_golongan\": \"1 April 2016\", \"jenis_ketenagaan\": \"Perawat / Bidan\"}', '2018-01-16 02:12:52', '2018-02-06 02:46:43'),
('1994e9cc-6c8e-434b-b217-31f189936ade', 'Muhammad Farhan, Ners', '198910292018011001', '', NULL, NULL, NULL, NULL, NULL, NULL, 0, '{\"t2017\": 0, \"t2018\": 12, \"total\": 12}', '{\"jabatan\": \"Perawat Ahli Pertama\", \"pangkat\": \"Penata Muda\", \"golongan\": \"III a\", \"tmt_cpns\": \"01-01-2018\", \"direktorat\": \"Dirmed Perawatan\", \"pendidikan\": \"S1 Keperawatan + Ners\", \"tmt_golongan\": \"1 Januari 2018\", \"jenis_ketenagaan\": \"Perawat\"}', '2018-02-06 03:29:44', '2018-02-06 03:29:44'),
('19e09dce-ac60-40a1-a388-5de557675f73', 'Muhamad Sahid Hudanto, Amd.Kep', '19890723228', '', NULL, NULL, NULL, NULL, NULL, NULL, 0, '{\"t2017\": 0, \"t2018\": \"12\", \"total\": \"12\"}', '{\"jabatan\": \"Perawat Pelaksana\", \"pangkat\": \"\", \"golongan\": \" \", \"tmt_cpns\": \"\", \"direktorat\": \"Dirmed Perawatan\", \"pendidikan\": \"D-III Keperawatan\", \"tmt_golongan\": \"1 Desember 2011\", \"jenis_ketenagaan\": \"Perawat\"}', '2018-01-16 02:14:30', '2018-02-06 02:46:49'),
('1a276a72-7185-4a8f-83ff-d35fdfea4b9b', 'Lia Amelia', '19870707099', '', NULL, NULL, NULL, NULL, NULL, NULL, 0, '{\"t2017\": 0, \"t2018\": \"12\", \"total\": \"12\"}', '{\"jabatan\": \"Pembantu Orang Sakit\", \"pangkat\": \"\", \"golongan\": \" \", \"tmt_cpns\": \"\", \"direktorat\": \"Dir. Adum\", \"pendidikan\": \"SMA\", \"tmt_golongan\": \"1 Nopember 2010\", \"jenis_ketenagaan\": \"Umum\"}', '2018-01-16 02:14:41', '2018-02-06 02:46:50'),
('1bb98d09-1be6-4a88-95c7-5c3dbaf2c0f8', 'Dian Anggriani Susanti Dewi, AMK', '198102092006042018', '', NULL, NULL, NULL, NULL, NULL, NULL, 0, '{\"t2017\": \"6\", \"t2018\": \"12\", \"total\": \"18\"}', '{\"jabatan\": \"Perawat Pelaksana Lanjutan\", \"pangkat\": \"Penata Muda\", \"golongan\": \"III b\", \"tmt_cpns\": \"01-04-2006\", \"direktorat\": \"Dirmed Perawatan\", \"pendidikan\": \"D-III Keperawatan\", \"tmt_golongan\": \"1 Oktober 2016\", \"jenis_ketenagaan\": \"Perawat\"}', '2018-01-16 02:12:55', '2018-02-06 02:46:44'),
('1c2fd482-5bdc-4ee2-b725-667693ca0cea', 'Esa Agustina, AMK', '198405242008012002', '$2y$10$KtcTRa4ywn.CDU9yTI56euBdvcDggsZJqvVBTHjI8iCHbVCXpBjE6', '8Lq6IzIgms5vD45Uq74lWQB4KAiSa1j5Msqnp9PF1ZtURe8XyuLdoOCkpPIA', 1, 2, 5, NULL, 2, 1, '{\"t2017\": \"3\", \"t2018\": \"12\", \"total\": \"15\"}', '{\"jabatan\": \"Perawat Pelaksana Lanjutan\", \"pangkat\": \"Penata Muda\", \"golongan\": \"III a\", \"tmt_cpns\": \"01-01-2008\", \"direktorat\": \"Dirmed Perawatan\", \"pendidikan\": \"D-III Keperawatan\", \"tmt_golongan\": \"1 April 2015\", \"jenis_ketenagaan\": \"Perawat\"}', '2018-01-16 02:13:09', '2018-02-06 02:46:44'),
('1d6ae5a0-98f6-409a-814b-bcf657cbe279', 'Dr. Riza Zahara', '199005152015032004', '', NULL, NULL, NULL, NULL, NULL, NULL, 0, '{\"t2017\": \"11\", \"t2018\": \"12\", \"total\": \"18\"}', '{\"kd_dr\": \"064\", \"jabatan\": \"Dokter  Pertama\", \"pangkat\": \"Penata Muda Tk.I\", \"golongan\": \"III b\", \"tmt_cpns\": \"01-03-2015\", \"direktorat\": \"Dirmed Perawatan\", \"pendidikan\": \"Dokter Umum\", \"tmt_golongan\": \"1 Maret 2015\", \"jenis_ketenagaan\": \"Medis\"}', '2018-01-16 02:13:02', '2018-02-06 02:46:46'),
('1e2a48b1-d17d-405d-ae05-460884387abd', 'Eti Nurhayati', '196805072007102003', '', NULL, NULL, NULL, NULL, NULL, NULL, 0, '{\"t2017\": \"7\", \"t2018\": \"12\", \"total\": \"18\"}', '{\"jabatan\": \"Pembantu Orang Sakit\", \"pangkat\": \"Pengatur\", \"golongan\": \"II c\", \"tmt_cpns\": \"01-01-2007\", \"direktorat\": \"Dir. Adum\", \"pendidikan\": \"SMA\", \"tmt_golongan\": \"1 Oktober 2015\", \"jenis_ketenagaan\": \"Umum\"}', '2018-01-16 02:13:09', '2018-02-06 02:46:48'),
('1efb9cf2-8617-42eb-a8ce-0bdf17d6dc98', 'Rini Andriyani, S.Sos', '197008021998032002', '', NULL, NULL, NULL, NULL, NULL, NULL, 0, '{\"t2017\": \"6\", \"t2018\": \"12\", \"total\": \"18\"}', '{\"jabatan\": \"Arsiparis\", \"pangkat\": \"Penata Muda Tk.I\", \"golongan\": \"III b\", \"tmt_cpns\": \"01-03-1998\", \"direktorat\": \"Dir. Adum\", \"pendidikan\": \"S1 Adm. Negara\", \"tmt_golongan\": \"1 April 2014\", \"jenis_ketenagaan\": \"Umum\"}', '2018-01-16 02:13:32', '2018-02-06 02:46:47'),
('1f2451ba-e565-41c5-aedf-7faacd15a58c', 'Siti Nurazizah, AMK', '197812122008122002', '$2y$10$dPcB9YMq./H/d91FuN.lsedrsOjhJhb.WUvEhKeilvMPrboppJ5aa', 'xwGMfhQEh7WHvsjmQdCOinXwhl7p83PAQI7YYNgflhgxAeRQx5NTlP6L7WlC', 1, 2, 5, 26, 2, 1, '{\"t2017\": 0, \"t2018\": \"18\", \"total\": \"10\"}', '{\"jabatan\": \"Perawat Pelaksana Lanjutan\", \"pangkat\": \"Pengatur Tk.I\", \"golongan\": \"III a\", \"tmt_cpns\": \"12/1/2008\", \"direktorat\": \"Dirmed Perawatan\", \"pendidikan\": \"D-III Keperawatan\", \"tmt_golongan\": \"1 April 2016\", \"jenis_ketenagaan\": \"Perawat\"}', '2018-01-16 02:13:36', '2018-02-06 02:46:44'),
('1f33f0c8-af1a-4e83-8827-5f5ecc71d95b', 'Ade Setiawan', '197811071998031002', '', NULL, NULL, NULL, NULL, NULL, NULL, 0, '{\"t2017\": \"11\", \"t2018\": \"12\", \"total\": \"13\"}', '{\"jabatan\": \"Pengadministrasi Umum\", \"pangkat\": \"Penata Muda\", \"golongan\": \"III a\", \"tmt_cpns\": \"01-03-1998\", \"direktorat\": \"Dir. Adum\", \"pendidikan\": \"STM Mesin\", \"tmt_golongan\": \"1 April 2013\", \"jenis_ketenagaan\": \"Umum\"}', '2018-01-16 02:12:44', '2018-02-06 02:46:49'),
('1f8e97f1-6d0c-4a4c-9aee-fba449e429b9', 'Ade Sapri', '198208302010121004', '', NULL, NULL, NULL, NULL, NULL, NULL, 0, '{\"t2017\": 0, \"t2018\": \"12\", \"total\": \"12\"}', '{\"jabatan\": \"Perawat Maher\", \"pangkat\": \"Penata Muda\", \"golongan\": \"III a\", \"tmt_cpns\": \"01-12-2010\", \"direktorat\": \"Dirmed Perawatan\", \"pendidikan\": \"D-III Keperawatan\", \"tmt_golongan\": \"1 Oktober 2017\", \"jenis_ketenagaan\": \"Perawat\"}', '2018-01-16 02:12:44', '2018-02-06 02:46:44'),
('204450da-d5a0-4baf-b663-24fb527d5897', 'Hakiki, AMK', '198411092009121003', '$2y$10$LlApbHXay3DD5u0XxaTT.euH1e.19Mz/7Pcoi8/z6i/rwLWSn8vOi', 'YztB8labr5F1vt5oE1ZvPOWHyF5gWNdbCrAxxiM1riOfjRhHOfktr1ucolPw', 1, 2, 5, NULL, 2, 1, '{\"t2017\": \"11\", \"t2018\": \"12\", \"total\": \"18\"}', '{\"jabatan\": \"Perawat Pelaksana Lanjutan\", \"pangkat\": \"Pengatur Tk.I\", \"golongan\": \"III a\", \"tmt_cpns\": \"01-12-2009\", \"direktorat\": \"Dirmed Perawatan\", \"pendidikan\": \"D-III Keperawatan\", \"tmt_golongan\": \"1 Oktober 2016\", \"jenis_ketenagaan\": \"Perawat\"}', '2018-01-16 02:13:12', '2018-02-06 02:46:44'),
('20844838-0e72-465e-b25c-97babc121cb1', 'Dessy Widya Rini, AMK', '198612292008012001', '$2y$10$jyDiTgIiWF4hbmw9mlOBb.GULCdrt6DiQrzW.yMR2.6OK6RVJQmK6', 'lqu1tnvYup8N2fCKF1xAyaYKFgc9QsDAPllZtrVPkn9XHLpCdxWcaurqEZ5s', 1, 2, 5, 20, 2, 1, '{\"t2017\": 0, \"t2018\": \"12\", \"total\": \"12\"}', '{\"jabatan\": \"Perawat Pelaksana Lanjutan\", \"pangkat\": \"Penata Muda\", \"golongan\": \"III a\", \"tmt_cpns\": \"01-01-2008\", \"direktorat\": \"Dirmed Perawatan\", \"pendidikan\": \"D-III Keperawatan\", \"tmt_golongan\": \"1 April 2015\", \"jenis_ketenagaan\": \"Perawat\"}', '2018-01-16 02:12:54', '2018-02-08 08:00:52'),
('2368a462-78e9-4efb-ae40-92574978ff71', 'Sulis Peristiwa Asmawatiningsih', '197005142014052001', '', NULL, NULL, NULL, NULL, NULL, NULL, 0, '{\"t2017\": \"8\", \"t2018\": \"12\", \"total\": \"18\"}', '{\"jabatan\": \"Asisten Apoteker Pelaksana\", \"pangkat\": \"Pengatur Muda\", \"golongan\": \"II a\", \"tmt_cpns\": \"01-05-2014\", \"direktorat\": \"Dir. Adum\", \"pendidikan\": \"S M F\", \"tmt_golongan\": \"1 Mei 2014\", \"jenis_ketenagaan\": \"Penunjang\"}', '2018-01-16 02:13:38', '2018-02-06 02:46:47'),
('23b9161e-b658-414c-a260-fc956e539423', 'Ruri Prabuwati', '198301042009122001', '', NULL, NULL, NULL, NULL, NULL, NULL, 0, '{\"t2017\": \"11\", \"t2018\": \"12\", \"total\": \"18\"}', '{\"jabatan\": \"Asisten Apoteker Pelaksana Lanjutan\", \"pangkat\": \"Pengatur Tk.I\", \"golongan\": \"III a\", \"tmt_cpns\": \"01-12-2009\", \"direktorat\": \"Dirmed Perawatan\", \"pendidikan\": \"D-III Farmasi\", \"tmt_golongan\": \"1 Oktober 2016\", \"jenis_ketenagaan\": \"Penunjang\"}', '2018-01-16 02:13:35', '2018-02-06 02:46:42'),
('247691ef-0c76-4bbe-989f-2dae14b51e8d', 'Hermiatiningsih', '196105071985012001', '$2y$10$eu/ytTzo0izXEdXWyNnud.JrSm/g4poPX.sVcoz9jx4jGFRltNQFO', '2dEkyFvVAc8wiMLpL5ItZtjzQEolZkOTK5EN42OzwEl1kXsTY12qhdsU3HUT', 1, 1, 2, 9, 2, 1, '{\"t2017\": \"11\", \"t2018\": \"12\", \"total\": \"18\"}', '{\"jabatan\": \"Pengadministrasi Umum\", \"pangkat\": \"Penata Muda Tk.I\", \"golongan\": \"III b\", \"tmt_cpns\": \"01-01-1985\", \"direktorat\": \"Dir. Adum\", \"pendidikan\": \"SMEA\", \"tmt_golongan\": \"1 April 2004\", \"jenis_ketenagaan\": \"Umum\"}', '2018-01-16 02:13:16', '2018-02-06 02:46:48'),
('25cc1d64-ad90-4bc2-b512-b94afc245889', 'Deni Hadiono, S.P', '197003281998031001', '$2y$10$81RRAIuosK9vZWwXXFNhh.JsiG3S8HZ7r4QLPWfjbRB5dU2Ifh49K', 'Wz4gr9U3BgqZJBKVSZMuqAGrxCY1oxKpOOqxBn3ZuAU1zOaeEMHOyryIZDXG', 2, 4, 9, NULL, 1, 1, '{\"t2017\": \"11\", \"t2018\": \"12\", \"total\": \"18\"}', '{\"jabatan\": \"Ka.Sub.Bag. Tata Usaha dan Kepegawaian\", \"pangkat\": \"Penata Tk.I\", \"golongan\": \"III d\", \"tmt_cpns\": \"01-03-1989\", \"direktorat\": \"Ka.Sub.Bag. Tata Usaha dan Kepegawaian\", \"pendidikan\": \"S1 Pertanian\", \"tmt_golongan\": \"1 Oktober 2013\", \"jenis_ketenagaan\": \"Umum\"}', '2018-01-16 02:12:54', '2018-02-06 02:46:47'),
('2674027a-a947-4689-8b77-3a5df0f791f9', 'Bayu Pratama', '19910519255', '$2y$10$X00DdS9AfxcZili4/XRVhOUUVDV4lT96eiSQoqDWDfAkZrUM1ouJu', 'owI1sloHjbaLXRhnWOPPbgbmWzZpC8yi9wRxdGsFJYOv3ZwDQnl0weiQYWX8', 1, 1, 2, 9, 2, 1, '{\"t2017\": 0, \"t2018\": \"12\", \"total\": \"12\"}', '{\"jabatan\": \"Pengadministrasi Umum\", \"pangkat\": \"\", \"golongan\": \" \", \"tmt_cpns\": \"\", \"direktorat\": \"Dir. Adum\", \"pendidikan\": \"SMA\", \"tmt_golongan\": \"1 Januari 2013\", \"jenis_ketenagaan\": \"Umum\"}', '2018-01-16 02:14:42', '2018-02-06 02:46:50'),
('2698fa87-d81a-4a92-919a-89a26aa5d933', 'Dewi Rahayu, A.Md', '19841014225', '$2y$10$1TGTerMCGdTjTYC.rZzT4OaED.W1lMAAqaWDnDenT7fzAQlAabBie', 'au3O15dRw1rE1toPo4tiK7kuNtNlWzlpxRtZeXyeqPtOKpMKz75yPUWAvzN2', 1, 1, 2, 9, 2, 1, '{\"t2017\": 0, \"t2018\": \"12\", \"total\": \"12\"}', '{\"jabatan\": \"Pengadministrasi Umum\", \"pangkat\": \"\", \"golongan\": \" \", \"tmt_cpns\": \"\", \"direktorat\": \"Dir. Adum\", \"pendidikan\": \"D-III Teknik Komputer\", \"tmt_golongan\": \"1 Desember 2011\", \"jenis_ketenagaan\": \"Umum\"}', '2018-01-16 02:14:35', '2018-02-06 02:46:50'),
('26a6e70d-ec2a-45ca-9846-5b8b75af76a1', 'Rangga Hacitra, Amd.Kep', '198307302012121001', '', NULL, NULL, NULL, NULL, NULL, NULL, 0, '{\"t2017\": \"11\", \"t2018\": \"12\", \"total\": \"18\"}', '{\"jabatan\": \"Perawat Pelaksana\", \"pangkat\": \"Pengatur Tk.I\", \"golongan\": \"II d\", \"tmt_cpns\": \"01-12-2012\", \"direktorat\": \"Dirmed Perawatan\", \"pendidikan\": \"D-III Keperawatan\", \"tmt_golongan\": \"1 April 2016\", \"jenis_ketenagaan\": \"Perawat\"}', '2018-01-16 02:13:31', '2018-02-06 02:46:45'),
('277f9552-8ef3-47a2-94c0-67358e5141d5', 'Heru Trimaryanto', '196012132006041001', '', NULL, NULL, NULL, NULL, NULL, NULL, 0, '{\"t2017\": \"11\", \"t2018\": \"12\", \"total\": \"18\"}', '{\"jabatan\": \"Petugas Gudang\", \"pangkat\": \"Pengatur Muda\", \"golongan\": \"II a\", \"tmt_cpns\": \"01-04-2006\", \"direktorat\": \"Dir. Adum\", \"pendidikan\": \"SMP\", \"tmt_golongan\": \"1 April 2014\", \"jenis_ketenagaan\": \"Umum\"}', '2018-01-16 02:13:16', '2018-02-06 02:46:49'),
('27d943e0-977d-434c-8dba-a955c3b9281d', 'Abdul Kadir', '19830321039', '', NULL, NULL, NULL, NULL, NULL, NULL, 0, '{\"t2017\": 0, \"t2018\": \"12\", \"total\": \"12\"}', '{\"jabatan\": \"Juru Bayar / Kasir\", \"pangkat\": \"\", \"golongan\": \" \", \"tmt_cpns\": \"\", \"direktorat\": \"Dir. Adum\", \"pendidikan\": \"SMA\", \"tmt_golongan\": \"5 Oktober 2009\", \"jenis_ketenagaan\": \"Umum\"}', '2018-01-16 02:14:40', '2018-02-06 02:46:50'),
('28749226-9152-4add-8357-d671ecabb50d', 'Diajeng Stefany Christianti, AMK', '19900904270', '$2y$10$SaIdW00DKovJ5sZsV8WYlOfFmQozp.oFrLtEAWYBQV9ChXTGHbYqG', NULL, 1, 2, 5, 26, 2, 1, '{\"t2017\": 0, \"t2018\": \"12\", \"total\": \"12\"}', '{\"jabatan\": \"Perawat Pelaksana\", \"pangkat\": \"\", \"golongan\": \" \", \"tmt_cpns\": \"\", \"direktorat\": \"Dirmed Perawatan\", \"pendidikan\": \"D-III Keperawatan\", \"tmt_golongan\": \"1 Nopember 2015\", \"jenis_ketenagaan\": \"Perawat\"}', '2018-01-16 02:14:51', '2018-02-06 02:46:51'),
('28d8b259-2582-4539-81e1-094e9d7f1bcd', 'Sutisna', '197509052008121002', '', NULL, NULL, NULL, NULL, NULL, NULL, 0, '{\"t2017\": \"11\", \"t2018\": \"12\", \"total\": \"18\"}', '{\"jabatan\": \"Pembantu Orang Sakit\", \"pangkat\": \"Pengatur Muda Tk.I\", \"golongan\": \"II b\", \"tmt_cpns\": \"01-12-2008\", \"direktorat\": \"Dir. Adum\", \"pendidikan\": \"SMA\", \"tmt_golongan\": \"1 April 2013\", \"jenis_ketenagaan\": \"Umum\"}', '2018-01-16 02:14:20', '2018-02-06 02:46:48'),
('28e1ccc7-59f1-41d5-b6dc-33613a9d99ce', 'Intan Chintia Riyandi', '198710092015032004', '', NULL, NULL, NULL, NULL, NULL, NULL, 0, '{\"t2017\": \"11\", \"t2018\": \"12\", \"total\": \"18\"}', '{\"jabatan\": \"Penata Laporan Keuangan\", \"pangkat\": \"Penata Muda\", \"golongan\": \"III a\", \"tmt_cpns\": \"01-03-2015\", \"direktorat\": \"Dir. Adum\", \"pendidikan\": \"S1 Ekonomi\", \"tmt_golongan\": \"1 Maret 2015\", \"jenis_ketenagaan\": \"Umum\"}', '2018-01-16 02:13:18', '2018-02-06 02:46:46'),
('2954acc0-9fa0-4c3d-ac6c-844c53f6ceb1', 'Yuliyani, AMK', '198107182005012005', '', NULL, NULL, NULL, NULL, NULL, NULL, 0, '{\"t2017\": \"11\", \"t2018\": \"12\", \"total\": \"18\"}', '{\"jabatan\": \"Perawat Pelaksana Lanjutan\", \"pangkat\": \"Penata Muda Tk.I\", \"golongan\": \"III b\", \"tmt_cpns\": \"01-01-2005\", \"direktorat\": \"Dirmed Perawatan\", \"pendidikan\": \"D-III Keperawatan\", \"tmt_golongan\": \"1 Oktober 2015\", \"jenis_ketenagaan\": \"Perawat\"}', '2018-01-16 02:14:25', '2018-02-06 02:46:43'),
('2a2e693d-e3e7-4b3e-ab57-c264f8879b3d', 'Ika Suhariningsih, AMK', '19860809072', '', NULL, NULL, NULL, NULL, NULL, NULL, 0, '{\"t2017\": 0, \"t2018\": \"12\", \"total\": \"12\"}', '{\"jabatan\": \"Perawat Pelaksana\", \"pangkat\": \"\", \"golongan\": \" \", \"tmt_cpns\": \"\", \"direktorat\": \"Dirmed Perawatan\", \"pendidikan\": \"D-III Keperawatan\", \"tmt_golongan\": \"1 Desember 2009\", \"jenis_ketenagaan\": \"Perawat\"}', '2018-01-16 02:14:29', '2018-02-06 02:46:49'),
('2abbfb1f-07f2-4c98-aef2-6805241b04a2', 'Anita Mardiyani', '198203162008012008', '', NULL, NULL, NULL, NULL, NULL, NULL, 0, '{\"t2017\": \"11\", \"t2018\": \"12\", \"total\": \"18\"}', '{\"jabatan\": \"Asisten Apoteker Pelaksana Lanjutan\", \"pangkat\": \"Penata Muda\", \"golongan\": \"III a\", \"tmt_cpns\": \"01-01-2008\", \"direktorat\": \"Dirmed Perawatan\", \"pendidikan\": \"D-III Farmasi\", \"tmt_golongan\": \"1 April 2015\", \"jenis_ketenagaan\": \"Penunjang\"}', '2018-01-16 02:12:48', '2018-02-06 02:46:42'),
('2b23ae49-e448-4b1e-ad03-b7aacec5ff31', 'Edi Budiono, AMK', '196807101989031003', '', NULL, NULL, NULL, NULL, NULL, NULL, 0, '{\"t2017\": \"3\", \"t2018\": \"12\", \"total\": \"15\"}', '{\"jabatan\": \"Perawat Penyelia\", \"pangkat\": \"Penata Tk.I\", \"golongan\": \"III d\", \"tmt_cpns\": \"01-03-1989\", \"direktorat\": \"Dirmed Perawatan\", \"pendidikan\": \"D-III Keperawatan\", \"tmt_golongan\": \"1 Oktober 2012\", \"jenis_ketenagaan\": \"Perawat\"}', '2018-01-16 02:13:05', '2018-02-06 02:46:43'),
('2c117d5c-4d3e-41dd-b03a-7bec058d016c', 'Fajar Veri Suprianto, AMK', '198610092008011002', '', NULL, NULL, NULL, NULL, NULL, NULL, 0, '{\"t2017\": \"11\", \"t2018\": \"12\", \"total\": \"18\"}', '{\"jabatan\": \"Perawat Pelaksana Lanjutan\", \"pangkat\": \"Penata Muda\", \"golongan\": \"III a\", \"tmt_cpns\": \"01-01-2008\", \"direktorat\": \"Dirmed Perawatan\", \"pendidikan\": \"D-III Keperawatan\", \"tmt_golongan\": \"1 April 2015\", \"jenis_ketenagaan\": \"Perawat\"}', '2018-01-16 02:13:11', '2018-02-06 02:46:44'),
('2c6c65eb-493c-46b6-8485-015509d74ab6', 'Fitria Herawati, AMK', '198705292010122003', '', NULL, NULL, NULL, NULL, NULL, NULL, 0, '{\"t2017\": \"3\", \"t2018\": \"12\", \"total\": \"15\"}', '{\"jabatan\": \"Perawat Maher\", \"pangkat\": \"Penata Muda, III/a\", \"golongan\": \"III a\", \"tmt_cpns\": \"01-12-2010\", \"direktorat\": \"Dirmed Perawatan\", \"pendidikan\": \"D-III Keperawatan\", \"tmt_golongan\": \"1 Oktober 2017\", \"jenis_ketenagaan\": \"Perawat\"}', '2018-01-16 02:13:11', '2018-02-06 02:46:45'),
('2d1e5342-1291-4e30-9c9b-0c70ca66ccfe', 'dr. Bambang Adi Santoso', '199108202018011001', '', NULL, NULL, NULL, NULL, NULL, NULL, 0, '{\"t2017\": 0, \"t2018\": 12, \"total\": 12}', '{\"jabatan\": \"Dokter Ahli Pertama\", \"pangkat\": \"Penata Muda Tk.I\", \"golongan\": \"III b\", \"tmt_cpns\": \"01-01-2018\", \"direktorat\": \"Kepala Bidang Medik\", \"pendidikan\": \"Dokter Umum\", \"tmt_golongan\": \"1 Januari 2018\", \"jenis_ketenagaan\": \"Medis\"}', '2018-02-06 03:29:42', '2018-02-06 03:29:42'),
('2d3f7647-9aa5-429d-ab05-deb94f90e52f', 'Henik Saefulmilah, AMK', '198112142005012002', '', NULL, NULL, NULL, NULL, NULL, NULL, 0, '{\"t2017\": \"3\", \"t2018\": \"12\", \"total\": \"15\"}', '{\"jabatan\": \"Perawat Pelaksana Lanjutan\", \"pangkat\": \"Penata Muda Tk.I\", \"golongan\": \"III b\", \"tmt_cpns\": \"01-01-2005\", \"direktorat\": \"Dirmed Perawatan\", \"pendidikan\": \"D-III Keperawatan\", \"tmt_golongan\": \"1 Oktober 2015\", \"jenis_ketenagaan\": \"Perawat\"}', '2018-01-16 02:13:15', '2018-02-06 02:46:43'),
('2d62c7d4-ff27-468b-8459-9b6d235bd24d', 'Helty Damayanti, MUB', '198506062008122005', '', NULL, NULL, NULL, NULL, NULL, NULL, 0, '{\"t2017\": 0, \"t2018\": \"12\", \"total\": \"12\"}', '{\"jabatan\": \"Nutrisionis Pelaksana Lanjutan\", \"pangkat\": \"Pengatur Tk.I\", \"golongan\": \"III a\", \"tmt_cpns\": \"01-12-2008\", \"direktorat\": \"Dirmed Perawatan\", \"pendidikan\": \"D-III Gizi\", \"tmt_golongan\": \"1 April 2016\", \"jenis_ketenagaan\": \"Penunjang\"}', '2018-01-16 02:13:14', '2018-02-06 02:46:42'),
('2ec10c35-e1ec-4e37-894b-886afdb068e7', 'Iwan Setiawan', '196107132007011014', '', NULL, NULL, NULL, NULL, NULL, NULL, 0, '{\"t2017\": \"11\", \"t2018\": \"12\", \"total\": \"18\"}', '{\"jabatan\": \"Teknisi Jaringan\", \"pangkat\": \"Pengatur Muda\", \"golongan\": \"II a\", \"tmt_cpns\": \"01-01-2007\", \"direktorat\": \"Dir. Adum\", \"pendidikan\": \"SMA Persamaan\", \"tmt_golongan\": \"1 April 2014\", \"jenis_ketenagaan\": \"Umum\"}', '2018-01-16 02:13:19', '2018-02-06 02:46:48'),
('2ef5d2a9-6e27-487f-b00b-62c11249e32c', 'Aryani, AMK', '198509252009122002', '', NULL, NULL, NULL, NULL, NULL, NULL, 0, '{\"t2017\": \"8\", \"t2018\": \"12\", \"total\": \"18\"}', '{\"jabatan\": \"Perawat Pelaksana Lanjutan\", \"pangkat\": \"Pengatur Tk.I\", \"golongan\": \"III a\", \"tmt_cpns\": \"01-12-2009\", \"direktorat\": \"Dirmed Perawatan\", \"pendidikan\": \"D-III Keperawatan\", \"tmt_golongan\": \"1 Oktober 2016\", \"jenis_ketenagaan\": \"Perawat\"}', '2018-01-16 02:12:49', '2018-02-06 02:46:45'),
('2f3e720f-d101-4bab-9555-812d796ad6a5', 'Neni Mulyani', '196009291984022001', '', NULL, NULL, NULL, NULL, NULL, NULL, 0, '{\"t2017\": \"8\", \"t2018\": \"12\", \"total\": \"18\"}', '{\"jabatan\": \"Bendahara\", \"pangkat\": \"Penata Muda Tk.I\", \"golongan\": \"III b\", \"tmt_cpns\": \"01-02-1984\", \"direktorat\": \"Dir. Adum\", \"pendidikan\": \"SMKK\", \"tmt_golongan\": \"1 April 2003\", \"jenis_ketenagaan\": \"Umum\"}', '2018-01-16 02:13:27', '2018-02-06 02:46:48'),
('30970b9e-2bf4-4854-9ff6-e4190fe99382', 'Bambang Herlambang, Amd.Kep', '198612292012121001', '', NULL, NULL, NULL, NULL, NULL, NULL, 0, '{\"t2017\": 0, \"t2018\": \"18\", \"total\": \"7\"}', '{\"jabatan\": \"Perawat Pelaksana\", \"pangkat\": \"Pengatur Tk.I\", \"golongan\": \"II d\", \"tmt_cpns\": \"01-12-2012\", \"direktorat\": \"Dirmed Perawatan\", \"pendidikan\": \"D-III Keperawatan\", \"tmt_golongan\": \"1 April 2016\", \"jenis_ketenagaan\": \"Perawat\"}', '2018-01-16 02:12:51', '2018-02-06 02:46:45'),
('3141d1f8-8fd5-4c48-94a4-6fa732f8dabe', 'Retno Wulandari, Amd', '19880811229', '$2y$10$CKZ9DLErhjxa8xnoVLIy3.b3Q1gi9prnmy/RMm6qbFYvy4ldW1U9.', 'qC7L8BYzbcuDsoulTu5anUjbHrPvgVzmnqlLfjGLkezfGV4LsIBDkz3JPFD7', 2, 4, 10, NULL, 2, 1, '{\"t2017\": 0, \"t2018\": \"12\", \"total\": \"12\"}', '{\"jabatan\": \"Pengelola BMN\", \"pangkat\": \"\", \"golongan\": \" \", \"tmt_cpns\": \"\", \"direktorat\": \"Dir. Adum\", \"pendidikan\": \"D-III Manaj. Keung.Perb.\", \"tmt_golongan\": \"1 Desember 2011\", \"jenis_ketenagaan\": \"Umum\"}', '2018-01-16 02:14:35', '2018-02-06 02:46:50'),
('314c2048-9613-45b2-a2f9-b71463aaf92e', 'Yuni Widyastuti', '197906022009122002', '', NULL, NULL, NULL, NULL, NULL, NULL, 0, '{\"t2017\": \"11\", \"t2018\": \"12\", \"total\": \"18\"}', '{\"jabatan\": \"Asisten Apoteker Pelaksana Lanjutan\", \"pangkat\": \"Pengatur Tk.I\", \"golongan\": \"III a\", \"tmt_cpns\": \"01-12-2009\", \"direktorat\": \"Dirmed Perawatan\", \"pendidikan\": \"D-III Farmasi\", \"tmt_golongan\": \"1 Oktober 2016\", \"jenis_ketenagaan\": \"Penunjang\"}', '2018-01-16 02:14:25', '2018-02-06 02:46:42'),
('31682052-cd72-4948-bdb7-57ad41f09caf', 'dr. Priska Duana Putri, Sp.P', '19860413274', '', NULL, NULL, NULL, NULL, NULL, NULL, 0, '{\"t2017\": 0, \"t2018\": \"12\", \"total\": \"12\"}', '{\"kd_dr\": \"069\"}', '2018-01-16 02:14:52', '2018-01-16 02:14:52'),
('31f260e9-031f-4c71-8b67-5b275c3ee684', 'Apip Sadikin, AMK', '196605291985121001', '$2y$10$CM8eSmk98IpW2YZdT4w1kuT6X7U7Zy8RxxGTEldGP9tT/oGlOIgdq', 'bjKYQSQlyHGTMCJPZ2tFKuuYcgQ76ES6Y9PuBhjA7XOuzk4V9p0BKN7ooThL', 1, 2, 5, 22, 2, 1, '{\"t2017\": \"11\", \"t2018\": \"12\", \"total\": \"18\"}', '{\"jabatan\": \"Perawat Penyelia\", \"pangkat\": \"Penata Tk.I\", \"golongan\": \"III d\", \"tmt_cpns\": \"01-12-1985\", \"direktorat\": \"Dirmed Perawatan\", \"pendidikan\": \"D-III Keperawatan\", \"tmt_golongan\": \"1 April 2010\", \"jenis_ketenagaan\": \"Perawat\"}', '2018-01-16 02:12:49', '2018-02-09 07:09:18'),
('31f96a43-e6e9-49e3-834f-0041a7198ba5', 'Tia Sulistiana, AMK', '19830325080', '', NULL, NULL, NULL, NULL, NULL, NULL, 0, '{\"t2017\": 0, \"t2018\": \"12\", \"total\": \"12\"}', '{\"jabatan\": \"Perawat Pelaksana\", \"pangkat\": \"\", \"golongan\": \" \", \"tmt_cpns\": \"\", \"direktorat\": \"Dirmed Perawatan\", \"pendidikan\": \"D-III Keperawatan\", \"tmt_golongan\": \"1 Desember 2009\", \"jenis_ketenagaan\": \"Perawat\"}', '2018-01-16 02:14:31', '2018-02-06 02:46:49'),
('322395df-5e81-4adb-bb77-e5ab31585d88', 'Mulyana Hadianata', '19810622058', '', NULL, NULL, NULL, NULL, NULL, NULL, 0, '{\"t2017\": 0, \"t2018\": \"12\", \"total\": \"12\"}', '{\"jabatan\": \"Pramu\", \"pangkat\": \"\", \"golongan\": \" \", \"tmt_cpns\": \"\", \"direktorat\": \"Dir. Adum\", \"pendidikan\": \"SMA\", \"tmt_golongan\": \"5 Oktober 2009\", \"jenis_ketenagaan\": \"Umum\"}', '2018-01-16 02:14:43', '2018-02-06 02:46:50'),
('334f58de-8f71-4b25-a2a8-0c4161b3cef1', 'Risna Muninggar', '198810072009122001', '', NULL, NULL, NULL, NULL, NULL, NULL, 0, '{\"t2017\": \"3\", \"t2018\": \"12\", \"total\": \"15\"}', '{\"jabatan\": \"Perawat Pelaksana Lanjutan\", \"pangkat\": \"Penata Muda\", \"golongan\": \"III a\", \"tmt_cpns\": \"01-12-2009\", \"direktorat\": \"Dirmed Perawatan\", \"pendidikan\": \"D-III Keperawatan\", \"tmt_golongan\": \"1 Oktober 2016\", \"jenis_ketenagaan\": \"Perawat\"}', '2018-01-16 02:13:33', '2018-02-06 02:46:44'),
('33d62994-3783-4b86-bc9a-0777bfc02f5c', 'Rosalina Marung', '196407111984022001', '$2y$10$MvtPtrgy8KVtnWMSIzk22e3vni6Pp54FJAwCBv0T1yH8GFWJ6Fip.', 'hPtzeQWGHmx6bNtvJtKG5a2pti3N5p2npqQ5TIW7yg8NB2VbspuXsrWy2Btp', 2, 3, 8, NULL, 2, 1, '{\"t2017\": \"4\", \"t2018\": 6, \"total\": 10}', '{\"jabatan\": \"Pengadministrasi Keuangan\", \"pangkat\": \"Penata Muda Tk.I\", \"golongan\": \"III b\", \"tmt_cpns\": \"01-02-1984\", \"direktorat\": \"Dir. Adum\", \"pendidikan\": \"SMKK\", \"tmt_golongan\": \"1 April 2003\", \"jenis_ketenagaan\": \"Umum\"}', '2018-01-16 02:13:34', '2018-02-06 08:26:06');
INSERT INTO `users` (`id`, `name`, `nip`, `password`, `remember_token`, `id_direktorat`, `id_bagian`, `id_subagseksi`, `id_instalasi`, `id_kastaff`, `active`, `json_user`, `json_data`, `created_at`, `updated_at`) VALUES
('343edd6a-7273-40f7-9f34-fe53f55595c1', 'Idam', '196402292006041002', '', NULL, NULL, NULL, NULL, NULL, NULL, 0, '{\"t2017\": \"6\", \"t2018\": \"12\", \"total\": \"18\"}', '{\"jabatan\": \"Pramu\", \"pangkat\": \"Pengatur\", \"golongan\": \"II c\", \"tmt_cpns\": \"01-04-2006\", \"direktorat\": \"Dir. Adum\", \"pendidikan\": \"SMA\", \"tmt_golongan\": \"1 April 2014\", \"jenis_ketenagaan\": \"Umum\"}', '2018-01-16 02:13:17', '2018-02-06 02:46:48'),
('34f85d0a-4ad5-4670-ac40-7b9309c8f53e', 'Ady Friadi, S.Sos', '198410122010121002', '$2y$10$JMjm1oBuZBxPStIK63GkS.5/z4IbTkE7kRg59zXwZtxGwnkwYxLyu', 'M0XvfWIWbvcYajcReKrZGTQLNDxc6qmPoa5wV0CNu4iYGjTi2hDoyXozcYiP', 2, 4, 9, NULL, 2, 1, '{\"t2017\": \"6\", \"t2018\": \"12\", \"total\": \"13\"}', '{\"jabatan\": \"Arsiparis\", \"pangkat\": \"Penata Muda Tk.I\", \"golongan\": \"III b\", \"tmt_cpns\": \"01-12-2010\", \"direktorat\": \"Dir. Adum\", \"pendidikan\": \"S1 Komunikasi\", \"tmt_golongan\": \"1 April 2015\", \"jenis_ketenagaan\": \"Umum\"}', '2018-01-16 02:12:45', '2018-02-06 02:46:47'),
('35b9b5c8-6b0f-4b31-8032-9ce6eb79fd8a', 'Dr. Liza Siregar,M.Kes', '196207111987112001', '', NULL, NULL, NULL, NULL, NULL, NULL, 0, '{\"t2017\": 0, \"t2018\": \"12\", \"total\": \"12\"}', '{\"kd_dr\": \"007\", \"jabatan\": \"Dokter Madya\", \"pangkat\": \"Pembina Utama Muda\", \"golongan\": \"IV c\", \"tmt_cpns\": \"01-11-1987\", \"direktorat\": \"Ka. Instalasi Rawat Jalan\", \"pendidikan\": \"S2 Kesehatan\", \"tmt_golongan\": \"1 Oktober 2015\", \"jenis_ketenagaan\": \"Medis\"}', '2018-01-16 02:13:01', '2018-02-06 02:46:47'),
('3671c2b3-c3f9-4342-84f1-7c3662bed8c9', 'Musthofa, SKM', '196904221993031001', '', NULL, NULL, NULL, NULL, NULL, NULL, 0, '{\"t2017\": \"8\", \"t2018\": \"12\", \"total\": \"18\"}', '{\"jabatan\": \"Radiografer Penyelia\", \"pangkat\": \"Penata Tk.I\", \"golongan\": \"III d\", \"tmt_cpns\": \"01-03-1993\", \"direktorat\": \"Dirmed Perawatan\", \"pendidikan\": \"S1 Kes.Masy.\", \"tmt_golongan\": \"1 April 2016\", \"jenis_ketenagaan\": \"Penunjang\"}', '2018-01-16 02:13:27', '2018-02-06 02:46:45'),
('36e00f22-0170-4b6c-bba4-1bd9009c1e92', 'Rizki Rahmayanti', '199101232015032003', '$2y$10$JS6raRY.pttlGAnKFrPbyes7tZnHfaIgy6SMVRstg..kiDW0qsFEm', 'VgLPz691KkQOKcm5UYQCQJNhGxbZ4f5PZef01ocqxOyTFWd48DJ3CgW9ZNIy', 1, 2, 4, 14, 2, 1, '{\"t2017\": \"2\", \"t2018\": \"12\", \"total\": \"14\"}', '{\"jabatan\": \"Fisioterapis Pelaksana\", \"pangkat\": \"Pengatur\", \"golongan\": \"II c\", \"tmt_cpns\": \"01-03-2015\", \"direktorat\": \"Dirmed Perawatan\", \"pendidikan\": \"D-III Fisioterapi\", \"tmt_golongan\": \"1 Maret 2015\", \"jenis_ketenagaan\": \"Penunjang\"}', '2018-01-16 02:13:33', '2018-02-06 02:46:42'),
('37294875-18ab-45bf-8d04-afccae9f36d9', 'Hendri Saputra Nasution', '198402272009121003', '$2y$10$bPFqiiD1z.lpOQPCAHm5Qet70geerQOeEkCvbCUGggn3BcK8Si056', 'lGW3exxowJMBkXtFF2jGMkY7O9UeDQ4HYbez0phPg26L9hrPuS5mo8SjiNAP', 2, 4, 9, 28, 2, 1, '{\"t2017\": \"3\", \"t2018\": \"12\", \"total\": \"15\"}', '{\"jabatan\": \"Pranata Komputer Pemula\", \"pangkat\": \"Pengatur Tk.I\", \"golongan\": \"II d\", \"tmt_cpns\": \"01-12-2009\", \"direktorat\": \"Dir. Adum\", \"pendidikan\": \"D-III Komputer\", \"tmt_golongan\": \"1 April 2014\", \"jenis_ketenagaan\": \"Umum\"}', '2018-01-16 02:13:15', '2018-02-06 07:49:24'),
('3797337a-3002-459c-8ab2-b992dd543d75', 'Zainal Azhar, Ners', '198911172018011001', '', NULL, NULL, NULL, NULL, NULL, NULL, 0, '{\"t2017\": 0, \"t2018\": 12, \"total\": 12}', '{\"jabatan\": \"Perawat Ahli Pertama\", \"pangkat\": \"Penata Muda\", \"golongan\": \"III a\", \"tmt_cpns\": \"01-01-2018\", \"direktorat\": \"Dirmed Perawatan\", \"pendidikan\": \"S1 Keperawatan + Ners\", \"tmt_golongan\": \"1 Januari 2018\", \"jenis_ketenagaan\": \"Perawat\"}', '2018-02-06 03:29:43', '2018-02-06 03:29:43'),
('381a7b89-7aff-49f9-b495-7c33215b1d15', 'Mulyono, AMK', '196907041991031001', '$2y$10$jObFT5l5MdiYtSCVaUp2v.HceLX/MnjjrH2DwTawJtAn/g2hkt2vK', 'Zln9mw69q3DfDiBvrwHSCCAj5yXKdlvOb8lq8fPA6pBcNm4HSkS8nneejK3P', 1, 2, 5, 24, 1, 1, '{\"t2017\": 0, \"t2018\": \"12\", \"total\": \"12\"}', '{\"jabatan\": \"Perawat Penyelia\", \"pangkat\": \"Penata Tk.I\", \"golongan\": \"III d\", \"tmt_cpns\": \"01-03-1991\", \"direktorat\": \"Dirmed Perawatan\", \"pendidikan\": \"D-III Keperawatan\", \"tmt_golongan\": \"1 April 2016\", \"jenis_ketenagaan\": \"Perawat\"}', '2018-01-16 02:13:26', '2018-02-07 02:43:58'),
('38658ddc-ce91-4b33-bbe2-32d9d13ea834', 'Adi Prihartono, AMG', '19770307038', '', NULL, NULL, NULL, NULL, NULL, NULL, 0, '{\"t2017\": 0, \"t2018\": \"12\", \"total\": \"12\"}', '{\"jabatan\": \"Nutrisionis Pelaksana\", \"pangkat\": \"\", \"golongan\": \" \", \"tmt_cpns\": \"\", \"direktorat\": \"Dirmed Perawatan\", \"pendidikan\": \"D-III Gizi\", \"tmt_golongan\": \"2 pebruari 2009\", \"jenis_ketenagaan\": \"Penunjang\"}', '2018-01-16 02:14:34', '2018-02-06 02:46:50'),
('38f5ee86-f77b-4787-8815-11259eed9cbd', 'Iqbal Gunawan', '198709222014021001', '', NULL, NULL, NULL, NULL, NULL, NULL, 0, '{\"t2017\": \"7\", \"t2018\": \"12\", \"total\": \"18\"}', '{\"jabatan\": \"Teknisi Elektro Medis Pelaksana\", \"pangkat\": \"Pengatur\", \"golongan\": \"II c\", \"tmt_cpns\": \"01-02- 2014\", \"direktorat\": \"Dirmed Perawatan\", \"pendidikan\": \"D-III Elektro Medik\", \"tmt_golongan\": \"1 Pebruari 2014\", \"jenis_ketenagaan\": \"Penunjang\"}', '2018-01-16 02:13:18', '2018-02-06 02:46:42'),
('393b05ac-c19c-4b71-9bc5-afa31decef09', 'Ade Jamaludin', '196911032007011027', '$2y$10$a57BQ5hl2SdnGCYTrrbUPOI6nu2ctVumtWG/YvNuw5.Zkh2srlL/S', 'M6hEo2CD32WmO6EtriIGfLT0jflUofi7Luv5DcqdUdQQSz1Ij1xyZwWijxt6', 1, 1, 2, 3, 2, 1, '{\"t2017\": \"7\", \"t2018\": \"12\", \"total\": \"18\"}', '{\"jabatan\": \"Pembantu Orang Sakit\", \"pangkat\": \"Pengatur Muda\", \"golongan\": \"II a\", \"tmt_cpns\": \"01-01-2007\", \"direktorat\": \"Dir. Adum\", \"pendidikan\": \"SMP\", \"tmt_golongan\": \"1 April 2015\", \"jenis_ketenagaan\": \"Umum\"}', '2018-01-16 02:12:43', '2018-02-12 01:55:27'),
('39b8fc89-06e3-44d1-87be-cfa1f0affe05', 'Winda Nurfadilah', '199111172014022001', '', NULL, NULL, NULL, NULL, NULL, NULL, 0, '{\"t2017\": \"7\", \"t2018\": \"12\", \"total\": \"18\"}', '{\"jabatan\": \"Penata Laporan Keuangan\", \"pangkat\": \"Pengatur\", \"golongan\": \"II c\", \"tmt_cpns\": \"01-02- 2014\", \"direktorat\": \"Dir. Adum\", \"pendidikan\": \"D-III Ekonomi Akutansi\", \"tmt_golongan\": \"1 Pebruari 2014\", \"jenis_ketenagaan\": \"Umum\"}', '2018-01-16 02:14:23', '2018-02-06 02:46:42'),
('3b267ff3-24f7-4f0b-9339-3150be026649', 'Rizal Pamungkas, S.T.', '19930207282', '$2y$10$yZe5rqIMtlSe7KSoFFBdIO3B6Y9klMt7SXBdaUJg6ltiUPzDtd56y', 'xFRHFlB0Xff7zuzRsegNiepKTGjwc50GO9EfpRksgMn3Rba643o9ISInUIha', 2, 4, 9, 28, 2, 1, '{\"t2017\": 0, \"t2018\": \"12\", \"total\": \"12\"}', '{\"jabatan\": \"IT Programmer\", \"pangkat\": \"\", \"golongan\": \" \", \"tmt_cpns\": \"\", \"direktorat\": \"Dir Adum\", \"pendidikan\": \"S1. Tekhnik Komputer\", \"tmt_golongan\": \"1 Nopember 2017\", \"jenis_ketenagaan\": \"Penunjang\"}', '2017-12-11 09:09:36', '2018-02-06 02:46:51'),
('3cf00e82-d31f-4bea-86c9-7edfa6a35922', 'Dr. Dian Takarina, Sp.KK', '196509072009122001', '', NULL, NULL, NULL, NULL, NULL, NULL, 0, '{\"t2017\": \"11\", \"t2018\": \"12\", \"total\": \"18\"}', '{\"kd_dr\": \"030\", \"jabatan\": \"Dokter Muda\", \"pangkat\": \"Penata Tk.I\", \"golongan\": \"III d\", \"tmt_cpns\": \"01-12-2009\", \"direktorat\": \"Dirmed Perawatan\", \"pendidikan\": \"Dokter Umum + S2 Spes.\", \"tmt_golongan\": \"1 Oktober 2016\", \"jenis_ketenagaan\": \"Medis\"}', '2018-01-16 02:12:59', '2018-02-06 02:46:46'),
('3cf47d1a-684a-4346-baf1-1f0f34d84bde', 'Moh. Suaib, AMK', '197707222010121001', '$2y$10$RqJrgp377CyHPcuq5Aarf.tARf2dxeQcNuwgXpC0D1Gif68aXYTKS', 'LlcgvBZw8dIRfjsyPTmuCfjf3GTJC6U3YlXikxAvoxriwFTfggV4HGgNUcb4', 1, 2, 5, NULL, 2, 1, '{\"t2017\": \"1\", \"t2018\": \"12\", \"total\": \"13\"}', '{\"jabatan\": \"Perawat Maher\", \"pangkat\": \"Penata Muda, III/a\", \"golongan\": \"III a\", \"tmt_cpns\": \"01-12-2010\", \"direktorat\": \"Dirmed Perawatan\", \"pendidikan\": \"D-III Keperawatan\", \"tmt_golongan\": \"1 Oktober 2017\", \"jenis_ketenagaan\": \"Perawat\"}', '2018-01-16 02:13:25', '2018-02-06 02:46:44'),
('3d192c01-5b5a-48c8-b65a-a97947b310fe', 'Yanto Rusyanto, AMK', '197711102005011001', '$2y$10$tl2/dl.sJYst/vTxiijntepiCIRQk7CntaGcZKxKUNZvNO03VU3Oa', '0KvPO1kNLDdMdtzAN3FNurbLGAw0U4iQBidAYImJDRB07nm1NnHwTZFlgmU7', 1, 2, 4, 16, 2, 1, '{\"t2017\": \"11\", \"t2018\": \"12\", \"total\": \"18\"}', '{\"jabatan\": \"Perawat Pelaksana Lanjutan\", \"pangkat\": \"Penata Muda Tk.I\", \"golongan\": \"III b\", \"tmt_cpns\": \"01-01-2005\", \"direktorat\": \"Dirmed Perawatan\", \"pendidikan\": \"D-III Keperawatan\", \"tmt_golongan\": \"1 Oktober 2015\", \"jenis_ketenagaan\": \"Perawat\"}', '2018-01-16 02:14:24', '2018-02-09 07:42:00'),
('3d8967c8-d98e-4ee3-a35e-41807181dce5', 'Elan Jaelani', '19880420050', '', NULL, NULL, NULL, NULL, NULL, NULL, 0, '{\"t2017\": 0, \"t2018\": \"12\", \"total\": \"12\"}', '{\"jabatan\": \"Pengadministrasi Umum\", \"pangkat\": \"\", \"golongan\": \" \", \"tmt_cpns\": \"\", \"direktorat\": \"Dir. Adum\", \"pendidikan\": \"SI Akutansi\", \"tmt_golongan\": \"5 Oktober 2009\", \"jenis_ketenagaan\": \"Umum\"}', '2018-01-16 02:14:38', '2018-02-06 02:46:50'),
('3e25cb1a-4076-468a-8b74-b1860f0bf765', 'Turwanto, Amd.Fis', '19840505111', '$2y$10$7vMPj.w0qEl2w9c6lJqAW.SA4O6Brbvvy9YONj049mFF3Jpjgfm1.', 'Z8NS4M2iX5ypMXB9Sr3AvPWwqYcNPp9qOClqZ9zLZtsbgICAKmxWOfVcd6gV', 1, 2, 4, 14, 2, 1, '{\"t2017\": 0, \"t2018\": \"12\", \"total\": \"12\"}', '{\"jabatan\": \"Fisioterapis Pelaksana\", \"pangkat\": \"\", \"golongan\": \" \", \"tmt_cpns\": \"\", \"direktorat\": \"Dirmed Perawatan\", \"pendidikan\": \"D-III Fisioterapi\", \"tmt_golongan\": \"1 Nopember 2010\", \"jenis_ketenagaan\": \"Penunjang\"}', '2018-01-16 02:14:34', '2018-02-06 02:46:50'),
('3e78b18e-da6d-4fd5-82a3-fbcb2397eda3', 'Tintin Agustini', '197107282006042005', '', NULL, NULL, NULL, NULL, NULL, NULL, 0, '{\"t2017\": \"5\", \"t2018\": \"12\", \"total\": \"17\"}', '{\"jabatan\": \"Pengadministrasi Keuangan\", \"pangkat\": \"Pengatur\", \"golongan\": \"III a\", \"tmt_cpns\": \"01-04-2006\", \"direktorat\": \"Dir. Adum\", \"pendidikan\": \"S1 Akutansi\", \"tmt_golongan\": \"1 April 2017\", \"jenis_ketenagaan\": \"Umum\"}', '2018-01-16 02:14:21', '2018-02-06 02:46:46'),
('3f27a65e-93b3-45f9-9ca8-97dc3bacd568', 'Jaenudin', '196902042008121001', '', NULL, NULL, NULL, NULL, NULL, NULL, 0, '{\"t2017\": \"11\", \"t2018\": \"12\", \"total\": \"18\"}', '{\"jabatan\": \"Pembantu Orang Sakit\", \"pangkat\": \"Pengatur Muda\", \"golongan\": \"II a\", \"tmt_cpns\": \"01-12-2008\", \"direktorat\": \"Dir. Adum\", \"pendidikan\": \"SMA Persamaan\", \"tmt_golongan\": \"1 April 2015\", \"jenis_ketenagaan\": \"Umum\"}', '2018-01-16 02:13:20', '2018-02-06 02:46:48'),
('3f920fe0-7674-42cb-bd4f-e937260f8797', 'Resdiana', '19870509062', '$2y$10$yxVWyGrCANqSJKAiNUPy6epCMCd3yLCleg/.AiDolKehCdByww/rW', 'tag3oSESEpj8LzfSbW4TtDV3cXMXKg03VSWURe8yMz2NeZ3iNqxEecumDAw6', 2, 4, 9, NULL, 2, 1, '{\"t2017\": 0, \"t2018\": \"12\", \"total\": \"12\"}', '{\"jabatan\": \"Pengadministrasi Umum\", \"pangkat\": \"\", \"golongan\": \" \", \"tmt_cpns\": \"\", \"direktorat\": \"Dir. Adum\", \"pendidikan\": \"D-III Manajemen Informatika\", \"tmt_golongan\": \"5 Oktober 2009\", \"jenis_ketenagaan\": \"Umum\"}', '2018-01-16 02:14:35', '2018-02-06 02:46:50'),
('3f9e6ff9-0225-45c1-831a-52e525feebbe', 'Aldiansyah Maulana', '19810210042', '', NULL, NULL, NULL, NULL, NULL, NULL, 0, '{\"t2017\": 0, \"t2018\": \"12\", \"total\": \"12\"}', '{\"jabatan\": \"Binatu\", \"pangkat\": \"\", \"golongan\": \" \", \"tmt_cpns\": \"\", \"direktorat\": \"Dir. Adum\", \"pendidikan\": \"SMA\", \"tmt_golongan\": \"5 Oktober 2009\", \"jenis_ketenagaan\": \"Umum\"}', '2018-01-16 02:14:40', '2018-02-06 02:46:50'),
('42240cad-56b4-4c94-ac46-b9a9df4e2365', 'dr. Enrico Saut Martua Pasaribu, Sp.B', '19792602275', '', NULL, NULL, NULL, NULL, NULL, NULL, 0, '{\"t2017\": 0, \"t2018\": \"12\", \"total\": \"12\"}', '{\"kd_dr\": \"070\", \"jabatan\": \"Dokter\", \"pangkat\": \"\", \"golongan\": \" \", \"tmt_cpns\": \"\", \"direktorat\": \"Dirmed Perawatan\", \"pendidikan\": \"S2 Spesialis Bedah\", \"tmt_golongan\": \"1 Juni 2016\", \"jenis_ketenagaan\": \"Mediss\"}', '2018-01-16 02:14:52', '2018-02-06 02:46:49'),
('426eeb10-e434-4e17-991e-9af4bbe4befa', 'Yuliati', '196207151982032002', '', NULL, NULL, NULL, NULL, NULL, NULL, 0, '{\"t2017\": \"11\", \"t2018\": \"12\", \"total\": \"18\"}', '{\"jabatan\": \"Pembantu Orang Sakit\", \"pangkat\": \"Penata Muda Tk.I\", \"golongan\": \"III b\", \"tmt_cpns\": \"01-03-1982\", \"direktorat\": \"Dir. Adum\", \"pendidikan\": \"SMA Persamaan\", \"tmt_golongan\": \"1 April 2014\", \"jenis_ketenagaan\": \"Umum\"}', '2018-01-16 02:14:25', '2018-02-06 02:46:48'),
('4364af7c-d0ae-4f8c-93d5-51aab0f2c3df', 'Nury Noviyanti, Amd.Kep', '198705072012122001', '$2y$10$/4RXAIvbi4sSyWaq/Y9dqO7xB67N3lVz1mcImeUKuzultzgXMx1Oq', 'Pi8IKTRYTmUfpylpyUQMqqiEzVq18FjUUtsb2wP3JDwIHoAusZG8Lzz5T7wx', 1, 2, 5, 21, 2, 1, '{\"t2017\": 0, \"t2018\": \"12\", \"total\": \"12\"}', '{\"jabatan\": \"Perawat Pelaksana\", \"pangkat\": \"Pengatur Tk.I\", \"golongan\": \"II d\", \"tmt_cpns\": \"01-12-2012\", \"direktorat\": \"Dirmed Perawatan\", \"pendidikan\": \"D-III Keperawatan\", \"tmt_golongan\": \"1 April 2016\", \"jenis_ketenagaan\": \"Perawat\"}', '2018-01-16 02:13:30', '2018-02-06 02:46:45'),
('446100c0-2cea-4cf9-9f66-48b480e5afde', 'Cucu Rosmala, AMK', '198412302008122004', '', NULL, NULL, NULL, NULL, NULL, NULL, 0, '{\"t2017\": \"11\", \"t2018\": \"12\", \"total\": \"18\"}', '{\"jabatan\": \"Perawat Pelaksana Lanjutan\", \"pangkat\": \"Penata Muda\", \"golongan\": \"III a\", \"tmt_cpns\": \"01-12-2008\", \"direktorat\": \"Dirmed Perawatan\", \"pendidikan\": \"D-III Keperawatan\", \"tmt_golongan\": \"1 April 2016\", \"jenis_ketenagaan\": \"Perawat\"}', '2018-01-16 02:12:52', '2018-02-06 02:46:44'),
('483ce286-f938-484a-81f9-0b16e3aaa960', 'Mus Mulyadi, SKM', '197407061997031002', '', NULL, NULL, NULL, NULL, NULL, NULL, 0, '{\"t2017\": \"8\", \"t2018\": \"12\", \"total\": \"14\"}', '{\"jabatan\": \"Perencana\", \"pangkat\": \"Penata\", \"golongan\": \"III c\", \"tmt_cpns\": \"01-03-1997\", \"direktorat\": \"Dirmed Perawatan\", \"pendidikan\": \"S1 Kes.Masy.\", \"tmt_golongan\": \"1 April 2013\", \"jenis_ketenagaan\": \"Umum\"}', '2018-01-16 02:13:27', '2018-02-06 02:46:47'),
('48d568fe-f8f2-4371-9840-9d5644131603', 'Ramdani, AMK', '198406282008011006', '$2y$10$y7K0DlqnIBZZouikZ4zqXumtOyKyoorv/HU1STd2xugqvi0C1lD7O', 'FjFqncCQnkmzjX3Kn4yqTfUdK22n7itBqhOaY4tEz1hFeldHLFiyak60JLcA', 1, 2, 4, 16, 2, 1, '{\"t2017\": 0, \"t2018\": \"12\", \"total\": \"12\"}', '{\"jabatan\": \"Perawat Pelaksana Lanjutan\", \"pangkat\": \"Penata Muda\", \"golongan\": \"III a\", \"tmt_cpns\": \"01-01-2008\", \"direktorat\": \"Dirmed Perawatan\", \"pendidikan\": \"D-III Keperawatan\", \"tmt_golongan\": \"1 April 2015\", \"jenis_ketenagaan\": \"Perawat\"}', '2018-01-16 02:13:31', '2018-02-09 07:36:39'),
('49653dd5-1b7c-4053-a048-618b8e3bc23c', 'Hamzah', '196904152000031003', '', NULL, NULL, NULL, NULL, NULL, NULL, 0, '{\"t2017\": \"6\", \"t2018\": \"12\", \"total\": \"18\"}', '{\"jabatan\": \"Perawat Penyelia\", \"pangkat\": \"Penata\", \"golongan\": \"III c\", \"tmt_cpns\": \"01-03-2000\", \"direktorat\": \"Dirmed Perawatan\", \"pendidikan\": \"D-III Keperawatan+Anestesi\", \"tmt_golongan\": \"1 April 2016\", \"jenis_ketenagaan\": \"Perawat\"}', '2018-01-16 02:13:13', '2018-02-06 02:46:45'),
('4b7a77ec-1380-4cda-a27d-64a793ae6a2d', 'Agus Muhammad Hidayat, SKM', '196507051986031006', '', NULL, NULL, NULL, NULL, NULL, NULL, 0, '{\"t2017\": \"1\", \"t2018\": \"12\", \"total\": \"13\"}', '{\"jabatan\": \"Pengadaan Barang/Jasa Muda\", \"pangkat\": \"Penata Tk.I\", \"golongan\": \"III d\", \"tmt_cpns\": \"01-03-1986\", \"direktorat\": \"Dir. Adum\", \"pendidikan\": \"S1 Kes.Masy.\", \"tmt_golongan\": \"1 Oktober 2011\", \"jenis_ketenagaan\": \"Umum\"}', '2018-01-16 02:12:46', '2018-02-06 02:46:47'),
('4ba84aab-b5f4-4031-a6a1-91520651877b', 'Dedeh Supriatin, AMK', '197708132001122001', '$2y$10$g4Wovwh7s9dGwe6LJK/cQOarSxF7W8C8GhwcqjMMBs4tNVNd1CvYm', 'ZIDsmdAgk4orhOo7j5RyEqL3zVcXqeR697q2kTFeYfcJRfy4qRGULkB8PWKr', 1, 2, 5, 22, 2, 1, '{\"t2017\": \"11\", \"t2018\": \"12\", \"total\": \"18\"}', '{\"jabatan\": \"Perawat Pelaksana Lanjutan\", \"pangkat\": \"Penata Muda\", \"golongan\": \"III a\", \"tmt_cpns\": \"01-12-2001\", \"direktorat\": \"Dirmed Perawatan\", \"pendidikan\": \"D-III Keperawatan\", \"tmt_golongan\": \"1 April 2015\", \"jenis_ketenagaan\": \"Perawat\"}', '2018-01-16 02:12:53', '2018-02-06 08:26:12'),
('4c63e333-d96f-4306-a04e-4813b140fe86', 'Try Oktasari', '198210032008122003', '', NULL, NULL, NULL, NULL, NULL, NULL, 0, '{\"t2017\": \"11\", \"t2018\": \"12\", \"total\": \"18\"}', '{\"jabatan\": \"Asisten Apoteker Pelaksana Lanjutan\", \"pangkat\": \"Penata Muda\", \"golongan\": \"III a\", \"tmt_cpns\": \"01-12-2008\", \"direktorat\": \"Dirmed Perawatan\", \"pendidikan\": \"D-III Farmasi\", \"tmt_golongan\": \"1 April 2016\", \"jenis_ketenagaan\": \"Penunjang\"}', '2018-01-16 02:14:22', '2018-02-06 02:46:42'),
('4ce3d4e3-2893-494a-b47e-ddfe49c4e747', 'Slamet Riswandi , AMK', '197312122003121001', '', NULL, NULL, NULL, NULL, NULL, NULL, 0, '{\"t2017\": 0, \"t2018\": \"12\", \"total\": \"12\"}', '{\"jabatan\": \"Perawat Penyelia\", \"pangkat\": \"Penata\", \"golongan\": \"III c\", \"tmt_cpns\": \"01-12-2003\", \"direktorat\": \"Dirmed Perawatan\", \"pendidikan\": \"D-III Keperawatan\", \"tmt_golongan\": \"1 Oktober 2017\", \"jenis_ketenagaan\": \"Perawat\"}', '2018-01-16 02:13:36', '2018-02-06 02:46:43'),
('4ce7615e-82e7-497d-adc2-e24b706a5450', 'Hendrik Erwin', '197706112009121001', '', NULL, NULL, NULL, NULL, NULL, NULL, 0, '{\"t2017\": \"11\", \"t2018\": \"12\", \"total\": \"18\"}', '{\"jabatan\": \"Pembantu Orang Sakit\", \"pangkat\": \"Pengatur Muda Tk.I\", \"golongan\": \"II b\", \"tmt_cpns\": \"01-12-2009\", \"direktorat\": \"Dir. Adum\", \"pendidikan\": \"SMA\", \"tmt_golongan\": \"1 April 2014\", \"jenis_ketenagaan\": \"Umum\"}', '2018-01-16 02:13:15', '2018-02-06 02:46:48'),
('4d04316a-7a45-4931-9ead-e088e708c79c', 'Ns. Hj.Eli Marlina, S.Kep', '196404271989032001', '', NULL, NULL, NULL, NULL, NULL, NULL, 0, '{\"t2017\": \"11\", \"t2018\": \"12\", \"total\": \"18\"}', '{\"jabatan\": \"Perawat Penyelia\", \"pangkat\": \"Pembina\", \"golongan\": \"IV a\", \"tmt_cpns\": \"01-03-1989\", \"direktorat\": \"Dirmed Perawatan\", \"pendidikan\": \"S1 Keperawatan + Ners\", \"tmt_golongan\": \"1 Oktober 2009\", \"jenis_ketenagaan\": \"Perawat\"}', '2018-01-16 02:13:28', '2018-02-06 02:46:47'),
('4d08a6c2-aab4-41ff-9ac2-79d278f10107', 'Hanna Fauzia', '199211132018012001', '', NULL, NULL, NULL, NULL, NULL, NULL, 0, '{\"t2017\": 0, \"t2018\": 12, \"total\": 12}', '{\"jabatan\": \"Nutrisionis Terampil\", \"pangkat\": \"Pengatur\", \"golongan\": \"II c\", \"tmt_cpns\": \"01-01-2018\", \"direktorat\": \"Dirmed Perawatan\", \"pendidikan\": \"D-III Gizi\", \"tmt_golongan\": \"1 Januari 2018\", \"jenis_ketenagaan\": \"Penunjang\"}', '2018-02-06 03:29:40', '2018-02-06 03:29:40'),
('4e212d1d-7ec5-476f-8f63-7d89816f451d', 'Agustina', '197608011998032002', '', NULL, NULL, NULL, NULL, NULL, NULL, 0, '{\"t2017\": 0, \"t2018\": \"12\", \"total\": \"12\"}', '{\"jabatan\": \"Pranata Lab.Kes. Pelaksana Lanjutan\", \"pangkat\": \"Penata Muda Tk.I\", \"golongan\": \"III b\", \"tmt_cpns\": \"01-03-1998\", \"direktorat\": \"Dirmed Perawatan\", \"pendidikan\": \"D-I Teknik Transfusi Darah\", \"tmt_golongan\": \"1 April 2016\", \"jenis_ketenagaan\": \"Penunjang\"}', '2018-01-16 02:12:46', '2018-02-06 02:46:42'),
('4e4b7b70-25ac-4397-b089-d0cade90fdaa', 'Nani Herlina, AMK', '19860310103', '', NULL, NULL, NULL, NULL, NULL, NULL, 0, '{\"t2017\": 0, \"t2018\": \"12\", \"total\": \"12\"}', '{\"jabatan\": \"Perawat Pelaksana\", \"pangkat\": \"\", \"golongan\": \" \", \"tmt_cpns\": \"\", \"direktorat\": \"Dirmed Perawatan\", \"pendidikan\": \"D-III Keperawatan\", \"tmt_golongan\": \"1 Nopember 2010\", \"jenis_ketenagaan\": \"Perawat\"}', '2018-01-16 02:14:30', '2018-02-06 02:46:49'),
('4f85e54b-685e-48cc-bc1e-f27f602cd32a', 'Nandang Rinaldi, SE', '196012171983031004', '', NULL, NULL, NULL, NULL, NULL, NULL, 0, '{\"t2017\": \"4\", \"t2018\": \"12\", \"total\": \"16\"}', '{\"jabatan\": \"Ketua SPI\", \"pangkat\": \"Pembina Tk.I\", \"golongan\": \"IV b\", \"tmt_cpns\": \"01-03-1983\", \"direktorat\": \"Ketua SPI\", \"pendidikan\": \"S2 Kesehatan\", \"tmt_golongan\": \"1 Oktober 2013\", \"jenis_ketenagaan\": \"Umum\"}', '2018-01-16 02:13:27', '2018-02-06 02:46:47'),
('503d7424-d1f6-4ad1-acc5-d6946f05f235', 'Iim Rima Sugiarti, AMK', '196810071995032002', '$2y$10$xVZgleGltEFjM1KvG82lAuZIviD7RMITJ8Ubl/dg/ToymC1nPUYmO', 'cl4RZdZsdNOZD8sjfgBlsWgdxlbXOySgZEnL9qw8Va6FOhlUQdQ34QeGxn8q', 1, 2, 5, 20, 2, 1, '{\"t2017\": 0, \"t2018\": \"11\", \"total\": \"11\"}', '{\"jabatan\": \"Perawat Penyelia\", \"pangkat\": \"Penata\", \"golongan\": \"III c\", \"tmt_cpns\": \"01-03-1995\", \"direktorat\": \"Dirmed Perawatan\", \"pendidikan\": \"D-III Keperawatan\", \"tmt_golongan\": \"1 Oktober 2015\", \"jenis_ketenagaan\": \"Perawat\"}', '2018-01-16 02:13:17', '2018-02-08 07:33:43'),
('507385a6-dbf7-41ff-bcd0-4715740c0132', 'Ari Rahmawan Salim', '196811241991031002', '$2y$10$.zMiMrM/nXI4Z1xmRTH0LuafX8dzgQYbX0Y2JBYU3eKCSTjbt2ReG', 'IpdDuQ64KagatpDjprKvvRg7kwyh8ZNMPLXnYgu09BoEB1Emlt78FN3Bb2K0', 1, 2, 5, 26, 2, 1, '{\"t2017\": 0, \"t2018\": \"12\", \"total\": \"12\"}', '{\"jabatan\": \"Perawat  Penyelia\", \"pangkat\": \"Penata Tk.I\", \"golongan\": \"III d\", \"tmt_cpns\": \"01-03-1991\", \"direktorat\": \"Dirmed Perawatan\", \"pendidikan\": \"SPK\", \"tmt_golongan\": \"1 Oktober 2016\", \"jenis_ketenagaan\": \"Perawat\"}', '2018-01-16 02:12:49', '2018-02-09 06:34:55'),
('508ececa-769c-40a2-b1e0-9f25d82841d8', 'Sansan Syahrul Muslim', '198407242009121001', '', NULL, NULL, NULL, NULL, NULL, NULL, 0, '{\"t2017\": 0, \"t2018\": \"11\", \"total\": \"11\"}', '{\"jabatan\": \"Perawat Pelaksana Lanjutan\", \"pangkat\": \"Penata Muda\", \"golongan\": \"III a\", \"tmt_cpns\": \"01-12-2009\", \"direktorat\": \"Dirmed Perawatan\", \"pendidikan\": \"D-III Keperawatan\", \"tmt_golongan\": \"1 Oktober 2016\", \"jenis_ketenagaan\": \"Perawat\"}', '2018-01-16 02:13:35', '2018-02-06 02:46:44'),
('509f0c1d-1185-490a-8624-cafb83b65ea3', 'Suci Niken, Ners', '199004232015032008', '$2y$10$fC1pR.Punpsd9XtKUnvahu1rM.okEtFLpJGhT9BewweLla04WFe6K', 'xC8DjzDmb1OrHuWVwOlF9PARYRNDon6tMHcbq9omVedNNBKzoaw1o9KetojF', 1, 2, 5, 20, 2, 1, '{\"t2017\": \"11\", \"t2018\": \"12\", \"total\": \"18\"}', '{\"jabatan\": \"Perawat Ahli Pertama\", \"pangkat\": \"Penata Muda\", \"golongan\": \"III a\", \"tmt_cpns\": \"01-03-2015\", \"direktorat\": \"Dirmed Perawatan\", \"pendidikan\": \"S1 Keperawatan + Ners\", \"tmt_golongan\": \"1 Maret 2015\", \"jenis_ketenagaan\": \"Perawat\"}', '2018-01-16 02:13:37', '2018-02-08 08:05:28'),
('50b27e84-0ebc-4c37-a290-07422e9b3342', 'Debby Faradiza, AMK', '197702061997032001', '', NULL, NULL, NULL, NULL, NULL, NULL, 0, '{\"t2017\": \"11\", \"t2018\": \"12\", \"total\": \"18\"}', '{\"jabatan\": \"Perawat Pelaksana Lanjutan\", \"pangkat\": \"Penata Muda Tk.I\", \"golongan\": \"III b\", \"tmt_cpns\": \"01-03-1997\", \"direktorat\": \"Dirmed Perawatan\", \"pendidikan\": \"D-III Keperawatan\", \"tmt_golongan\": \"1 Oktober 2015\", \"jenis_ketenagaan\": \"Perawat\"}', '2018-01-16 02:12:53', '2018-02-06 02:46:43'),
('50d1aa55-0aeb-492b-9a99-9928fd5fc2ed', 'Cica Parida, AMK', '197909072005012002', '$2y$10$XhNO2BlXsk2BcibuM.tLUu0AOCsBpu5gq7UoxIebLnwGmYBVQCRQi', 'WDYVt6I0fcXFaA8nq385QKC87FOBVj9bIDC94Mz3hNQE5lbmkvqnnBeXwxOy', 1, 2, 5, 26, 2, 1, '{\"t2017\": \"11\", \"t2018\": 7, \"total\": 13}', '{\"jabatan\": \"Perawat Pelaksana Lanjutan\", \"pangkat\": \"Penata Muda Tk.I\", \"golongan\": \"III b\", \"tmt_cpns\": \"01-01-2005\", \"direktorat\": \"Dirmed Perawatan\", \"pendidikan\": \"D-III Keperawatan\", \"tmt_golongan\": \"1 Oktober 2015\", \"jenis_ketenagaan\": \"Perawat\"}', '2018-01-16 02:12:52', '2018-02-06 02:46:43'),
('50dd935b-d1e0-4548-9e67-d06eb2417696', 'Eri Hendradi, Amd.Kep', '19880219094', '$2y$10$.9s2bjI8qLhAE3fHMwj2QORWz5L8yzkyJAxqe2cCvgnEYSlbTYzt6', 'cB1qscccLuhaTw3CiNuLKfh83ErrGAKUmw8r1Esnuif2xyqas83mJFMqKnkt', 1, 2, 4, 16, 2, 1, '{\"t2017\": 0, \"t2018\": \"12\", \"total\": \"12\"}', '{\"jabatan\": \"Perawat Pelaksana\", \"pangkat\": \"\", \"golongan\": \" \", \"tmt_cpns\": \"\", \"direktorat\": \"Dirmed Perawatan\", \"pendidikan\": \"D-III Keperawatan\", \"tmt_golongan\": \"1 Nopember 2010\", \"jenis_ketenagaan\": \"Perawat\"}', '2018-01-16 02:14:28', '2018-02-09 07:49:29'),
('50f1e5ac-4d37-4aef-b387-d8101354ff67', 'Erna Satwika Retno Pamungkas', '197309152000032001', '$2y$10$h5BRC9Ldyje8NdX3pmgwVeQiauyAJc6MmHunmpANoki4H6KhA3UFO', 'NLKJOeoWIOzLzI85DlXYiwukBkFixEgEAmXPqNkuqezDevROiUDIRFeXREOz', 1, 2, 4, 14, 1, 1, '{\"t2017\": \"6\", \"t2018\": \"12\", \"total\": \"18\"}', '{\"jabatan\": \"Fisioterapis Penyelia\", \"pangkat\": \"Penata\", \"golongan\": \"III c\", \"tmt_cpns\": \"01-03-2000\", \"direktorat\": \"Dirmed Perawatan\", \"pendidikan\": \"D-III Fisioterapi\", \"tmt_golongan\": \"1 Oktober 2016\", \"jenis_ketenagaan\": \"Penunjang\"}', '2018-01-16 02:13:09', '2018-02-06 02:46:42'),
('519f5579-d3ae-4ae3-9f90-7543b601d496', 'Edi Kustiawan, Amd.AK', '196704201994031004', '$2y$10$imQm29dmug8WS07uYqz.wu6uWn5Wd33uG.Jlfg.Shq73.LecrQ1iu', '4mB5k49ZNrRofbGArZXjHwh39m0lYfXLF0FLBNydmUOUM1yQQorqwRa0FF21', 1, 1, 2, 5, 2, 1, '{\"t2017\": \"11\", \"t2018\": \"12\", \"total\": \"18\"}', '{\"jabatan\": \"Pranata Lab.Kes.Penyelia\", \"pangkat\": \"Penata\", \"golongan\": \"III c\", \"tmt_cpns\": \"01-03-1994\", \"direktorat\": \"Dirmed Perawatan\", \"pendidikan\": \"D-III Analis Kesehatan\", \"tmt_golongan\": \"1 April 2016\", \"jenis_ketenagaan\": \"Penunjang\"}', '2018-01-16 02:13:06', '2018-02-06 06:43:35'),
('51a274d7-dfda-4b6e-b30f-4737a76eef1d', 'Nida Lizawidar Pratami, Amd.Kep', '199006182012122002', '$2y$10$Lw7apWUujzKv28xq5JiIs.TQUBNj2j0MCUm49dxByRaRMT8RkUNfC', '92ZAfd6o7CVr1zv6vLb9GzUhzP12UZ4PolITDLf0vwc9qLQNB3CBCaKc5f6U', 1, 2, 5, 21, 2, 1, '{\"t2017\": \"1\", \"t2018\": \"12\", \"total\": \"12\"}', '{\"jabatan\": \"Perawat Pelaksana\", \"pangkat\": \"Pengatur Tk.I\", \"golongan\": \"II d\", \"tmt_cpns\": \"01-12-2012\", \"direktorat\": \"Dirmed Perawatan\", \"pendidikan\": \"D-III Keperawatan\", \"tmt_golongan\": \"1 April 2016\", \"jenis_ketenagaan\": \"Perawat\"}', '2018-01-16 02:13:28', '2018-02-07 08:50:37'),
('51c2eec9-6ddc-4c86-ae99-1cbaafca59a4', 'Rahayu Cahyaningsih, AMK', '198712242009122001', '', NULL, NULL, NULL, NULL, NULL, NULL, 0, '{\"t2017\": \"3\", \"t2018\": \"12\", \"total\": \"15\"}', '{\"jabatan\": \"Perawat Pelaksana Lanjutan\", \"pangkat\": \"Pengatur Tk.I\", \"golongan\": \"III a\", \"tmt_cpns\": \"01-12-2009\", \"direktorat\": \"Dirmed Perawatan\", \"pendidikan\": \"D-III Keperawatan\", \"tmt_golongan\": \"1 Oktober 2016\", \"jenis_ketenagaan\": \"Perawat\"}', '2018-01-16 02:13:31', '2018-02-06 02:46:44'),
('522d3dea-c612-4836-acfb-843dad3fac63', 'Toto Mustaqim, AMK', '197511202003121001', '', NULL, NULL, NULL, NULL, NULL, NULL, 0, '{\"t2017\": \"4\", \"t2018\": \"12\", \"total\": \"16\"}', '{\"jabatan\": \"Perawat Penyelia\", \"pangkat\": \"Penata\", \"golongan\": \"III c\", \"tmt_cpns\": \"01-12-2003\", \"direktorat\": \"Dirmed Perawatan\", \"pendidikan\": \"D-III Keperawatan\", \"tmt_golongan\": \"1 Oktober 2017\", \"jenis_ketenagaan\": \"Perawat\"}', '2018-01-16 02:14:21', '2018-02-06 02:46:43'),
('5406bbe5-25eb-475a-9b1b-515b9a1c9252', 'Dr. Yulia Anggraini', '197407312008012008', '$2y$10$IwHFZJCGFsddkV6zNW88J.DtirqCGfePydD30oxUpx7.OpWdNT0h6', 'v4e8pteWtMpxR5CAtIyzAAo3pTBzMNbM1DWuBlOq7gxSMAbUv4nvob7ivx78', 1, 1, 1, NULL, 2, 1, '{\"t2017\": \"2\", \"t2018\": \"12\", \"total\": \"14\"}', '{\"kd_dr\": \"024\", \"jabatan\": \"Dokter Muda\", \"pangkat\": \"Penata Tk.I\", \"golongan\": \"III d\", \"tmt_cpns\": \"01-01-2008\", \"direktorat\": \"Dirmed Perawatan\", \"pendidikan\": \"Dokter Umum\", \"tmt_golongan\": \"1 April 2015\", \"jenis_ketenagaan\": \"Medis\"}', '2018-01-16 02:13:04', '2018-02-06 02:46:46'),
('543134c6-1f85-4785-a429-d0ba04ea6622', 'Sriyono', '196501241992031002', '', NULL, NULL, NULL, NULL, NULL, NULL, 0, '{\"t2017\": 0, \"t2018\": \"12\", \"total\": \"12\"}', '{\"jabatan\": \"Pembantu Orang Sakit\", \"pangkat\": \"Pengatur Tk.I\", \"golongan\": \"II d\", \"tmt_cpns\": \"01-03-1992\", \"direktorat\": \"Dir. Adum\", \"pendidikan\": \"SMA Persamaan\", \"tmt_golongan\": \"1 April 2015\", \"jenis_ketenagaan\": \"Umum\"}', '2018-01-16 02:13:37', '2018-02-06 02:46:48'),
('54c33775-9768-4214-9a25-7e54754c8f0e', 'Firman Safary', '198610252009121002', '$2y$10$Z4OYtOXqeDQmJKpUaW8uj.XvL6g0iXANCwjIUu.GpdaeOgpqFZ6kC', 'UbjUvkj9nqiNzDqS35ubFamVFVW76pUWsaWaREonYXuDFOWL92i2H5AmR7nQ', 1, 1, 2, 5, 2, 1, '{\"t2017\": 0, \"t2018\": \"7\", \"total\": \"7\"}', '{\"jabatan\": \"Pranata Lab.Kes. Pelaksana Lanjutan\", \"pangkat\": \"Panata Muda\", \"golongan\": \"III a\", \"tmt_cpns\": \"01-12-2009\", \"direktorat\": \"Dirmed Perawatan\", \"pendidikan\": \"D-III Analis Kesehatan\", \"tmt_golongan\": \"1 Oktober 2016\", \"jenis_ketenagaan\": \"Penunjang\"}', '2018-01-16 02:13:11', '2018-02-06 06:11:49'),
('54f85ec7-8b93-451e-951d-bbc0710ed994', 'Ega Irawandi, AMK', '198308142008012008', '', NULL, NULL, NULL, NULL, NULL, NULL, 0, '{\"t2017\": \"3\", \"t2018\": \"12\", \"total\": \"15\"}', '{\"jabatan\": \"Perawat Pelaksana Lanjutan\", \"pangkat\": \"Penata Muda\", \"golongan\": \"III a\", \"tmt_cpns\": \"01-01-2008\", \"direktorat\": \"Dirmed Perawatan\", \"pendidikan\": \"D-III Keperawatan\", \"tmt_golongan\": \"1 April 2015\", \"jenis_ketenagaan\": \"Perawat\"}', '2018-01-16 02:13:06', '2018-02-06 02:46:44'),
('568f78ef-a079-4d2d-81ad-869fd8205c85', 'Evi Setiawati', '198811152014022001', '', NULL, NULL, NULL, NULL, NULL, NULL, 0, '{\"t2017\": 0, \"t2018\": \"12\", \"total\": \"12\"}', '{\"jabatan\": \"Verivikator Keuangan\", \"pangkat\": \"Pengatur\", \"golongan\": \"II c\", \"tmt_cpns\": \"01-02- 2014\", \"direktorat\": \"Dir. Adum\", \"pendidikan\": \"D-III Ekonomi Akutansi\", \"tmt_golongan\": \"1 Pebruari 2014\", \"jenis_ketenagaan\": \"Umum\"}', '2018-01-16 02:13:10', '2018-02-06 02:46:42'),
('5733399b-1efc-4aa3-97e7-a9bfdf47ce7a', 'Muhamadinika Fauzi, Amd.Kep', '19880719234', '$2y$10$FhEOnHvE7vanEVg1XowVm.UUTcKuFSCwFkIAeit3m0aTEBSEAT/SG', 'tcFKPHWm8uzmbNSj5XKBs6JbBbLPMIPEoUIpowndD51tdzkN0hWkBDFzl3QG', 1, 2, 5, 20, 2, 1, '{\"t2017\": 0, \"t2018\": \"12\", \"total\": \"12\"}', '{\"jabatan\": \"Perawat Pelaksana\", \"pangkat\": \"\", \"golongan\": \" \", \"tmt_cpns\": \"\", \"direktorat\": \"Dirmed Perawatan\", \"pendidikan\": \"D-III Keperawatan\", \"tmt_golongan\": \"1 Desember 2011\", \"jenis_ketenagaan\": \"Perawat\"}', '2018-01-16 02:14:30', '2018-02-08 07:51:05'),
('584636bb-8092-4cd7-b3c5-a9e6d4727b62', 'Soleh', '196006121983031039', '$2y$10$RrTeEE92MyGdDjv/hD0NNOXAF2a.JmD/tueDHRcrqvEf5Pv6xq8uG', 'vfuRlKmbRPsEgBRgnqgZB5AZGUkzgluSEfcBMSgIDscex8cJuQWUISO0cCXo', 2, 4, 10, 29, 2, 1, '{\"t2017\": 0, \"t2018\": \"12\", \"total\": \"12\"}', '{\"jabatan\": \"Binatu\", \"pangkat\": \"Pengatur\", \"golongan\": \"II c\", \"tmt_cpns\": \"01-03-1983\", \"direktorat\": \"Dir. Adum\", \"pendidikan\": \"SMP Persamaan\", \"tmt_golongan\": \"1 April 2011\", \"jenis_ketenagaan\": \"Umum\"}', '2018-01-16 02:13:36', '2018-02-06 02:46:49'),
('586ec65e-a75e-43fb-bcb9-0eddb9276703', 'Wisnu Purnomo Hadi, AMK', '19930826264', '$2y$10$wSVhHLM0ii9z1HAyr0l2UO0CwDxjPa32mafRRPXO1jZgrv.aexlZi', 'ifgzU1kBD55vyKlVrSrUqsRAKUQG0ZXOh8d8uKJ7bu5SZFl5JLvB3zXwNs3l', 1, 2, 5, 26, 2, 1, '{\"t2017\": 0, \"t2018\": \"12\", \"total\": \"12\"}', '{\"jabatan\": \"Perawat Pelaksana\", \"pangkat\": \"\", \"golongan\": \" \", \"tmt_cpns\": \"\", \"direktorat\": \"Dirmed Perawatan\", \"pendidikan\": \"D-III Keperawatan\", \"tmt_golongan\": \"1 Nopember 2015\", \"jenis_ketenagaan\": \"Perawat\"}', '2018-01-16 02:14:52', '2018-02-09 06:31:46'),
('5958a1d6-4d5c-49e2-956e-e7bb4eace926', 'Yusuf Wahyudin, AMK', '198103062008121001', '', NULL, NULL, NULL, NULL, NULL, NULL, 0, '{\"t2017\": \"1\", \"t2018\": \"12\", \"total\": \"13\"}', '{\"jabatan\": \"Perawat Pelaksana Lanjutan\", \"pangkat\": \"Pengatur Tk.I\", \"golongan\": \"III a\", \"tmt_cpns\": \"01-12-2008\", \"direktorat\": \"Dirmed Perawatan\", \"pendidikan\": \"D-III Keperawatan\", \"tmt_golongan\": \"1 April 2016\", \"jenis_ketenagaan\": \"Perawat\"}', '2018-01-16 02:14:26', '2018-02-06 02:46:44'),
('598759a9-3994-4b19-9940-bc50163512d1', 'Edi Junaedi', '196405011985031004', '', NULL, NULL, NULL, NULL, NULL, NULL, 0, '{\"t2017\": \"6\", \"t2018\": \"12\", \"total\": \"18\"}', '{\"jabatan\": \"Analis Kepegawaian\", \"pangkat\": \"Penata Muda Tk.I\", \"golongan\": \"III b\", \"tmt_cpns\": \"01-03-1985\", \"direktorat\": \"Dir. Adum\", \"pendidikan\": \"SMA\", \"tmt_golongan\": \"1 Oktober 2014\", \"jenis_ketenagaan\": \"Umum\"}', '2018-01-16 02:13:06', '2018-02-06 02:46:47'),
('59c9b05f-fcd4-46df-abc3-7176370d9a5f', 'Mira Namira, AMG', '19850828030', '', NULL, NULL, NULL, NULL, NULL, NULL, 0, '{\"t2017\": 0, \"t2018\": \"12\", \"total\": \"12\"}', '{\"jabatan\": \"Nutrisionis Pelaksana\", \"pangkat\": \"\", \"golongan\": \" \", \"tmt_cpns\": \"\", \"direktorat\": \"Dirmed Perawatan\", \"pendidikan\": \"D-III Gizi\", \"tmt_golongan\": \"21 April 2008\", \"jenis_ketenagaan\": \"Penunjang\"}', '2018-01-16 02:14:34', '2018-02-06 02:46:50'),
('5b28b8b0-2fa6-41ae-be52-fb7268a08fd2', 'Yudi Suryadi', '197104052007011041', '$2y$10$SpFd2niuz7G27lax0b1Rqegu0E6OBMB011Usf4pM8FBnmGtrXP16i', 'arx6HYwSQMI7ig39gf2KHJXILic53MLwMbmjm6nUIDMlU0xEEteiMyNr22u9', 2, 4, 10, NULL, 2, 1, '{\"t2017\": \"11\", \"t2018\": \"12\", \"total\": \"18\"}', '{\"jabatan\": \"Petugas Gudang\", \"pangkat\": \"Pengatur\", \"golongan\": \"II c\", \"tmt_cpns\": \"01-01-2007\", \"direktorat\": \"Dir. Adum\", \"pendidikan\": \"SMA\", \"tmt_golongan\": \"1 April 2015\", \"jenis_ketenagaan\": \"Umum\"}', '2018-01-16 02:14:25', '2018-02-06 02:46:48'),
('5bd1e9b2-9363-494b-b506-241ed4d80808', 'Tony Dwi Prasetyo, Ners', '199106132018011002', '', NULL, NULL, NULL, NULL, NULL, NULL, 0, '{\"t2017\": 0, \"t2018\": 12, \"total\": 12}', '{\"jabatan\": \"Perawat Ahli Pertama\", \"pangkat\": \"Penata Muda\", \"golongan\": \"III a\", \"tmt_cpns\": \"01-01-2018\", \"direktorat\": \"Dirmed Perawatan\", \"pendidikan\": \"S1 Keperawatan + Ners\", \"tmt_golongan\": \"1 Januari 2018\", \"jenis_ketenagaan\": \"Perawat\"}', '2018-02-06 03:29:44', '2018-02-06 03:29:44'),
('5e2f9888-dfa7-4298-91ed-4a53e21e6434', 'Andri Suherman', '19870923044', '', NULL, NULL, NULL, NULL, NULL, NULL, 0, '{\"t2017\": 0, \"t2018\": \"12\", \"total\": \"12\"}', '{\"jabatan\": \"Pengadministrasi Umum\", \"pangkat\": \"\", \"golongan\": \" \", \"tmt_cpns\": \"\", \"direktorat\": \"Dir. Adum\", \"pendidikan\": \"SMK\", \"tmt_golongan\": \"5 Oktober 2009\", \"jenis_ketenagaan\": \"Umum\"}', '2018-01-16 02:14:45', '2018-02-06 02:46:51'),
('5edf9c12-729e-4269-9691-6bac7564db37', 'Taufiq Ramdhani, Amd.Kep', '198805072012121001', '', NULL, NULL, NULL, NULL, NULL, NULL, 0, '{\"t2017\": \"11\", \"t2018\": \"12\", \"total\": \"18\"}', '{\"jabatan\": \"Perawat Pelaksana\", \"pangkat\": \"Pengatur Tk.I\", \"golongan\": \"II d\", \"tmt_cpns\": \"01-12-2012\", \"direktorat\": \"Dirmed Perawatan\", \"pendidikan\": \"D-III Keperawatan\", \"tmt_golongan\": \"1 April 2016\", \"jenis_ketenagaan\": \"Perawat\"}', '2018-01-16 02:14:20', '2018-02-06 02:46:45'),
('5f91a1a4-9b84-4755-a185-7a9bdf74b228', 'Lutfi Insan Safii', '199110102015031007', '', NULL, NULL, NULL, NULL, NULL, NULL, 0, '{\"t2017\": \"11\", \"t2018\": \"12\", \"total\": \"18\"}', '{\"jabatan\": \"Perawat Pelaksana\", \"pangkat\": \"Pengatur\", \"golongan\": \"II c\", \"tmt_cpns\": \"01-03-2022\", \"direktorat\": \"Dirmed Perawatan\", \"pendidikan\": \"D-III Keperawatan+Anestesi\", \"tmt_golongan\": \"1 Maret 2015\", \"jenis_ketenagaan\": \"Perawat\"}', '2018-01-16 02:13:24', '2018-02-06 02:46:45'),
('6084ede3-6a48-4a34-81d1-380faefa8e1c', 'Gani Kurdian, SKM', '197206201996031002', '', NULL, NULL, NULL, NULL, NULL, NULL, 0, '{\"t2017\": \"3\", \"t2018\": \"12\", \"total\": \"15\"}', '{\"jabatan\": \"Ka.Sie.Pelayanan Kep.Rawat Jalan\", \"pangkat\": \"Penata\", \"golongan\": \"III c\", \"tmt_cpns\": \"01-03-1996\", \"direktorat\": \"Ka.Sie.Pelayanan Kep.Rawat Jalan\", \"pendidikan\": \"S1 Kes.Masy.\", \"tmt_golongan\": \"1 April 2016\", \"jenis_ketenagaan\": \"Umum\"}', '2018-01-16 02:13:12', '2018-02-06 02:46:47'),
('60999d7a-0326-41f6-aafa-ac6c23fca726', 'Nurodin, SE', '197704132010121001', '$2y$10$E8O/JZ2/aBOcHfYWfdN.UOFc2/YhfrZ1SpRhZrq7C73jSIYy5UstW', NULL, 2, 4, 10, NULL, 2, 1, '{\"t2017\": \"9\", \"t2018\": \"12\", \"total\": \"18\"}', '{\"jabatan\": \"Pengelola BMN\", \"pangkat\": \"Penata Muda Tk.I\", \"golongan\": \"III b\", \"tmt_cpns\": \"01-12-2010\", \"direktorat\": \"Dir. Adum\", \"pendidikan\": \"S 1 Ekonomi Akutansi\", \"tmt_golongan\": \"1 April 2015\", \"jenis_ketenagaan\": \"Umum\"}', '2018-01-16 02:13:29', '2018-02-06 02:46:46'),
('60a291d4-749f-4b42-8f1a-33f9b4121b40', 'Dinar Mardiana', '19800508048', '', NULL, NULL, NULL, NULL, NULL, NULL, 0, '{\"t2017\": 0, \"t2018\": \"12\", \"total\": \"12\"}', '{\"jabatan\": \"Pembantu Orang Sakit\", \"pangkat\": \"\", \"golongan\": \" \", \"tmt_cpns\": \"\", \"direktorat\": \"Dir. Adum\", \"pendidikan\": \"SMA\", \"tmt_golongan\": \"5 Oktober 2009\", \"jenis_ketenagaan\": \"Umum\"}', '2018-01-16 02:14:41', '2018-02-06 02:46:50'),
('60f63d01-c299-47a0-9b28-b0f99de5c0b9', 'Marmunah, AMK', '197403281997032001', '', NULL, NULL, NULL, NULL, NULL, NULL, 0, '{\"t2017\": \"11\", \"t2018\": \"12\", \"total\": \"18\"}', '{\"jabatan\": \"Perawat Penyelia\", \"pangkat\": \"Penata\", \"golongan\": \"III c\", \"tmt_cpns\": \"01-03-1997\", \"direktorat\": \"Dirmed Perawatan\", \"pendidikan\": \"D-III Keperawatan\", \"tmt_golongan\": \"1 April 2016\", \"jenis_ketenagaan\": \"Perawat\"}', '2018-01-16 02:13:24', '2018-02-06 02:46:43'),
('619ef42f-5df9-4cf4-8fa8-48c62d217b84', 'Dr. Murniati Tenriangka, Sp.OG', '196401101998032001', '', NULL, NULL, NULL, NULL, NULL, NULL, 0, '{\"t2017\": 0, \"t2018\": \"12\", \"total\": \"12\"}', '{\"kd_dr\": \"012\", \"jabatan\": \"Dokter Madya\", \"pangkat\": \"Pembina\", \"golongan\": \"IV a\", \"tmt_cpns\": \"01-03-1998\", \"direktorat\": \"Dirmed Perawatan\", \"pendidikan\": \"Dokter Umum + S2 Spes.\", \"tmt_golongan\": \"1 April 2015\", \"jenis_ketenagaan\": \"Medis\"}', '2018-01-16 02:13:01', '2018-02-06 02:46:46'),
('638707cc-10bd-4d4b-8927-a0045ee78d1c', 'Sopi Yani Kania', '198610262010122003', '', NULL, NULL, NULL, NULL, NULL, NULL, 0, '{\"t2017\": \"11\", \"t2018\": \"12\", \"total\": \"18\"}', '{\"jabatan\": \"Perawat Maher\", \"pangkat\": \"Penata Muda, III/a\", \"golongan\": \"III a\", \"tmt_cpns\": \"01-12-2010\", \"direktorat\": \"Dirmed Perawatan\", \"pendidikan\": \"D-III Keperawatan\", \"tmt_golongan\": \"1 Oktober 2017\", \"jenis_ketenagaan\": \"Perawat\"}', '2018-01-16 02:13:37', '2018-02-06 02:46:45'),
('654cbbc5-a58e-4275-a857-5140c0e1ae85', 'Anang, H. AMK', '196401101985101001', '', NULL, NULL, NULL, NULL, NULL, NULL, 0, '{\"t2017\": 0, \"t2018\": \"12\", \"total\": \"12\"}', '{\"jabatan\": \"IPID\", \"pangkat\": \"Penata\", \"golongan\": \"III c\", \"tmt_cpns\": \"01-10-1985\", \"direktorat\": \"Dir Adum\", \"pendidikan\": \"D-III Keperawatan\", \"tmt_golongan\": \"1 April 2005\", \"jenis_ketenagaan\": \"Umum\"}', '2018-01-16 02:12:47', '2018-02-06 02:46:45'),
('65a19ed2-d39c-43f1-a56b-bd9ce3d4b73f', 'Cahya Haerani', '197907022014122001', '', NULL, NULL, NULL, NULL, NULL, NULL, 0, '{\"t2017\": \"11\", \"t2018\": \"12\", \"total\": \"18\"}', '{\"jabatan\": \"Petugas Gudang\", \"pangkat\": \"Pengatur Muda\", \"golongan\": \"II a\", \"tmt_cpns\": \"01-12-2014\", \"direktorat\": \"Dir. Adum\", \"pendidikan\": \"SMA\", \"tmt_golongan\": \"1 Deseber 2014\", \"jenis_ketenagaan\": \"Umum\"}', '2018-01-16 02:12:51', '2018-02-06 02:46:48'),
('666a5d70-5b60-4c3f-b40e-bba7e8b31e0e', 'Dr. Hayatun Na\'imah', '198008312008012014', '', NULL, NULL, NULL, NULL, NULL, NULL, 0, '{\"t2017\": \"11\", \"t2018\": \"12\", \"total\": \"18\"}', '{\"kd_dr\": \"028\", \"jabatan\": \"Dokter Muda\", \"pangkat\": \"Penata Tk.I\", \"golongan\": \"III d\", \"tmt_cpns\": \"01-01-2008\", \"direktorat\": \"Dirmed Perawatan\", \"pendidikan\": \"Dokter Umum\", \"tmt_golongan\": \"1 April 2016\", \"jenis_ketenagaan\": \"Medis\"}', '2018-01-16 02:13:00', '2018-02-06 02:46:46'),
('66a40632-226d-4ebb-b4cd-b5b4538e8485', 'Dewi Nurul Islami Rosyad, AMK', '198407012012122001', '', NULL, NULL, NULL, NULL, NULL, NULL, 0, '{\"t2017\": 0, \"t2018\": \"13\", \"total\": \"13\"}', '{\"jabatan\": \"Perawat Pelaksana\", \"pangkat\": \"Pengatur Tk.I\", \"golongan\": \"II d\", \"tmt_cpns\": \"01-12-2012\", \"direktorat\": \"Dirmed Perawatan\", \"pendidikan\": \"D-III Keperawatan\", \"tmt_golongan\": \"1 April 2016\", \"jenis_ketenagaan\": \"Perawat\"}', '2018-01-16 02:12:55', '2018-02-06 02:46:45'),
('66a911ef-624b-400c-b139-1c8ad6faf03d', 'Ade Lukman', '197304062014051001', '', NULL, NULL, NULL, NULL, NULL, NULL, 0, '{\"t2017\": \"11\", \"t2018\": \"12\", \"total\": \"18\"}', '{\"jabatan\": \"Pramu\", \"pangkat\": \"Pengatur Muda\", \"golongan\": \"II a\", \"tmt_cpns\": \"01-05-2014\", \"direktorat\": \"Dir. Adum\", \"pendidikan\": \"SMA\", \"tmt_golongan\": \"1 Mei 2014\", \"jenis_ketenagaan\": \"Umum\"}', '2018-01-16 02:12:44', '2018-02-06 02:46:48'),
('66d72261-9d2d-440b-ad8e-09b7ba31e423', 'Renny Nurwidiani, AMK', '198602242008122001', '$2y$10$UWhWYiIGHCj4xHf6owznDekSSgm2LDRYJiMQFyqX5nOjnOeMhRsWO', 'rMwV96YVnIeO7q11Mj13E9ObvpWTMsspDBQd9XCOH5dWnmzJMRJPeTYg9l4X', 1, 2, 5, 21, 2, 1, '{\"t2017\": \"2\", \"t2018\": \"12\", \"total\": \"14\"}', '{\"jabatan\": \"Perawat Pelaksana Lanjutan\", \"pangkat\": \"Pengatur Tk.I\", \"golongan\": \"III a\", \"tmt_cpns\": \"01-12-2008\", \"direktorat\": \"Dirmed Perawatan\", \"pendidikan\": \"D-III Keperawatan\", \"tmt_golongan\": \"1 April 2016\", \"jenis_ketenagaan\": \"Perawat\"}', '2018-01-16 02:13:32', '2018-02-06 07:22:43'),
('6777de1a-85b2-4c95-8bbf-00a8288a01d0', 'Drg. Merni Harnida', '197912282008122002', '', NULL, NULL, NULL, NULL, NULL, NULL, 0, '{\"t2017\": \"8\", \"t2018\": \"12\", \"total\": \"18\"}', '{\"kd_dr\": \"041\", \"jabatan\": \"Ka.Sie.Pendidikan dan Penelitian\", \"pangkat\": \"Penata\", \"golongan\": \"III d\", \"tmt_cpns\": \"01-12-2008\", \"direktorat\": \"Ka.Sie.Pendidikan dan Penelitian\", \"pendidikan\": \"Dokter Gigi\", \"tmt_golongan\": \"1 Oktober 2016\", \"jenis_ketenagaan\": \"Medis\"}', '2018-01-16 02:13:05', '2018-02-06 02:46:46'),
('689286ca-cf60-4a78-b465-27e7c656b2ba', 'Suherman, SE', '197710092010121001', '$2y$10$XZ1atmZwJO.jUQHcpRGAeut0/..oKQPPhY5mGwFl5JwPIO6qoQUra', 'RkmuHQfbmB0Dp05CXYoKJ2LBFanp8CHUDyEI16ohEkNGQaVqEO5L53Tah0sd', 2, 3, 8, NULL, 1, 1, '{\"t2017\": \"7\", \"t2018\": \"11\", \"total\": \"18\"}', '{\"jabatan\": \"Pengelola Anggaran\", \"pangkat\": \"Penata Muda Tk.I\", \"golongan\": \"III b\", \"tmt_cpns\": \"01-12-2010\", \"direktorat\": \"Dir. Adum\", \"pendidikan\": \"S 1 Ekonomi Akutansi\", \"tmt_golongan\": \"1 April 2015\", \"jenis_ketenagaan\": \"Umum\"}', '2018-01-16 02:13:38', '2018-02-06 02:46:46'),
('68f388a6-3caf-40e2-a8b0-bf9fc3919ed0', 'Diah Sri Hardiati', '197106031990032001', '$2y$10$UBpdS8VpHSnFA.WOQnzmqey.E3xDQ8rwQp80F5G9LzI.RiAzZAWlG', 'nCFI5qeL7k9VoBNI25eBq0cyZnP9U7FnvnrPqlFdkzA7SfyKECExktDj1iNX', 1, 1, 2, NULL, 2, 1, '{\"t2017\": \"11\", \"t2018\": \"12\", \"total\": \"18\"}', '{\"jabatan\": \"Asisten Apoteker Penyelia\", \"pangkat\": \"Penata Tk.I\", \"golongan\": \"III d\", \"tmt_cpns\": \"01-03-1990\", \"direktorat\": \"Dirmed Perawatan\", \"pendidikan\": \"Apoteker\", \"tmt_golongan\": \"1 April 2016\", \"jenis_ketenagaan\": \"Penunjang\"}', '2018-01-16 02:12:55', '2018-02-06 02:46:42'),
('6941a412-d900-42e3-b192-a013032ab358', 'Syaefudin Albianto', '19800809108', '', NULL, NULL, NULL, NULL, NULL, NULL, 0, '{\"t2017\": 0, \"t2018\": \"12\", \"total\": \"12\"}', '{\"jabatan\": \"Pembantu Orang Sakit\", \"pangkat\": \"\", \"golongan\": \" \", \"tmt_cpns\": \"\", \"direktorat\": \"Dir. Adum\", \"pendidikan\": \"SMK\", \"tmt_golongan\": \"1 Nopember 2010\", \"jenis_ketenagaan\": \"Umum\"}', '2018-01-16 02:14:44', '2018-02-06 02:46:51'),
('698eea30-4979-4106-a974-c520e5db963a', 'Lia Setiamayati', '198803072014022002', '$2y$10$6eQS6ODePqDHDwiO1bgOa.dXutZ9/ko8oRSr.Rmj3QvWDagiWnx4a', 'Lr0Y5HlKVG1GU76nA6bFBAX0xwZPtQbaA95bo9opxktxjPhlfBm32JsSUw2J', 1, 1, 2, 9, 2, 1, '{\"t2017\": \"11\", \"t2018\": \"12\", \"total\": \"18\"}', '{\"jabatan\": \"Perekam Medis Pemula\", \"pangkat\": \"Pengatur\", \"golongan\": \"II c\", \"tmt_cpns\": \"01-02- 2014\", \"direktorat\": \"Dirmed Perawatan\", \"pendidikan\": \"D-III Rekam Medik\", \"tmt_golongan\": \"1 Pebruari 2014\", \"jenis_ketenagaan\": \"Penunjang\"}', '2018-01-16 02:13:23', '2018-02-06 02:46:45'),
('6abf4b91-4adf-4a12-922e-78cc0b378f83', 'Eti Rohaeti, AMK', '196801031988032001', '', NULL, NULL, NULL, NULL, NULL, NULL, 0, '{\"t2017\": 0, \"t2018\": \"10\", \"total\": \"10\"}', '{\"jabatan\": \"Perawat Penyelia\", \"pangkat\": \"Penata Tk.I\", \"golongan\": \"III d\", \"tmt_cpns\": \"01-03-1988\", \"direktorat\": \"Dirmed Perawatan\", \"pendidikan\": \"D-III Keperawatan\", \"tmt_golongan\": \"1 April 2012\", \"jenis_ketenagaan\": \"Perawat\"}', '2018-01-16 02:13:09', '2018-02-06 02:46:43'),
('6c28a4b0-fd97-4c14-9919-e1e814b58b90', 'Mansyur', '19840130100', '', NULL, NULL, NULL, NULL, NULL, NULL, 0, '{\"t2017\": 0, \"t2018\": \"12\", \"total\": \"12\"}', '{\"jabatan\": \"Pembantu Orang Sakit\", \"pangkat\": \"\", \"golongan\": \" \", \"tmt_cpns\": \"\", \"direktorat\": \"Dir. Adum\", \"pendidikan\": \"SMK\", \"tmt_golongan\": \"1 Nopember 2010\", \"jenis_ketenagaan\": \"Umum\"}', '2018-01-16 02:14:44', '2018-02-06 02:46:51'),
('6c43673b-1189-4b10-93f5-8695b3f1900c', 'Dedeh', '196601041995032001', '', NULL, NULL, NULL, NULL, NULL, NULL, 0, '{\"t2017\": \"3\", \"t2018\": \"12\", \"total\": \"15\"}', '{\"jabatan\": \"Pembantu Orang Sakit\", \"pangkat\": \"Pengatur\", \"golongan\": \"II c\", \"tmt_cpns\": \"01-03-1995\", \"direktorat\": \"Dir. Adum\", \"pendidikan\": \"SMA Persamaan\", \"tmt_golongan\": \"1 April 2015\", \"jenis_ketenagaan\": \"Umum\"}', '2018-01-16 02:12:53', '2018-02-06 02:46:48'),
('6d24d856-3c12-479f-9e1a-abac87ce5886', 'Elis Riki, ST', '198212112008122001', '$2y$10$gIOG8LYmOWq8gXm3btzbPeZemGa2/ylS50gJGhm9DUyNa9KEcjA/e', NULL, 1, 2, 4, 17, 2, 1, '{\"t2017\": \"9\", \"t2018\": \"12\", \"total\": \"18\"}', '{\"jabatan\": \"Perawat Gigi Pelaksana Lanjutan\", \"pangkat\": \"Penata Muda\", \"golongan\": \"III a\", \"tmt_cpns\": \"01-12-2008\", \"direktorat\": \"Dirmed Perawatan\", \"pendidikan\": \"D-IV Kesehatan Gigi\", \"tmt_golongan\": \"1 Oktober 2015\", \"jenis_ketenagaan\": \"Perawat\"}', '2018-01-16 02:13:07', '2018-02-06 02:46:46'),
('6db46c69-f368-4116-8b97-1eccc6bf0821', 'Elis Ida Rosidha', '197212251994032002', '$2y$10$vRTUc4gsQAnjF2BT.fXrKuVqo3IZhyJM/Wq9jUHO8gN6GljfK.siy', 'akCLEnt83eh2MnLX5f5Y9iOJ560R3IsAFVjUPnx9IpqXwQ7gIPsxiZPLGzvN', 1, 2, 4, 17, 2, 1, '{\"t2017\": \"11\", \"t2018\": \"12\", \"total\": \"18\"}', '{\"jabatan\": \"Perawat Gigi Penyelia\", \"pangkat\": \"Penata\", \"golongan\": \"III c\", \"tmt_cpns\": \"01-03-1994\", \"direktorat\": \"Dirmed Perawatan\", \"pendidikan\": \"SPRG\", \"tmt_golongan\": \"1 April 2016\", \"jenis_ketenagaan\": \"Perawat\"}', '2018-01-16 02:13:07', '2018-02-06 02:46:49'),
('6ee005fd-7fe5-4ba5-8e7e-7422851491b4', 'Mohamad Sudarma', '196112062007011009', '', NULL, NULL, NULL, NULL, NULL, NULL, 0, '{\"t2017\": \"11\", \"t2018\": \"12\", \"total\": \"18\"}', '{\"jabatan\": \"Pengadministrasi Umum\", \"pangkat\": \"Pengatur\", \"golongan\": \"II c\", \"tmt_cpns\": \"01-01-2007\", \"direktorat\": \"Dir. Adum\", \"pendidikan\": \"SMA\", \"tmt_golongan\": \"1 April 2015\", \"jenis_ketenagaan\": \"Umum\"}', '2018-01-16 02:13:25', '2018-02-06 02:46:48'),
('6f20bdc8-3b60-4a9a-80bb-db0ec3e2bf25', 'Riki Haspani', '198604092018011001', '', NULL, NULL, NULL, NULL, NULL, NULL, 0, '{\"t2017\": 0, \"t2018\": 12, \"total\": 12}', '{\"jabatan\": \"Perawat Terampil\", \"pangkat\": \"Pengatur\", \"golongan\": \"II c\", \"tmt_cpns\": \"01-01-2018\", \"direktorat\": \"Dirmed Perawatan\", \"pendidikan\": \"D-III Keperawatan\", \"tmt_golongan\": \"1 Januari 2018\", \"jenis_ketenagaan\": \"Perawat\"}', '2018-02-06 03:29:41', '2018-02-06 03:29:41'),
('6fbf22a0-fb0d-4ae8-b876-7d95b7b740ad', 'dr. Ida Bagus Sila Wiweka, Sp.P', '196706011997031004', '$2y$10$2OzQ7aolQ2QE6wXXDM1u4OJz1ar2MO2sxhwGHCIPl4OZniIcmNDaC', 'ahr5SQQwCs7VdtZpI3Bdcis9lmJXX3icVgKgdENgsOZenMN8vkp9eYkTPtdt', 1, NULL, NULL, NULL, 1, 1, '{\"t2017\": \"11\", \"t2018\": \"12\", \"total\": \"18\"}', '{\"jabatan\": \"Direktur Medik dan Keperawatan\", \"pangkat\": \"Pembina Tk.I\", \"golongan\": \"IV b\", \"tmt_cpns\": \"01-03-1997\", \"direktorat\": \"Dirmed Perawatan\", \"pendidikan\": \"Dokter Umum + S2 Spes.\", \"tmt_golongan\": \"\", \"jenis_ketenagaan\": \"Medis\"}', '2018-01-16 02:13:00', '2018-02-06 02:46:46'),
('6fd8a460-17e9-46d7-a9c7-247f86178ac3', 'Wida Nuraeni,AMAK', '198511152008122002', '', NULL, NULL, NULL, NULL, NULL, NULL, 0, '{\"t2017\": \"11\", \"t2018\": \"12\", \"total\": \"18\"}', '{\"jabatan\": \"Pranata Lab.Kes. Pelaksana Lanjutan\", \"pangkat\": \"Panata Muda\", \"golongan\": \"III a\", \"tmt_cpns\": \"01-12-2008\", \"direktorat\": \"Dirmed Perawatan\", \"pendidikan\": \"D-III Analis Kesehatan\", \"tmt_golongan\": \"1 April 2016\", \"jenis_ketenagaan\": \"Penunjang\"}', '2018-01-16 02:14:23', '2018-02-06 02:46:42');
INSERT INTO `users` (`id`, `name`, `nip`, `password`, `remember_token`, `id_direktorat`, `id_bagian`, `id_subagseksi`, `id_instalasi`, `id_kastaff`, `active`, `json_user`, `json_data`, `created_at`, `updated_at`) VALUES
('703b16f1-97c3-4601-999a-47ac91f907cb', 'Yayan Sunarya', '19591121005', '', NULL, NULL, NULL, NULL, NULL, NULL, 0, '{\"t2017\": 0, \"t2018\": \"12\", \"total\": \"12\"}', NULL, '2018-01-16 02:14:50', '2018-01-16 02:14:50'),
('703ebcfa-cb5d-42f6-8ab1-e4512b48d8df', 'Karina Widyowati', '199103162014022002', '', NULL, NULL, NULL, NULL, NULL, NULL, 0, '{\"t2017\": 0, \"t2018\": \"18\", \"total\": \"15\"}', '{\"jabatan\": \"Nutrisionis Pelaksana\", \"pangkat\": \"Pengatur\", \"golongan\": \"II c\", \"tmt_cpns\": \"01-02- 2014\", \"direktorat\": \"Dirmed Perawatan\", \"pendidikan\": \"D-III Gizi Klinik\", \"tmt_golongan\": \"1 Pebruari 2014\", \"jenis_ketenagaan\": \"Penunjang\"}', '2018-01-16 02:13:20', '2018-02-06 02:46:42'),
('70b36a7e-fa75-4ecd-be43-7530f582933c', 'Deni Nur', '19790305245', '', NULL, NULL, NULL, NULL, NULL, NULL, 0, '{\"t2017\": 0, \"t2018\": \"12\", \"total\": \"12\"}', '{\"jabatan\": \"Pengadministrasi Umum\", \"pangkat\": \"\", \"golongan\": \" \", \"tmt_cpns\": \"\", \"direktorat\": \"Dir. Adum\", \"pendidikan\": \"S1 Hukum\", \"tmt_golongan\": \"1 Desember 2011\", \"jenis_ketenagaan\": \"Umum\"}', '2018-01-16 02:14:37', '2018-02-06 02:46:50'),
('70d31eeb-a3a5-4b01-be91-44714e63ffdd', 'Yuyu Wahyu', '19781021114', '', NULL, NULL, NULL, NULL, NULL, NULL, 0, '{\"t2017\": 0, \"t2018\": \"12\", \"total\": \"12\"}', '{\"jabatan\": \"Teknisi Jaringan\", \"pangkat\": \"\", \"golongan\": \" \", \"tmt_cpns\": \"\", \"direktorat\": \"Dir. Adum\", \"pendidikan\": \"SMK\", \"tmt_golongan\": \"1 Nopember 2010\", \"jenis_ketenagaan\": \"Umum\"}', '2018-01-16 02:14:46', '2018-02-06 02:46:51'),
('70f0900c-d7c4-4320-945a-d0339d097099', 'Tri Hartono Syarifudin, AMK', '19930904268', '', NULL, NULL, NULL, NULL, NULL, NULL, 0, '{\"t2017\": 0, \"t2018\": \"12\", \"total\": \"12\"}', '{\"jabatan\": \"Perawat Pelaksana\", \"pangkat\": \"\", \"golongan\": \" \", \"tmt_cpns\": \"\", \"direktorat\": \"Dirmed Perawatan\", \"pendidikan\": \"D-III Keperawatan\", \"tmt_golongan\": \"1 Nopember 2015\", \"jenis_ketenagaan\": \"Perawat\"}', '2018-01-16 02:14:50', '2018-02-06 02:46:51'),
('7126c769-d98e-4bc6-9dc9-be664450c4ed', 'Nurjanah', '197308232014052001', '', NULL, NULL, NULL, NULL, NULL, NULL, 0, '{\"t2017\": \"11\", \"t2018\": \"12\", \"total\": \"18\"}', '{\"jabatan\": \"Petugas Gudang\", \"pangkat\": \"Juru\", \"golongan\": \"I c\", \"tmt_cpns\": \"01-05-2014\", \"direktorat\": \"Dir. Adum\", \"pendidikan\": \"SMP\", \"tmt_golongan\": \"1 Mei 2014\", \"jenis_ketenagaan\": \"Umum\"}', '2018-01-16 02:13:29', '2018-02-06 02:46:49'),
('71ecbb82-278e-461d-8c1c-82c238433c6e', 'Igus Siswanto', '19840831096', '', NULL, NULL, NULL, NULL, NULL, NULL, 0, '{\"t2017\": 0, \"t2018\": \"12\", \"total\": \"12\"}', '{\"jabatan\": \"Pembantu Orang Sakit\", \"pangkat\": \"\", \"golongan\": \" \", \"tmt_cpns\": \"\", \"direktorat\": \"Dir. Adum\", \"pendidikan\": \"SMK\", \"tmt_golongan\": \"1 Nopember 2010\", \"jenis_ketenagaan\": \"Umum\"}', '2018-01-16 02:14:44', '2018-02-06 02:46:51'),
('731132ea-1956-4ecf-9de8-cf9fbaf6c022', 'Heru Singadireja', '197604052008121002', '$2y$10$DvfqGyn8Vuxw/53Th4SEFOF/QRqgjTUOY.OB3B5GPaQQ9Av4CjblS', 'GCR1Ziyic9wtSczHz2jXuP0qQ6UNNA9vxZtofTtOGE1WgxzSbteQom2wczWo', 1, 2, 5, 22, 2, 1, '{\"t2017\": \"11\", \"t2018\": \"12\", \"total\": \"18\"}', '{\"jabatan\": \"Pembantu Orang Sakit\", \"pangkat\": \"Pengatur Muda Tk.I\", \"golongan\": \"II b\", \"tmt_cpns\": \"01-12-2008\", \"direktorat\": \"Dir. Adum\", \"pendidikan\": \"SMA\", \"tmt_golongan\": \"1 April 2013\", \"jenis_ketenagaan\": \"Umum\"}', '2018-01-16 02:13:16', '2018-02-09 07:15:20'),
('73cebc60-0c95-497e-beb6-f2fac8d580ba', 'Popy Arifiawati, AMK', '198012192005012003', '', NULL, NULL, NULL, NULL, NULL, NULL, 0, '{\"t2017\": \"3\", \"t2018\": \"12\", \"total\": \"15\"}', '{\"jabatan\": \"Perawat Pelaksana Lanjutan\", \"pangkat\": \"Penata Muda Tk.I\", \"golongan\": \"III b\", \"tmt_cpns\": \"01-01-2005\", \"direktorat\": \"Dirmed Perawatan\", \"pendidikan\": \"D-III Keperawatan\", \"tmt_golongan\": \"1 Oktober 2015\", \"jenis_ketenagaan\": \"Perawat\"}', '2018-01-16 02:13:30', '2018-02-06 02:46:43'),
('73ef9aaa-1757-4eb1-9bdf-fb8a11bc9204', 'Ayu Irnawati', '198909162014022001', '', NULL, NULL, NULL, NULL, NULL, NULL, 0, '{\"t2017\": \"7\", \"t2018\": \"12\", \"total\": \"12\"}', '{\"jabatan\": \"Perekam Medis Pemula\", \"pangkat\": \"Pengatur\", \"golongan\": \"II c\", \"tmt_cpns\": \"01-02- 2014\", \"direktorat\": \"Dirmed Perawatan\", \"pendidikan\": \"D-III Rekam Medik\", \"tmt_golongan\": \"1 Pebruari 2014\", \"jenis_ketenagaan\": \"Penunjang\"}', '2018-01-16 02:12:51', '2018-02-06 02:46:45'),
('7435c075-27e1-4324-bf6b-65cf91bd210b', 'Dr. Neni Sawitri, Sp.P', '196708132008012012', '$2y$10$uSDzxxJr.cKczo4kdkRc1ehF2N.8aUsQotPInp8NBHnxGKMeLYJJC', 'f9fCtdUT4WIleo4QLhj2p1kTy1jweJaCv9dX2SzFZL0LbaodvOPc8G68MpkM', 1, 1, 1, NULL, 1, 1, '{\"t2017\": \"1\", \"t2018\": \"12\", \"total\": \"13\"}', '{\"kd_dr\": \"020\", \"jabatan\": \"Ka.Sie. Pelayanan Medik\", \"pangkat\": \"Penata Tk.I\", \"golongan\": \"III d\", \"tmt_cpns\": \"01-01-2008\", \"direktorat\": \"Ka.Sie. Pelayanan Medik\", \"pendidikan\": \"Dokter Umum + S2 Spes.\", \"tmt_golongan\": \"1 April 2016\", \"jenis_ketenagaan\": \"Medis\"}', '2018-01-16 02:13:02', '2018-02-07 03:00:03'),
('743b3fe6-c049-488c-a350-89934cc0af26', 'Sukandar', '196606152006041002', '', NULL, NULL, NULL, NULL, NULL, NULL, 0, '{\"t2017\": \"11\", \"t2018\": \"12\", \"total\": \"18\"}', '{\"jabatan\": \"Pengadministrasi Umum\", \"pangkat\": \"Pengatur\", \"golongan\": \"II c\", \"tmt_cpns\": \"01-04-2006\", \"direktorat\": \"Dir. Adum\", \"pendidikan\": \"SMEA\", \"tmt_golongan\": \"1 April 2014\", \"jenis_ketenagaan\": \"Umum\"}', '2018-01-16 02:13:38', '2018-02-06 02:46:48'),
('74648ed9-ba95-49dd-b302-319e2ed06302', 'Ian Sholihah', '199008272010122001', '', NULL, NULL, NULL, NULL, NULL, NULL, 0, '{\"t2017\": \"11\", \"t2018\": \"12\", \"total\": \"18\"}', '{\"jabatan\": \"Asisten Apoteker Pelaksana\", \"pangkat\": \"Pengatur Tk.I\", \"golongan\": \"II d\", \"tmt_cpns\": \"01-12-2010\", \"direktorat\": \"Dirmed Perawatan\", \"pendidikan\": \"D-III Farmasi\", \"tmt_golongan\": \"1 April 2014\", \"jenis_ketenagaan\": \"Penunjang\"}', '2018-01-16 02:13:17', '2018-02-06 02:46:42'),
('74bf5dc3-74a0-4711-a631-975710d475d1', 'Nia Kurnia, AMK', '19830817075', '', NULL, NULL, NULL, NULL, NULL, NULL, 0, '{\"t2017\": 0, \"t2018\": \"12\", \"total\": \"12\"}', '{\"jabatan\": \"Perawat Pelaksana\", \"pangkat\": \"\", \"golongan\": \" \", \"tmt_cpns\": \"\", \"direktorat\": \"Dirmed Perawatan\", \"pendidikan\": \"D-III Keperawatan\", \"tmt_golongan\": \"1 Desember 2009\", \"jenis_ketenagaan\": \"Perawat\"}', '2018-01-16 02:14:30', '2018-02-06 02:46:49'),
('74d7d7dd-13be-456e-8b8c-958e19b6156d', 'Lukluk Utaminingsih, Ssi, Apt', '196911232005012001', '', NULL, NULL, NULL, NULL, NULL, NULL, 0, '{\"t2017\": \"1\", \"t2018\": \"12\", \"total\": \"13\"}', '{\"jabatan\": \"Apoteker Madya\", \"pangkat\": \"Pembina\", \"golongan\": \"IV a\", \"tmt_cpns\": \"01-01-2005\", \"direktorat\": \"Dirmed Perawatan\", \"pendidikan\": \"Apoteker\", \"tmt_golongan\": \"1 April 2016\", \"jenis_ketenagaan\": \"Penunjang\"}', '2018-01-16 02:13:24', '2018-02-06 02:46:41'),
('75857a5c-8faf-45e6-87ad-7dc54d7fc382', 'Rini Stevani, SE', '19821214033', '', NULL, NULL, NULL, NULL, NULL, NULL, 0, '{\"t2017\": 0, \"t2018\": \"12\", \"total\": \"12\"}', '{\"jabatan\": \"Pengelola Anggaran\", \"pangkat\": \"\", \"golongan\": \" \", \"tmt_cpns\": \"\", \"direktorat\": \"Dir. Adum\", \"pendidikan\": \"S1 Ekonomi\", \"tmt_golongan\": \"21 April 2008\", \"jenis_ketenagaan\": \"Umum\"}', '2018-01-16 02:14:36', '2018-02-06 02:46:50'),
('7644761a-5414-4772-a771-9653d51744f4', 'Junaedi', '19770610056', '', NULL, NULL, NULL, NULL, NULL, NULL, 0, '{\"t2017\": 0, \"t2018\": \"12\", \"total\": \"12\"}', '{\"jabatan\": \"Pengemudi\", \"pangkat\": \"\", \"golongan\": \" \", \"tmt_cpns\": \"\", \"direktorat\": \"Dir. Adum\", \"pendidikan\": \"SMA\", \"tmt_golongan\": \"5 Oktober 2009\", \"jenis_ketenagaan\": \"Umum\"}', '2018-01-16 02:14:42', '2018-02-06 02:46:50'),
('77437f61-f453-4a07-9c62-9083b02a953f', 'Dinta Lokanita, Amd.Kep', '198812012012122001', '', NULL, NULL, NULL, NULL, NULL, NULL, 0, '{\"t2017\": 0, \"t2018\": \"12\", \"total\": \"12\"}', '{\"jabatan\": \"Perawat Pelaksana\", \"pangkat\": \"Pengatur Tk.I\", \"golongan\": \"II d\", \"tmt_cpns\": \"01-12-2012\", \"direktorat\": \"Dirmed Perawatan\", \"pendidikan\": \"D-III Keperawatan\", \"tmt_golongan\": \"1 Oktober 2017\", \"jenis_ketenagaan\": \"Perawat\"}', '2018-01-16 02:12:57', '2018-02-06 02:46:45'),
('77707867-f297-4a0f-8354-668fc79e803d', 'Sainah, AMK', '197006041991032002', '$2y$10$CmD0dHsX4.bH..rceUXjDuAiJN9gs.PWqnLPRI1LGBC6/hFJYTnI.', '7ZvQGxlritYW43olcNbA58oR4GudKFWY1G3inYjckHIocLkGaxv76HYCNmGr', 1, 2, 5, 21, 2, 1, '{\"t2017\": \"6\", \"t2018\": \"12\", \"total\": \"15\"}', '{\"jabatan\": \"Perawat Penyelia\", \"pangkat\": \"Penata Tk.I\", \"golongan\": \"III d\", \"tmt_cpns\": \"01-03-1991\", \"direktorat\": \"Dirmed Perawatan\", \"pendidikan\": \"D-III Keperawatan\", \"tmt_golongan\": \"1 Oktober 2015\", \"jenis_ketenagaan\": \"Perawat\"}', '2018-01-16 02:13:35', '2018-02-06 02:46:43'),
('77827035-d266-4280-9df3-bfb168ede357', 'Pini Sundari, AMK', '196607071986032001', '', NULL, NULL, NULL, NULL, NULL, NULL, 0, '{\"t2017\": \"6\", \"t2018\": \"12\", \"total\": \"18\"}', '{\"jabatan\": \"Perawat Penyelia\", \"pangkat\": \"Penata Tk.I\", \"golongan\": \"III d\", \"tmt_cpns\": \"01-03-1986\", \"direktorat\": \"Dirmed Perawatan\", \"pendidikan\": \"D-III Keperawatan\", \"tmt_golongan\": \"1 April 2010\", \"jenis_ketenagaan\": \"Perawat\"}', '2018-01-16 02:13:30', '2018-02-06 02:46:43'),
('77d460bb-39b0-47c7-862b-8d985597e7e5', 'dr. Prabjot Singh', '19880901280', '$2y$10$5sHtXn08jW.nAD4ufUd0OeneIqJy5SqbxSHiZOKRfNAJvvTDc0TK2', NULL, 1, 1, 1, NULL, 2, 1, '{\"t2017\": 0, \"t2018\": \"12\", \"total\": \"12\"}', '{\"kd_dr\": \"074\", \"jabatan\": \"Dokter\", \"pangkat\": \"\", \"golongan\": \" \", \"tmt_cpns\": \"\", \"direktorat\": \"Dirmed Perawatan\", \"pendidikan\": \"Dokter Umum\", \"tmt_golongan\": \"1 Agustus 2017\", \"jenis_ketenagaan\": \"Medis\"}', '2018-01-16 02:14:53', '2018-02-07 01:43:27'),
('77e99ca1-82aa-42f1-bc60-e55879362a45', 'Tedi Sutedi', '19860424110', '$2y$10$I1mcA5drQyCFjY7n2HrjAu5GK34mWfpMc2hJcO/4YY8fclU1r87nO', 'EOWzdidje5HYlnk7hrj3TsLaAvVut7tm2G2V7QPGiW0WbL6b2g9vQ368IFM4', 1, 2, 5, 22, 2, 1, '{\"t2017\": 0, \"t2018\": \"12\", \"total\": \"12\"}', '{\"jabatan\": \"Pembantu Orang Sakit\", \"pangkat\": \"\", \"golongan\": \" \", \"tmt_cpns\": \"\", \"direktorat\": \"Dir. Adum\", \"pendidikan\": \"SMA\", \"tmt_golongan\": \"1 Nopember 2010\", \"jenis_ketenagaan\": \"Umum\"}', '2018-01-16 02:14:41', '2018-02-06 02:46:50'),
('77f69162-9104-4372-a8bd-bdb9ba26ed80', 'Fasya Lucky Pratama', '199209272018011001', '', NULL, NULL, NULL, NULL, NULL, NULL, 0, '{\"t2017\": 0, \"t2018\": 12, \"total\": 12}', '{\"jabatan\": \"Perekam Medis Terampil\", \"pangkat\": \"Pengatur\", \"golongan\": \"II c\", \"tmt_cpns\": \"01-01-2018\", \"direktorat\": \"Dirmed Perawatan\", \"pendidikan\": \"D-III Rekam Medik\", \"tmt_golongan\": \"1 Januari 2018\", \"jenis_ketenagaan\": \"Penunjang\"}', '2018-02-06 03:29:42', '2018-02-06 03:29:42'),
('79602f5d-32f8-4111-984e-50d799dc7c93', '﻿Sumanta', '196711022007011018', '', NULL, NULL, NULL, NULL, NULL, NULL, 0, '{\"t2017\": \"11\", \"t2018\": \"12\", \"total\": \"18\"}', '{\"jabatan\": \"Pembantu Orang Sakit\", \"pangkat\": \"Juru\", \"golongan\": \"I c\", \"tmt_cpns\": \"01-01-2007\", \"direktorat\": \"Dir. Adum\", \"pendidikan\": \"SMP Persamaan\", \"tmt_golongan\": \"1 April 2014\", \"jenis_ketenagaan\": \"Umum\"}', '2018-01-16 02:14:17', '2018-02-06 02:46:49'),
('798f0de8-ba38-4633-8611-cca79e35d449', 'Dr. Yulianita', '197001222005022001', '', NULL, NULL, NULL, NULL, NULL, NULL, 0, '{\"t2017\": \"5\", \"t2018\": \"12\", \"total\": \"17\"}', '{\"kd_dr\": \"021\", \"jabatan\": \"Dokter Madya\", \"pangkat\": \"Pembina\", \"golongan\": \"IV a\", \"tmt_cpns\": \"01-02-2005\", \"direktorat\": \"Dirmed Perawatan\", \"pendidikan\": \"Dokter Umum\", \"tmt_golongan\": \"1 Oktober 2015\", \"jenis_ketenagaan\": \"Medis\"}', '2018-01-16 02:13:04', '2018-02-06 02:46:46'),
('79952667-b1ea-449e-b651-0fd16992e250', 'Muhamad Deden Sudira', '197708152009121001', '', NULL, NULL, NULL, NULL, NULL, NULL, 0, '{\"t2017\": \"11\", \"t2018\": \"12\", \"total\": \"18\"}', '{\"jabatan\": \"Teknisi Jaringan\", \"pangkat\": \"Pengatur Muda Tk.I\", \"golongan\": \"II b\", \"tmt_cpns\": \"01-12-2009\", \"direktorat\": \"Dir. Adum\", \"pendidikan\": \"STM\", \"tmt_golongan\": \"1 April 2014\", \"jenis_ketenagaan\": \"Umum\"}', '2018-01-16 02:13:26', '2018-02-06 02:46:48'),
('79e7a622-4df3-4215-8209-405a85a5bd3e', 'Drg. Darnita', '196008051989012001', '', NULL, NULL, NULL, NULL, NULL, NULL, 0, '{\"t2017\": 0, \"t2018\": \"12\", \"total\": \"12\"}', '{\"kd_dr\": \"010\", \"jabatan\": \"Dokter Gigi Madya\", \"pangkat\": \"Pembina Utama Muda\", \"golongan\": \"IV c\", \"tmt_cpns\": \"01-01-1989\", \"direktorat\": \"Dirmed Perawatan\", \"pendidikan\": \"Dokter Gigi\", \"tmt_golongan\": \"1 April 2015\", \"jenis_ketenagaan\": \"Medis\"}', '2018-01-16 02:13:04', '2018-02-06 02:46:46'),
('7a5355d2-acd2-4f91-9a9d-2e494ae50612', 'Fitrian Panji Ginanjar, Amd.Kep', '19890507230', '', NULL, NULL, NULL, NULL, NULL, NULL, 0, '{\"t2017\": 0, \"t2018\": \"12\", \"total\": \"12\"}', '{\"jabatan\": \"Perawat Pelaksana\", \"pangkat\": \"\", \"golongan\": \" \", \"tmt_cpns\": \"\", \"direktorat\": \"Dirmed Perawatan\", \"pendidikan\": \"D-III Keperawatan\", \"tmt_golongan\": \"1 Desember 2011\", \"jenis_ketenagaan\": \"Perawat\"}', '2018-01-16 02:14:28', '2018-02-06 02:46:49'),
('7ae3ab1c-f901-42ee-aab0-fdc29a6e900a', 'Iwan Ridwanullah, SKM', '197012231993031004', '$2y$10$0EYTWwdBlq9M9YSblwvjbOszXgZkAW8mY60lWnPFbEY1gwBFR5J6y', NULL, 2, 4, 9, 28, 1, 1, '{\"t2017\": \"3\", \"t2018\": \"12\", \"total\": \"15\"}', '{\"jabatan\": \"Analis Hubungan Kelembagaan\", \"pangkat\": \"Penata Tk.I\", \"golongan\": \"III d\", \"tmt_cpns\": \"01-03-1993\", \"direktorat\": \"Dir. Adum\", \"pendidikan\": \"S1 Kes.Masy.\", \"tmt_golongan\": \"1 Oktober 2017\", \"jenis_ketenagaan\": \"Umum\"}', '2018-01-16 02:13:19', '2018-02-09 09:09:55'),
('7b72d411-1bc2-42d8-9ba9-7aaea485a634', 'Tri Wahyuni', '198712312010122001', '', NULL, NULL, NULL, NULL, NULL, NULL, 0, '{\"t2017\": \"11\", \"t2018\": \"12\", \"total\": \"18\"}', '{\"jabatan\": \"Perawat Maher\", \"pangkat\": \"Penata Muda, III/a\", \"golongan\": \"III a\", \"tmt_cpns\": \"01-12-2010\", \"direktorat\": \"Dirmed Perawatan\", \"pendidikan\": \"D-III Keperawatan\", \"tmt_golongan\": \"1 Oktober 2017\", \"jenis_ketenagaan\": \"Perawat\"}', '2018-01-16 02:14:21', '2018-02-06 02:46:44'),
('7b8cf957-c471-41d9-b591-439b7449724e', 'Endang Rohiman, AMK', '197603072010121001', '', NULL, NULL, NULL, NULL, NULL, NULL, 0, '{\"t2017\": 0, \"t2018\": \"11\", \"total\": \"11\"}', '{\"jabatan\": \"Perawat Maher\", \"pangkat\": \"Penata Muda, III/a\", \"golongan\": \"III a\", \"tmt_cpns\": \"01-12-2010\", \"direktorat\": \"Dirmed Perawatan\", \"pendidikan\": \"D-III Keperawatan\", \"tmt_golongan\": \"1 Oktober 2017\", \"jenis_ketenagaan\": \"Perawat\"}', '2018-01-16 02:13:08', '2018-02-06 02:46:45'),
('7c226be8-85fc-4db0-87b2-77a126fdd33a', 'Suhardiman', '196904012008121002', '', NULL, NULL, NULL, NULL, NULL, NULL, 0, '{\"t2017\": \"11\", \"t2018\": \"12\", \"total\": \"18\"}', '{\"jabatan\": \"Pembantu Orang Sakit\", \"pangkat\": \"Pengatur Muda Tk.I\", \"golongan\": \"II b\", \"tmt_cpns\": \"01-12-2008\", \"direktorat\": \"Dir. Adum\", \"pendidikan\": \"SMA\", \"tmt_golongan\": \"1 April 2013\", \"jenis_ketenagaan\": \"Umum\"}', '2018-01-16 02:13:38', '2018-02-06 02:46:48'),
('7d8b6bfc-2224-4995-9e99-bfa3a4522079', 'Ferry Purwana Leonard,H. AMK', '196501121991031004', '', NULL, NULL, NULL, NULL, NULL, NULL, 0, '{\"t2017\": \"7\", \"t2018\": \"12\", \"total\": \"12\"}', '{\"jabatan\": \"Perawat Penyelia\", \"pangkat\": \"Penata Tk.I\", \"golongan\": \"III d\", \"tmt_cpns\": \"01-03-1991\", \"direktorat\": \"Dirmed Perawatan\", \"pendidikan\": \"D-III Keperawatan\", \"tmt_golongan\": \"1 April 2011\", \"jenis_ketenagaan\": \"Perawat\"}', '2018-01-16 02:13:11', '2018-02-06 02:46:43'),
('7f02a405-6f31-448b-b4b3-62bfc4866ca8', 'Asep Sutardi, AMK', '198508152010121002', '$2y$10$MV/5qPrAW2y4ebq7XnrM1OaDX48Jnk2COYDtAumK7LvsIrKxHiiTq', 'TpUVpEIVuNeBpieKI9nRO4mR4QYmnPUWFDzPa8VWbJBiDaDR9yHAfZFICPrS', 1, 2, 5, 22, 2, 1, '{\"t2017\": 0, \"t2018\": \"18\", \"total\": \"12\"}', '{\"jabatan\": \"Perawat Maher\", \"pangkat\": \"Penata Muda, III/a\", \"golongan\": \"III a\", \"tmt_cpns\": \"01-12-2010\", \"direktorat\": \"Dirmed Perawatan\", \"pendidikan\": \"D-III Keperawatan\", \"tmt_golongan\": \"1 Oktober 2017\", \"jenis_ketenagaan\": \"Perawat\"}', '2018-01-16 02:12:50', '2018-02-06 02:46:45'),
('7f6c03b1-76d1-4dba-807b-e8ac27f9f707', 'Ayi Taufiq Saepudin', '198711122014021001', '$2y$10$WvrqwcrdHcJkPy0tKkF5Kupj.mPB5kyuWoZ99LB3/eXuBOElQueHO', 'NSBtZJBDRiQSPrZCcqfgvWYwB8c5wi7Cd27faN2XEBE6Ru8NTTQVztXBebVI', 1, 1, 2, 9, 2, 1, '{\"t2017\": \"11\", \"t2018\": \"12\", \"total\": \"18\"}', '{\"jabatan\": \"Perekam Medis Pemula\", \"pangkat\": \"Pengatur\", \"golongan\": \"II c\", \"tmt_cpns\": \"01-02- 2014\", \"direktorat\": \"Dirmed Perawatan\", \"pendidikan\": \"D-III Rekam Medik\", \"tmt_golongan\": \"1 Pebruari 2014\", \"jenis_ketenagaan\": \"Penunjang\"}', '2018-01-16 02:12:50', '2018-02-06 02:46:45'),
('7f936512-4b0e-410a-ac71-d78a0e361eb0', 'Paridah', '199202032014022003', '', NULL, NULL, NULL, NULL, NULL, NULL, 0, '{\"t2017\": \"11\", \"t2018\": \"12\", \"total\": \"18\"}', '{\"jabatan\": \"Asisten Apoteker Pelaksana\", \"pangkat\": \"Pengatur\", \"golongan\": \"II c\", \"tmt_cpns\": \"01-02- 2014\", \"direktorat\": \"Dirmed Perawatan\", \"pendidikan\": \"D-III Farmasi\", \"tmt_golongan\": \"1 Pebruari 2014\", \"jenis_ketenagaan\": \"Penunjang\"}', '2018-01-16 02:13:30', '2018-02-06 02:46:42'),
('7fa51b82-ff5f-4aff-995e-bf9e935c325e', 'M. Arifullah, Amd. Akt', '19770203020', '', NULL, NULL, NULL, NULL, NULL, NULL, 0, '{\"t2017\": 0, \"t2018\": \"12\", \"total\": \"12\"}', '{\"jabatan\": \"Verifikator Keuangan\", \"pangkat\": \"\", \"golongan\": \" \", \"tmt_cpns\": \"\", \"direktorat\": \"Dir. Adum\", \"pendidikan\": \"D-III Akuntansi\", \"tmt_golongan\": \"7 April 2008\", \"jenis_ketenagaan\": \"Umum\"}', '2018-01-16 02:14:36', '2018-02-06 02:46:50'),
('7fdd6b06-8e34-4316-b7a3-6cfa87e3e1a2', 'Budi Aswin', '19880511089', '', NULL, NULL, NULL, NULL, NULL, NULL, 0, '{\"t2017\": 0, \"t2018\": \"12\", \"total\": \"12\"}', '{\"jabatan\": \"Pembantu Orang Sakit\", \"pangkat\": \"\", \"golongan\": \" \", \"tmt_cpns\": \"\", \"direktorat\": \"Dir. Adum\", \"pendidikan\": \"SMU\", \"tmt_golongan\": \"1 Nopember 2010\", \"jenis_ketenagaan\": \"Umum\"}', '2018-01-16 02:14:47', '2018-02-06 02:46:51'),
('7fe39486-5c54-494b-b5e1-f5154164bfca', 'Husni Bahtiar, AMK', '198309052008011003', '$2y$10$.MZtdtIRYEtlAJjQTWtSM.pXDXNMAG2M7ya0C/egSI476Dw12/RRC', 'd4SIwjpyByLxD4MF9x9vcgml1YjMqukdoT90mcYyfWijLJQAOMIcNX8IhOEY', 1, 2, 5, 20, 2, 1, '{\"t2017\": \"5\", \"t2018\": \"12\", \"total\": \"17\"}', '{\"jabatan\": \"Perawat Pelaksana Lanjutan\", \"pangkat\": \"Penata Muda\", \"golongan\": \"III a\", \"tmt_cpns\": \"01-01-2008\", \"direktorat\": \"Dirmed Perawatan\", \"pendidikan\": \"D-III Keperawatan\", \"tmt_golongan\": \"1 April 2015\", \"jenis_ketenagaan\": \"Perawat\"}', '2018-01-16 02:13:17', '2018-02-08 07:42:35'),
('7ff13b51-8b63-47e0-8114-a23429bde6b7', 'Trias Adhi Karno', '19841118054', '', NULL, NULL, NULL, NULL, NULL, NULL, 0, '{\"t2017\": 0, \"t2018\": \"12\", \"total\": \"12\"}', '{\"jabatan\": \"Pengadministrasi Umum\", \"pangkat\": \"\", \"golongan\": \" \", \"tmt_cpns\": \"\", \"direktorat\": \"Dir. Adum\", \"pendidikan\": \"S1 Akutansi Manajemen\", \"tmt_golongan\": \"5 Oktober 2009\", \"jenis_ketenagaan\": \"Umum\"}', '2018-01-16 02:14:36', '2018-02-06 02:46:50'),
('80adc876-04eb-4039-a212-e51f863f152b', 'Sumartini', '196108011991032003', '', NULL, NULL, NULL, NULL, NULL, NULL, 0, '{\"t2017\": \"3\", \"t2018\": \"12\", \"total\": \"15\"}', '{\"jabatan\": \"Perawat Penyelia\", \"pangkat\": \"Penata Tk.I\", \"golongan\": \"III d\", \"tmt_cpns\": \"01-03-1991\", \"direktorat\": \"Dirmed Perawatan\", \"pendidikan\": \"SPK\", \"tmt_golongan\": \"1 Oktober 2014\", \"jenis_ketenagaan\": \"Perawat\"}', '2018-01-16 02:14:18', '2018-02-06 02:46:49'),
('80cdae8f-b371-484c-a45c-3cb9cf54bcdf', 'Rizal Ahmad Muntaha', '19920820276', '', NULL, NULL, NULL, NULL, NULL, NULL, 0, '{\"t2017\": 0, \"t2018\": \"12\", \"total\": \"12\"}', '{\"jabatan\": \"Radiografer\", \"pangkat\": \"\", \"golongan\": \" \", \"tmt_cpns\": \"\", \"direktorat\": \"Dirmed Perawatan\", \"pendidikan\": \"D-IV Teknik Radiodiagnostik\", \"tmt_golongan\": \"8 Juni 2016\", \"jenis_ketenagaan\": \"Penunjang\"}', '2018-01-16 02:14:53', '2018-02-06 02:46:51'),
('80eea228-5792-4e08-b490-e4e249d29f08', 'Sandi Desfina, AMK', '198612022008121003', '', NULL, NULL, NULL, NULL, NULL, NULL, 0, '{\"t2017\": 0, \"t2018\": \"18\", \"total\": \"10\"}', '{\"jabatan\": \"Perawat Pelaksana Lanjutan\", \"pangkat\": \"Pengatur Tk.I\", \"golongan\": \"III a\", \"tmt_cpns\": \"01-12-2008\", \"direktorat\": \"Dirmed Perawatan\", \"pendidikan\": \"D-III Keperawatan\", \"tmt_golongan\": \"1 April 2016\", \"jenis_ketenagaan\": \"Perawat\"}', '2018-01-16 02:13:35', '2018-02-06 02:46:44'),
('81009927-3fce-47fb-95da-8399f6f70a67', 'Indra Nurdiana, SE', '197809252009121001', '', NULL, NULL, NULL, NULL, NULL, NULL, 0, '{\"t2017\": \"3\", \"t2018\": \"12\", \"total\": \"15\"}', '{\"jabatan\": \"Auditor Pertama\", \"pangkat\": \"Penata Muda\", \"golongan\": \"III b\", \"tmt_cpns\": \"01-12-2009\", \"direktorat\": \"SPI\", \"pendidikan\": \"S 1 Ekonomi Akutansi\", \"tmt_golongan\": \"1 Oktober 2016\", \"jenis_ketenagaan\": \"Penunjang\"}', '2018-01-16 02:13:17', '2018-02-06 02:46:46'),
('810fd054-aab3-4630-9e1a-308df2c5c8fb', 'Firmansyah', '19780225052', '', NULL, NULL, NULL, NULL, NULL, NULL, 0, '{\"t2017\": 0, \"t2018\": \"12\", \"total\": \"12\"}', '{\"jabatan\": \"Pengadministrasi Umum\", \"pangkat\": \"\", \"golongan\": \" \", \"tmt_cpns\": \"\", \"direktorat\": \"Dir. Adum\", \"pendidikan\": \"D III Perhotelan\", \"tmt_golongan\": \"5 Oktober 2009\", \"jenis_ketenagaan\": \"Umum\"}', '2018-01-16 02:14:36', '2018-02-06 02:46:50'),
('815a3df4-9f46-4b08-80ac-45b795d8ea66', 'Kosidin', '197603102008121002', '', NULL, NULL, NULL, NULL, NULL, NULL, 0, '{\"t2017\": \"11\", \"t2018\": \"12\", \"total\": \"18\"}', '{\"jabatan\": \"Pembantu Orang Sakit\", \"pangkat\": \"Juru\", \"golongan\": \"I c\", \"tmt_cpns\": \"01-12-2008\", \"direktorat\": \"Dir. Adum\", \"pendidikan\": \"SMP Persamaan\", \"tmt_golongan\": \"1 April 2015\", \"jenis_ketenagaan\": \"Umum\"}', '2018-01-16 02:13:21', '2018-02-06 02:46:49'),
('81c86c4e-05a9-4c5c-af36-e8166df0de3c', 'M. Asep Suryadi', '19880221241', '', NULL, NULL, NULL, NULL, NULL, NULL, 0, '{\"t2017\": 0, \"t2018\": \"12\", \"total\": \"12\"}', '{\"jabatan\": \"Juru Bayar / Kasir\", \"pangkat\": \"\", \"golongan\": \" \", \"tmt_cpns\": \"\", \"direktorat\": \"Dir. Adum\", \"pendidikan\": \"SLTA / IPS\", \"tmt_golongan\": \"1 Desember 2011\", \"jenis_ketenagaan\": \"Umum\"}', '2018-01-16 02:14:38', '2018-02-06 02:46:50'),
('81e7a2d7-cfdc-46a7-90a3-3d75cb4bd9ac', 'Unardi', '19770529017', '', NULL, NULL, NULL, NULL, NULL, NULL, 0, '{\"t2017\": 0, \"t2018\": \"12\", \"total\": \"12\"}', '{\"jabatan\": \"Pembantu Orang Sakit\", \"pangkat\": \"\", \"golongan\": \" \", \"tmt_cpns\": \"\", \"direktorat\": \"Dir. Adum\", \"pendidikan\": \"SMA\", \"tmt_golongan\": \"1 April 2007\", \"jenis_ketenagaan\": \"Umum\"}', '2018-01-16 02:14:41', '2018-02-06 02:46:50'),
('820d29c7-7a5f-4ee4-ae3c-8638c3b83e97', 'Rindi Grestiani, AMK', '19900813273', '$2y$10$DK3TRPf20vGMcYAaU/bC2Oh3P6eCbD/EoIDtCOkdSxipkW96VuwP.', '0l7WaVKXAuqTPF6VoCtHg17cqizGiuGLhRUPdiHeHGLrIFLySGI5PV9uospV', 1, 2, 5, 20, 2, 1, '{\"t2017\": 0, \"t2018\": \"12\", \"total\": \"12\"}', '{\"jabatan\": \"Perawat Pelaksana\", \"pangkat\": \"\", \"golongan\": \" \", \"tmt_cpns\": \"\", \"direktorat\": \"Dirmed Perawatan\", \"pendidikan\": \"D-III Keperawatan\", \"tmt_golongan\": \"1 Nopember 2015\", \"jenis_ketenagaan\": \"Perawat\"}', '2018-01-16 02:14:52', '2018-02-08 07:47:11'),
('821ae4ea-123a-476e-831b-cc952b1ba6d7', 'Eli Mulyawati, AMK', '19900731271', '', NULL, NULL, NULL, NULL, NULL, NULL, 0, '{\"t2017\": 0, \"t2018\": \"12\", \"total\": \"12\"}', NULL, '2018-01-16 02:14:51', '2018-01-16 02:14:51'),
('82d920f4-1bdb-4c50-bf0a-6fb1964d4799', 'Andi Syehabudin Muhsin, Amd.Kep', '198712092012121001', '$2y$10$T1Gv.VGRl.bBkFWqWN12MOp4GAXejv4vGlXwXJSfhRkgiIEFyc9LK', '87LGmeaOXp7ppTMjNbIg01kI8t8f0ncGZUvd3g2q5ccSGkZnnqHooRNetouE', 1, 2, 5, NULL, 2, 1, '{\"t2017\": \"6\", \"t2018\": \"12\", \"total\": \"18\"}', '{\"jabatan\": \"Perawat Pelaksana\", \"pangkat\": \"Pengatur Tk.I\", \"golongan\": \"II d\", \"tmt_cpns\": \"01-12-2012\", \"direktorat\": \"Dirmed Perawatan\", \"pendidikan\": \"D-III Keperawatan\", \"tmt_golongan\": \"1 April 2016\", \"jenis_ketenagaan\": \"Perawat\"}', '2018-01-16 02:12:47', '2018-02-06 02:46:45'),
('83c47a8f-2fd8-48bb-962b-420463ba8a6e', 'Maya Haryanti', '199205152014022001', '$2y$10$hK5WvszHMTYYQ5dEfcrJl.f0Js5xo7fGWQHNtoBW225b1pJ92IICS', 'BViq7KseYOD0nQab1F1Z3VZuO0tNyZ4zrCgNKnV0KXNMBpktQMsnX6bUr4Vr', 1, 1, 2, 5, 2, 1, '{\"t2017\": \"11\", \"t2018\": \"12\", \"total\": \"18\"}', '{\"jabatan\": \"Teknisi Transfusi Darah Pelaksana\", \"pangkat\": \"Pengatur Muda\", \"golongan\": \"II a\", \"tmt_cpns\": \"01-02- 2014\", \"direktorat\": \"Dirmed Perawatan\", \"pendidikan\": \"D-I Teknik Transfusi Darah\", \"tmt_golongan\": \"1 Pebruari 2014\", \"jenis_ketenagaan\": \"Penunjang\"}', '2018-01-16 02:13:25', '2018-02-06 02:46:42'),
('83ddccf8-c592-4711-90f6-a22bf1458beb', 'Jaenal Arifin', '19790705239', '', NULL, NULL, NULL, NULL, NULL, NULL, 0, '{\"t2017\": 0, \"t2018\": \"12\", \"total\": \"12\"}', '{\"jabatan\": \"Pengemudi Ambulan\", \"pangkat\": \"\", \"golongan\": \" \", \"tmt_cpns\": \"\", \"direktorat\": \"Dir. Adum\", \"pendidikan\": \"SLTA / IPA\", \"tmt_golongan\": \"1 Desember 2011\", \"jenis_ketenagaan\": \"Umum\"}', '2018-01-16 02:14:38', '2018-02-06 02:46:50'),
('83f67dd4-d9ae-427d-8210-e0c314c58665', 'Aep Hartono,AMK', '197006211991031001', '$2y$10$dqSll1TVaubS3rcml9l3BOxxU3WG9U8hjoXNZwYRNH0EwJgSz5CAu', 'gmzy3OP2uNJY6ajKPP9QrfbYL4OPsJ5HNEj2iiCMzTpaICZ56DnelPtCRxhQ', 1, 2, 4, 16, 1, 1, '{\"t2017\": \"6\", \"t2018\": \"12\", \"total\": \"18\"}', '{\"jabatan\": \"Perawat Penyelia\", \"pangkat\": \"Penata Tk.I\", \"golongan\": \"III d\", \"tmt_cpns\": \"01-03-1991\", \"direktorat\": \"Dirmed Perawatan\", \"pendidikan\": \"D-III Keperawatan\", \"tmt_golongan\": \"1 April 2014\", \"jenis_ketenagaan\": \"Perawat\"}', '2018-01-16 02:12:45', '2018-02-09 07:27:59'),
('84e4c255-41e0-4f48-b785-e461e1328175', 'Eka Rachmaliawati, A.Md', '19871012227', '$2y$10$5ikpllbWAxw00W87ntnJMOdOPIM1fDkSJMbmYEijkZpNBOq6D0eGe', 'ah2pybeZugqSNrLHWR6xo7WY0PE5Is5s7jjZFYM4KX6VLwTw4kwMxiC3Oy5J', 2, 4, 9, NULL, 2, 1, '{\"t2017\": 0, \"t2018\": 11, \"total\": 11}', '{\"jabatan\": \"Juru Bayar / Kasir\", \"pangkat\": \"\", \"golongan\": \" \", \"tmt_cpns\": \"\", \"direktorat\": \"Dir. Adum\", \"pendidikan\": \"D-III Manajemen Informatika\", \"tmt_golongan\": \"1 Desember 2011\", \"jenis_ketenagaan\": \"Umum\"}', '2018-01-16 02:14:35', '2018-02-09 08:16:26'),
('85b56106-9d46-44b2-bedb-aad3be26ba94', 'Dede Agus Ramdani, AMK', '19850802067', '', NULL, NULL, NULL, NULL, NULL, NULL, 0, '{\"t2017\": 0, \"t2018\": \"12\", \"total\": \"12\"}', '{\"jabatan\": \"Perawat Pelaksana\", \"pangkat\": \"\", \"golongan\": \" \", \"tmt_cpns\": \"\", \"direktorat\": \"Dirmed Perawatan\", \"pendidikan\": \"D-III Keperawatan\", \"tmt_golongan\": \"1 Desember 2009\", \"jenis_ketenagaan\": \"Perawat\"}', '2018-01-16 02:14:27', '2018-02-06 02:46:49'),
('863ff558-0a18-472f-b286-a280fb1b3c19', 'Nurmaisa Fitri, AMK', '19880507104', '', NULL, NULL, NULL, NULL, NULL, NULL, 0, '{\"t2017\": 0, \"t2018\": \"12\", \"total\": \"12\"}', '{\"jabatan\": \"Perawat Pelaksana\", \"pangkat\": \"\", \"golongan\": \" \", \"tmt_cpns\": \"\", \"direktorat\": \"Dirmed Perawatan\", \"pendidikan\": \"D-III Keperawatan\", \"tmt_golongan\": \"1 Nopember 2010\", \"jenis_ketenagaan\": \"Perawat\"}', '2018-01-16 02:14:31', '2018-02-06 02:46:49'),
('8686f140-5709-4897-bcb9-7f0cd6344a12', 'Yuyun Yudaningsih, AM.Keb', '198202072005012006', '', NULL, NULL, NULL, NULL, NULL, NULL, 0, '{\"t2017\": \"5\", \"t2018\": \"12\", \"total\": \"17\"}', '{\"jabatan\": \"Bidan Pelaksana Lanjutan\", \"pangkat\": \"Penata Muda Tk.I\", \"golongan\": \"III b\", \"tmt_cpns\": \"01-01-2005\", \"direktorat\": \"Dirmed Perawatan\", \"pendidikan\": \"D-III Kebidanan\", \"tmt_golongan\": \"1 April 2016\", \"jenis_ketenagaan\": \"Perawat / Bidan\"}', '2018-01-16 02:14:26', '2018-02-06 02:46:42'),
('87d7ea26-84a1-4813-9592-70cbcaea8424', 'Silvy Anggraeni', '198709102014022003', '$2y$10$Ima45ixZ.JzRmzHqGnywQeMos4UxUfEgJO8r.pL4qRCe3UMmMTU4O', 'HPMvZmcK07kLdIbW8H2scQnWqajIPgyFHWEnoSLYio76ZA5oDxFJNy9TD3AS', 1, 1, 2, 5, 2, 1, '{\"t2017\": \"11\", \"t2018\": \"12\", \"total\": \"18\"}', '{\"jabatan\": \"Pranata Lab.Kes. Pelaksana\", \"pangkat\": \"Pengatur\", \"golongan\": \"II c\", \"tmt_cpns\": \"01-02- 2014\", \"direktorat\": \"Dirmed Perawatan\", \"pendidikan\": \"D-III Analis Kesehatan\", \"tmt_golongan\": \"1 Pebruari 2014\", \"jenis_ketenagaan\": \"Penunjang\"}', '2018-01-16 02:13:35', '2018-02-06 02:46:42'),
('886e52a6-0845-4348-9de7-ca3e1124bdff', 'Triyanti', '196609062008122001', '', NULL, NULL, NULL, NULL, NULL, NULL, 0, '{\"t2017\": \"6\", \"t2018\": \"12\", \"total\": \"18\"}', '{\"jabatan\": \"Pengadministrasi Keuangan\", \"pangkat\": \"Pengatur\", \"golongan\": \"II c\", \"tmt_cpns\": \"01-12-2008\", \"direktorat\": \"Dir. Adum\", \"pendidikan\": \"D-III Ekonomi Akutansi\", \"tmt_golongan\": \"1 April 2015\", \"jenis_ketenagaan\": \"Umum\"}', '2018-01-16 02:14:21', '2018-02-06 02:46:42'),
('88818278-9ae4-4748-b065-fc2b672c04cf', 'Amanat Bhakti Laras, Amd.Kep', '19871021084', '', NULL, NULL, NULL, NULL, NULL, NULL, 0, '{\"t2017\": 0, \"t2018\": \"12\", \"total\": \"12\"}', '{\"jabatan\": \"Perawat Pelaksana\", \"pangkat\": \"\", \"golongan\": \" \", \"tmt_cpns\": \"\", \"direktorat\": \"Dirmed Perawatan\", \"pendidikan\": \"D-III Keperawatan\", \"tmt_golongan\": \"1 Nopember 2010\", \"jenis_ketenagaan\": \"Perawat\"}', '2018-01-16 02:14:27', '2018-02-06 02:46:49'),
('888fa98d-d117-40c9-9bcf-84c1a398a441', 'Eko Budi Nuridaryanto', '198111042009121001', '', NULL, NULL, NULL, NULL, NULL, NULL, 0, '{\"t2017\": 0, \"t2018\": \"12\", \"total\": \"12\"}', '{\"jabatan\": \"Pranata Lab.Kes. Pelaksana Lanjutan\", \"pangkat\": \"Pengatur Tk.I\", \"golongan\": \"III a\", \"tmt_cpns\": \"01-12-2009\", \"direktorat\": \"Dirmed Perawatan\", \"pendidikan\": \"D-III Analis Kesehatan\", \"tmt_golongan\": \"1 Oktober 2016\", \"jenis_ketenagaan\": \"Penunjang\"}', '2018-01-16 02:13:06', '2018-02-06 02:46:42'),
('88d87901-d4ac-485d-8ec0-b7330c566fa4', 'Dra. Wellya Hartati,Apt,MARS', '196712161993032001', '', NULL, NULL, NULL, NULL, NULL, NULL, 0, '{\"t2017\": 0, \"t2018\": \"12\", \"total\": \"12\"}', '{\"jabatan\": \"Kepala Bagian Administrasi Umum\", \"pangkat\": \"Pembina\", \"golongan\": \"IV a\", \"tmt_cpns\": \"01-03-1993\", \"direktorat\": \"Kepala Bagian Administrasi Umum\", \"pendidikan\": \"S2 Kesehatan\", \"tmt_golongan\": \"1 Oktober 2008\", \"jenis_ketenagaan\": \"Penunjang\"}', '2018-01-16 02:13:04', '2018-02-06 02:46:47'),
('8953556a-e382-44a8-a947-ab24cd7ff2c2', 'Dr. Neli Sumanti, Sp.PK', '198012202014122001', '$2y$10$qMhl92IEuV6fg4b1qclZ2.yjtEZDMc9sy/34nsWkfaV8nyRd2aDrK', 'nYCWKMYYjXJausA77SZIt2dWDJylDBt7u10wj5CPSCnHcMjSQSZwrSQ1DTQ4', 1, 1, 2, 5, 1, 1, '{\"t2017\": \"7\", \"t2018\": \"12\", \"total\": \"18\"}', '{\"kd_dr\": \"052\", \"jabatan\": \"Dokter  Pertama\", \"pangkat\": \"Penata Muda Tk.I\", \"golongan\": \"III b\", \"tmt_cpns\": \"01-12-2014\", \"direktorat\": \"Dirmed Perawatan\", \"pendidikan\": \"Dokter Umum + S2 Spes.\", \"tmt_golongan\": \"1 Desember 2014\", \"jenis_ketenagaan\": \"Medis\"}', '2018-01-16 02:13:01', '2018-02-06 02:46:46'),
('8a3eab18-f04a-46dd-a917-7807f5b68d31', 'Nina Kusmayanti', '197307112007012016', '', NULL, NULL, NULL, NULL, NULL, NULL, 0, '{\"t2017\": 0, \"t2018\": \"12\", \"total\": \"\"}', '{\"jabatan\": \"Pengadministrasi Umum\", \"pangkat\": \"Pengatur\", \"golongan\": \"II c\", \"tmt_cpns\": \"01-01-2007\", \"direktorat\": \"Dir. Adum\", \"pendidikan\": \"SMA\", \"tmt_golongan\": \"1 April 2015\", \"jenis_ketenagaan\": \"Umum\"}', '2018-01-16 02:13:28', '2018-02-06 02:46:48'),
('8b3ac6ea-190d-4e2c-8f5a-6eebd696b489', 'Nining Suryaningsih, AMK', '196605151994032002', '', NULL, NULL, NULL, NULL, NULL, NULL, 0, '{\"t2017\": 0, \"t2018\": \"11\", \"total\": \"11\"}', '{\"jabatan\": \"Perawat Penyelia\", \"pangkat\": \"Penata\", \"golongan\": \"III c\", \"tmt_cpns\": \"01-03-1994\", \"direktorat\": \"Dirmed Perawatan\", \"pendidikan\": \"D-III Keperawatan\", \"tmt_golongan\": \"1 oktober 2015\", \"jenis_ketenagaan\": \"Perawat\"}', '2018-01-16 02:13:28', '2018-02-06 02:46:43'),
('8b50bbd7-e192-4ea1-b80d-47f9e0d6788f', 'Susan Pitriyani, AMK', '19891228079', '', NULL, NULL, NULL, NULL, NULL, NULL, 0, '{\"t2017\": 0, \"t2018\": \"12\", \"total\": \"12\"}', '{\"jabatan\": \"Perawat Pelaksana\", \"pangkat\": \"\", \"golongan\": \" \", \"tmt_cpns\": \"\", \"direktorat\": \"Dirmed Perawatan\", \"pendidikan\": \"D-III Keperawatan\", \"tmt_golongan\": \"1 Desember 2009\", \"jenis_ketenagaan\": \"Perawat\"}', '2018-01-16 02:14:31', '2018-02-06 02:46:49'),
('8cbb0ba0-e79b-410a-a889-abd60b2ab1ca', 'Mira Novita, AMK', '196811111991032001', '', NULL, NULL, NULL, NULL, NULL, NULL, 0, '{\"t2017\": \"5\", \"t2018\": \"12\", \"total\": \"17\"}', '{\"jabatan\": \"Perawat Penyelia\", \"pangkat\": \"Penata Tk.I\", \"golongan\": \"III d\", \"tmt_cpns\": \"01-03-1991\", \"direktorat\": \"Dirmed Perawatan\", \"pendidikan\": \"D-III Keperawatan\", \"tmt_golongan\": \"1 Oktober 2015\", \"jenis_ketenagaan\": \"Perawat\"}', '2018-01-16 02:13:25', '2018-02-06 02:46:43'),
('8cd2740f-60ba-4648-86ff-e8900967570b', 'Rahmat', '196507052006041002', '', NULL, NULL, NULL, NULL, NULL, NULL, 0, '{\"t2017\": \"11\", \"t2018\": \"12\", \"total\": \"18\"}', '{\"jabatan\": \"Petugas Gudang\", \"pangkat\": \"Pengatur\", \"golongan\": \"II c\", \"tmt_cpns\": \"01-04-2006\", \"direktorat\": \"Dir. Adum\", \"pendidikan\": \"SMEA\", \"tmt_golongan\": \"1 April 2014\", \"jenis_ketenagaan\": \"Umum\"}', '2018-01-16 02:13:31', '2018-02-06 02:46:48'),
('8d14ad8f-f0ee-4c19-ba66-e29b977b722b', 'Suparman', '196504231985031006', '$2y$10$N4U9qytiPTxu2WVZUlOXGuDoHlPCHLWrDoXz0dvUvl6YujbNrjqhO', 'YQtp5KYweZ7BB5ZUTdzPtMpGVMz6ED9YNqE0aEeAZNjPaCw6BJBBj8lnMbr5', 1, 1, 2, 9, 2, 1, '{\"t2017\": \"11\", \"t2018\": \"12\", \"total\": \"18\"}', '{\"jabatan\": \"Teknisi Jaringan\", \"pangkat\": \"Penata Muda Tk.I\", \"golongan\": \"III b\", \"tmt_cpns\": \"01-03-1985\", \"direktorat\": \"Dir. Adum\", \"pendidikan\": \"SMA\", \"tmt_golongan\": \"1 Oktober 2014\", \"jenis_ketenagaan\": \"Umum\"}', '2018-01-16 02:14:18', '2018-02-06 02:46:47'),
('8d215252-ed86-4fab-a973-3e760432710c', 'Ujang Sukandar', '196807102007011045', '', NULL, NULL, NULL, NULL, NULL, NULL, 0, '{\"t2017\": \"7\", \"t2018\": \"12\", \"total\": \"18\"}', '{\"jabatan\": \"Pembantu Orang Sakit\", \"pangkat\": \"Pengatur\", \"golongan\": \"II c\", \"tmt_cpns\": \"01-01-2007\", \"direktorat\": \"Dir. Adum\", \"pendidikan\": \"STM Listrik\", \"tmt_golongan\": \"1 April 2015\", \"jenis_ketenagaan\": \"Umum\"}', '2018-01-16 02:14:22', '2018-02-06 02:46:48'),
('8d39ad4b-3ad6-4e73-b779-762bf9a15df9', 'Christin Andriyani, AMK', '198301042005012003', '', NULL, NULL, NULL, NULL, NULL, NULL, 0, '{\"t2017\": \"11\", \"t2018\": \"12\", \"total\": \"18\"}', '{\"jabatan\": \"Perawat Pelaksana Lanjutan\", \"pangkat\": \"Penata Muda Tk.I\", \"golongan\": \"III b\", \"tmt_cpns\": \"01-01-2005\", \"direktorat\": \"Dirmed Perawatan\", \"pendidikan\": \"D-III Keperawatan\", \"tmt_golongan\": \"1 Oktober 2015\", \"jenis_ketenagaan\": \"Perawat\"}', '2018-01-16 02:12:51', '2018-02-06 02:46:43'),
('8d70590f-647a-4b75-a7b6-01aa63d22f9c', 'Ova Ermisa Indah Lestari', '198712082010122002', '', NULL, NULL, NULL, NULL, NULL, NULL, 0, '{\"t2017\": 0, \"t2018\": \"12\", \"total\": \"12\"}', '{\"jabatan\": \"Perawat Maher\", \"pangkat\": \"Penata Muda, III/a\", \"golongan\": \"III a\", \"tmt_cpns\": \"01-12-2010\", \"direktorat\": \"Dirmed Perawatan\", \"pendidikan\": \"D-III Keperawatan\", \"tmt_golongan\": \"1 Oktober 2017\", \"jenis_ketenagaan\": \"Perawat\"}', '2018-01-16 02:13:30', '2018-02-06 02:46:45'),
('8d76c522-f898-42fc-8f7c-35d1d74c5046', 'Ahmad Samsudin Nugraha,AMK', '196611121992031003', '', NULL, NULL, NULL, NULL, NULL, NULL, 0, '{\"t2017\": 0, \"t2018\": \"12\", \"total\": \"12\"}', '{\"jabatan\": \"Perawat Penyelia\", \"pangkat\": \"Penata Tk.I\", \"golongan\": \"III d\", \"tmt_cpns\": \"01-03-1992\", \"direktorat\": \"Dirmed Perawatan\", \"pendidikan\": \"D-III Keperawatan\", \"tmt_golongan\": \"1 Oktober 2014\", \"jenis_ketenagaan\": \"Perawat\"}', '2018-01-16 02:12:46', '2018-02-06 02:46:43'),
('8e9f4a86-e696-424a-ada6-d117054e3f2a', 'Surahmat, SE', '196606121998031002', '', NULL, NULL, NULL, NULL, NULL, NULL, 0, '{\"t2017\": \"8\", \"t2018\": \"12\", \"total\": \"18\"}', '{\"jabatan\": \"Kepala Bagian Keuangan\", \"pangkat\": \"Penata Tk.I\", \"golongan\": \"III d\", \"tmt_cpns\": \"01-03-1998\", \"direktorat\": \"Kepala Bagian Keuangan\", \"pendidikan\": \"S 1 Ekonomi Akutansi\", \"tmt_golongan\": \"1 Oktober 2010\", \"jenis_ketenagaan\": \"Umum\"}', '2018-01-16 02:14:19', '2018-02-06 02:46:46'),
('8ecdc466-141e-4436-931f-24e7867f5ead', 'Suparman Saepudin', '196103191984031001', '', NULL, NULL, NULL, NULL, NULL, NULL, 0, '{\"t2017\": 0, \"t2018\": \"12\", \"total\": \"12\"}', '{\"jabatan\": \"Teknisi Jaringan\", \"pangkat\": \"Penata Muda Tk.I\", \"golongan\": \"III b\", \"tmt_cpns\": \"01-03-1984\", \"direktorat\": \"Dir. Adum\", \"pendidikan\": \"STM Bangunan\", \"tmt_golongan\": \"1 Oktober 2003\", \"jenis_ketenagaan\": \"Umum\"}', '2018-01-16 02:14:19', '2018-02-06 02:46:48'),
('8f13e377-1794-455a-a6f1-02d006276537', 'Rizki Maulana', '198511212009121003', '$2y$10$Lr/X35rKQbBZ6srfO/xChODzvXI0FnYnmVKzIHCHpZtvQjE4tMd6K', 'M8BEViEWopZeKHEDIgD8rdJOsEP8e0MUgY9Ajy2tYCI5u94nXVzFtHu1MpOR', 1, 2, 5, NULL, 2, 1, '{\"t2017\": \"11\", \"t2018\": \"12\", \"total\": \"18\"}', '{\"jabatan\": \"Perawat Pelaksana Lanjutan\", \"pangkat\": \"Penata Muda\", \"golongan\": \"III a\", \"tmt_cpns\": \"01-12-2009\", \"direktorat\": \"Dirmed Perawatan\", \"pendidikan\": \"D-III Keperawatan\", \"tmt_golongan\": \"1 Oktober 2016\", \"jenis_ketenagaan\": \"Perawat\"}', '2018-01-16 02:13:33', '2018-02-06 02:46:44'),
('8f2ea14a-0f59-4aa2-befd-ffe23d9a0c59', 'Dr. Achmad Naufal', '198203282014121001', '$2y$10$nGt174cpw51weHDgAv2cpeBtjDeCvJbjlmJIB.jxZR3l2JwpywpIG', NULL, 1, 1, NULL, NULL, 2, 1, '{\"t2017\": \"11\", \"t2018\": \"12\", \"total\": \"18\"}', '{\"kd_dr\": \"023\", \"jabatan\": \"Dokter  Pertama\", \"pangkat\": \"Penata Muda Tk.I\", \"golongan\": \"III b\", \"tmt_cpns\": \"01-12-2014\", \"direktorat\": \"Dirmed Perawatan\", \"pendidikan\": \"Dokter Umum\", \"tmt_golongan\": \"1 Desember 2014\", \"jenis_ketenagaan\": \"Medis\"}', '2018-01-16 02:12:58', '2018-02-07 05:17:05'),
('8ff6e0a9-31a5-4dc4-b840-6db998c2061f', 'Muhtar', '19760520057', '', NULL, NULL, NULL, NULL, NULL, NULL, 0, '{\"t2017\": 0, \"t2018\": \"12\", \"total\": \"12\"}', '{\"jabatan\": \"Pengemudi Ambulan\", \"pangkat\": \"\", \"golongan\": \" \", \"tmt_cpns\": \"\", \"direktorat\": \"Dir. Adum\", \"pendidikan\": \"STM\", \"tmt_golongan\": \"5 Oktober 2009\", \"jenis_ketenagaan\": \"Umum\"}', '2018-01-16 02:14:49', '2018-02-06 02:46:51'),
('900699e0-8dfb-4e8d-b012-27747375d3ac', 'Intan Mutia Rizki Putri, S.Kom', '198610292015032003', '', NULL, NULL, NULL, NULL, NULL, NULL, 0, '{\"t2017\": \"5\", \"t2018\": \"12\", \"total\": \"17\"}', '{\"jabatan\": \"Pranata Komputer\", \"pangkat\": \"Penata Muda\", \"golongan\": \"III a\", \"tmt_cpns\": \"01-03-2015\", \"direktorat\": \"Dir. Adum\", \"pendidikan\": \"S1 Sistim Komputer\", \"tmt_golongan\": \"1 Maret 2015\", \"jenis_ketenagaan\": \"Umum\"}', '2018-01-16 02:13:18', '2018-02-06 02:46:47'),
('900b321b-8159-4f8f-834c-56705f5fab06', 'Herman Zacharias', '197104281998031003', '$2y$10$wIjSmtZxwjj.mFh8I3JXbubyTGHifdgLL8Zink0m.fIjfeUA4z7oS', NULL, 2, 4, 10, NULL, 2, 1, '{\"t2017\": 0, \"t2018\": \"18\", \"total\": \"12\"}', '{\"jabatan\": \"Pengadaan Barang/Jasa\", \"pangkat\": \"Penata\", \"golongan\": \"III c\", \"tmt_cpns\": \"01-03-1998\", \"direktorat\": \"Dir. Adum\", \"pendidikan\": \"S1 Komputer\", \"tmt_golongan\": \"1 April 2016\", \"jenis_ketenagaan\": \"Umum\"}', '2018-01-16 02:13:15', '2018-02-06 02:46:47'),
('90b065c9-a281-4c64-80bd-9859d7ce627b', 'Risma Sandra Parahita', '198709012014022002', '', NULL, NULL, NULL, NULL, NULL, NULL, 0, '{\"t2017\": \"7\", \"t2018\": \"12\", \"total\": \"18\"}', '{\"jabatan\": \"Pranata Lab.Kes. Pelaksana\", \"pangkat\": \"Pengatur\", \"golongan\": \"II c\", \"tmt_cpns\": \"01-02- 2014\", \"direktorat\": \"Dirmed Perawatan\", \"pendidikan\": \"D-III Analis Kesehatan\", \"tmt_golongan\": \"1 Pebruari 2014\", \"jenis_ketenagaan\": \"Penunjang\"}', '2018-01-16 02:13:32', '2018-02-06 02:46:42'),
('926c591b-e055-4e8d-a664-0e8fba3ad2bd', 'Ns. Yani Suryani, S.Kep', '198101252006042011', '$2y$10$iT9rwE10Uww6ziSvttHkMuItZdWu19.7QKdJt5FTwWScpoNB3DRXS', 'zBZAMmCjbJLLR7APnSPXFXPuHv4HT4EwHmzc9b8QHliZmHNu0Rnl3mVZVaIC', 1, 2, 5, 26, 1, 1, '{\"t2017\": 0, \"t2018\": \"18\", \"total\": \"15\"}', '{\"jabatan\": \"Perawat Pertama\", \"pangkat\": \"Penata Muda Tk.I\", \"golongan\": \"III b\", \"tmt_cpns\": \"01-04-2006\", \"direktorat\": \"Dirmed Perawatan\", \"pendidikan\": \"S1 Keperawatan + Ners\", \"tmt_golongan\": \"1 Oktober 2015\", \"jenis_ketenagaan\": \"Perawat\"}', '2018-01-16 02:13:29', '2018-02-06 02:46:47'),
('92a274c9-f689-4c6d-b511-a37af11aaab8', 'R. Emiria Ratnaningrum', '198007152009122001', '$2y$10$JleL0appsbiWrSGW7QAUveS.DpNvZC0hKvFJxFS11aRE5HdBb2jvO', 'MuucZLfjBdiPFnAVLvQ5dAUgrg4X5OyRwz1TwNB1lwrADLK2vowLCGW07PyB', 1, 1, 2, 3, 2, 1, '{\"t2017\": 0, \"t2018\": \"12\", \"total\": \"12\"}', '{\"jabatan\": \"Pengadministrasi Umum\", \"pangkat\": \"Pengatur Muda Tk.I\", \"golongan\": \"II b\", \"tmt_cpns\": \"01-12-2009\", \"direktorat\": \"Dir. Adum\", \"pendidikan\": \"S1 Tehnologi Pangan\", \"tmt_golongan\": \"1 April 2014\", \"jenis_ketenagaan\": \"Umum\"}', '2018-01-16 02:13:30', '2018-02-06 02:46:47'),
('92af51ee-3d27-4842-83ce-bb59a465a696', 'Yusep Sudrajat', '19860425065', '$2y$10$SVMHunxOTxVutXxSODWr4eZ9scTp.IxI3FWjMm28RuXONHRnMTIwC', NULL, 1, 2, 5, 22, 2, 1, '{\"t2017\": 0, \"t2018\": \"12\", \"total\": \"12\"}', '{\"jabatan\": \"Pembantu Orang Sakit\", \"pangkat\": \"\", \"golongan\": \" \", \"tmt_cpns\": \"\", \"direktorat\": \"Dir. Adum\", \"pendidikan\": \"SMK\", \"tmt_golongan\": \"5 Oktober 2009\", \"jenis_ketenagaan\": \"Umum\"}', '2018-01-16 02:14:45', '2018-02-06 02:46:51'),
('935ed7ea-bd3d-49c2-aed7-23d8264ae755', 'Hendra Setiadi', '198503052010121002', '', NULL, NULL, NULL, NULL, NULL, NULL, 0, '{\"t2017\": 0, \"t2018\": \"18\", \"total\": \"14\"}', '{\"jabatan\": \"Verivikator Keuangan\", \"pangkat\": \"Pengatur Tk.I\", \"golongan\": \"II d\", \"tmt_cpns\": \"01-12-2010\", \"direktorat\": \"Dir. Adum\", \"pendidikan\": \"D-III Ekonomi Manajemen\", \"tmt_golongan\": \"1 April 2015\", \"jenis_ketenagaan\": \"Umum\"}', '2018-01-16 02:13:14', '2018-02-06 02:46:42'),
('93b38b3f-246c-444d-8215-a161378dcce3', 'Dian Faridi', '198710122014021001', '', NULL, NULL, NULL, NULL, NULL, NULL, 0, '{\"t2017\": 0, \"t2018\": \"12\", \"total\": \"12\"}', '{\"jabatan\": \"Pranata Lab.Kes. Pelaksana\", \"pangkat\": \"Pengatur\", \"golongan\": \"II c\", \"tmt_cpns\": \"01-02- 2014\", \"direktorat\": \"Dirmed Perawatan\", \"pendidikan\": \"D-III Analis Kesehatan\", \"tmt_golongan\": \"1 Pebruari 2014\", \"jenis_ketenagaan\": \"Penunjang\"}', '2018-01-16 02:12:56', '2018-02-06 02:46:42'),
('93b79925-13b7-40bb-bf40-d22586456189', 'Hikmat', '198203092008121004', '', NULL, NULL, NULL, NULL, NULL, NULL, 0, '{\"t2017\": \"11\", \"t2018\": \"12\", \"total\": \"18\"}', '{\"jabatan\": \"Radiografer Pelaksana Lanjutan\", \"pangkat\": \"Panata Muda\", \"golongan\": \"III a\", \"tmt_cpns\": \"01-12-2008\", \"direktorat\": \"Dirmed Perawatan\", \"pendidikan\": \"D-III Radiologi\", \"tmt_golongan\": \"1 April 2016\", \"jenis_ketenagaan\": \"Penunjang\"}', '2018-01-16 02:13:16', '2018-02-06 02:46:45'),
('9423ef5d-c5cf-41f7-880d-18bb88bc394f', 'Muhammad Firman Maulana', '198203232010121002', '', NULL, NULL, NULL, NULL, NULL, NULL, 0, '{\"t2017\": \"5\", \"t2018\": \"12\", \"total\": \"17\"}', '{\"jabatan\": \"Perawat Maher\", \"pangkat\": \"Penata Muda, III/a\", \"golongan\": \"III a\", \"tmt_cpns\": \"01-12-2010\", \"direktorat\": \"Dirmed Perawatan\", \"pendidikan\": \"D-III Keperawatan\", \"tmt_golongan\": \"1 Oktober 2017\", \"jenis_ketenagaan\": \"Perawat\"}', '2018-01-16 02:13:26', '2018-02-06 02:46:44'),
('95196bca-4cf6-45c6-ad5e-dac409ca6bfe', 'Dr. Alvin Kosasih, Sp.P', '197306182009121001', '', NULL, NULL, NULL, NULL, NULL, NULL, 0, '{\"t2017\": 0, \"t2018\": \"12\", \"total\": \"12\"}', '{\"kd_dr\": \"029\", \"jabatan\": \"Dokter Muda\", \"pangkat\": \"Penata Tk.I\", \"golongan\": \"III d\", \"tmt_cpns\": \"01-12-2009\", \"direktorat\": \"Dirmed Perawatan\", \"pendidikan\": \"Dokter Umum + S2 Spes.\", \"tmt_golongan\": \"1 Oktober 2016\", \"jenis_ketenagaan\": \"Medis\"}', '2018-01-16 02:12:58', '2018-02-06 02:46:46'),
('95c61c47-63b0-4d81-8cf8-8cfd0531a833', 'H. Ganda Juanda, AMK', '198601242008121004', '', NULL, NULL, NULL, NULL, NULL, NULL, 0, '{\"t2017\": \"7\", \"t2018\": \"12\", \"total\": \"18\"}', '{\"jabatan\": \"Perawat Pelaksana Lanjutan\", \"pangkat\": \"Pengatur Tk.I\", \"golongan\": \"III a\", \"tmt_cpns\": \"01-12-2008\", \"direktorat\": \"Dirmed Perawatan\", \"pendidikan\": \"D-III Keperawatan\", \"tmt_golongan\": \"1 April 2016\", \"jenis_ketenagaan\": \"Perawat\"}', '2018-01-16 02:13:12', '2018-02-06 02:46:44'),
('96f51909-af98-4315-a698-c54cf5d08593', 'Ade Irawan, AMK', '19820529083', '$2y$10$uDpD57bZ08a3Bni4TmHyY.CTbBGhb9Tv0QI63D0h0nR.RjwKtOMHG', NULL, 1, 2, 5, 23, 2, 1, '{\"t2017\": 0, \"t2018\": \"12\", \"total\": \"12\"}', '{\"jabatan\": \"Perawat Pelaksana\", \"pangkat\": \"\", \"golongan\": \" \", \"tmt_cpns\": \"\", \"direktorat\": \"Dirmed Perawatan\", \"pendidikan\": \"D-III Keperawatan\", \"tmt_golongan\": \"1 Nopember 2010\", \"jenis_ketenagaan\": \"Perawat\"}', '2018-01-16 02:14:26', '2018-02-08 09:05:52'),
('9709bb25-95a6-4c58-ad22-ee9aba2c85d3', 'Purwanti', '197312272014122003', '', NULL, NULL, NULL, NULL, NULL, NULL, 0, '{\"t2017\": \"11\", \"t2018\": \"12\", \"total\": \"18\"}', '{\"jabatan\": \"Petugas Gudang\", \"pangkat\": \"Pengatur Muda\", \"golongan\": \"II a\", \"tmt_cpns\": \"01-12-2014\", \"direktorat\": \"Dir. Adum\", \"pendidikan\": \"SMEA\", \"tmt_golongan\": \"1 Desember 2014\", \"jenis_ketenagaan\": \"Umum\"}', '2018-01-16 02:13:30', '2018-02-06 02:46:48'),
('97bf46b4-8eb9-497a-8020-572b78a8a00a', 'Cucu Susan Nurhidayah', '198804232010122001', '$2y$10$zE1vB7cu4DPfT8DfRRj.aOFvUftMArE1OAZTuEWIcvK6YM.B.K52S', 'WwKfTuXg8C4X4vkUOQgxGXg5wtqwCAIrBxWMyzOhPw7XWdtBmwgqQZhh1QK9', 1, 1, 2, 5, 2, 1, '{\"t2017\": \"11\", \"t2018\": \"12\", \"total\": \"18\"}', '{\"jabatan\": \"Pranata Lab.Kes. Pelaksana\", \"pangkat\": \"Pengatur Tk.I\", \"golongan\": \"II d\", \"tmt_cpns\": \"01-12-2010\", \"direktorat\": \"Dirmed Perawatan\", \"pendidikan\": \"D-III Analis Kesehatan\", \"tmt_golongan\": \"1 April 2014\", \"jenis_ketenagaan\": \"Penunjang\"}', '2018-01-16 02:12:52', '2018-02-06 02:46:42'),
('98174c53-b962-448f-b558-7446f37523bd', 'R. Widia Mahendra Janu', '19820510061', '', NULL, NULL, NULL, NULL, NULL, NULL, 0, '{\"t2017\": 0, \"t2018\": \"12\", \"total\": \"12\"}', '{\"jabatan\": \"Pembantu Orang Sakit\", \"pangkat\": \"\", \"golongan\": \" \", \"tmt_cpns\": \"\", \"direktorat\": \"Dir. Adum\", \"pendidikan\": \"STM\", \"tmt_golongan\": \"5 Oktober 2009\", \"jenis_ketenagaan\": \"Umum\"}', '2018-01-16 02:14:48', '2018-02-06 02:46:51'),
('98d031c5-d1de-4c74-a959-d51a16cb4274', 'Ganjar Permana, AMK', '19820206069', '$2y$10$SUVYrOESd0CaO4PJBaqj8eu7cZUTJiYoFm0tQ2ma56xpyBMUFdzdC', '5UDqBydMMdZmrmrdslHd4FdJIZ68zXa8BRpvkYNZq6CVcKfALMC0bdS68afj', 1, 2, 4, 16, 2, 1, '{\"t2017\": 0, \"t2018\": \"12\", \"total\": \"12\"}', '{\"jabatan\": \"Perawat Pelaksana\", \"pangkat\": \"\", \"golongan\": \" \", \"tmt_cpns\": \"\", \"direktorat\": \"Dirmed Perawatan\", \"pendidikan\": \"D-III Keperawatan\", \"tmt_golongan\": \"1 Desember 2009\", \"jenis_ketenagaan\": \"Perawat\"}', '2018-01-16 02:14:28', '2018-02-09 07:45:30'),
('9a353626-d899-4db9-8b13-5f75c4ebb0dd', 'Nurdin Slamet Hidayat', '196702062007011033', '', NULL, NULL, NULL, NULL, NULL, NULL, 0, '{\"t2017\": \"11\", \"t2018\": \"12\", \"total\": \"18\"}', '{\"jabatan\": \"Pemulasaraan Jenazah\", \"pangkat\": \"Pengatur\", \"golongan\": \"II c\", \"tmt_cpns\": \"01-01-2007\", \"direktorat\": \"Dir. Adum\", \"pendidikan\": \"SMA\", \"tmt_golongan\": \"1 April 2015\", \"jenis_ketenagaan\": \"Umum\"}', '2018-01-16 02:13:29', '2018-02-06 02:46:48');
INSERT INTO `users` (`id`, `name`, `nip`, `password`, `remember_token`, `id_direktorat`, `id_bagian`, `id_subagseksi`, `id_instalasi`, `id_kastaff`, `active`, `json_user`, `json_data`, `created_at`, `updated_at`) VALUES
('9accc73c-b1ff-4778-8ac4-616859128dbe', 'Dr. Teddy Sunardi, Sp.PD', '196501091991031010', '', NULL, NULL, NULL, NULL, NULL, NULL, 0, '{\"t2017\": 0, \"t2018\": \"12\", \"total\": \"12\"}', '{\"kd_dr\": \"017\"}', '2018-01-16 02:13:03', '2018-01-16 02:13:03'),
('9b9ddb4f-241c-412a-8b2e-11c5622b45c1', 'Lalan Suherlan, AMK', '198403132008011005', '$2y$10$sVPAcu2cOsid.nNldxTST.ffLCwbjsAbl1bph3ScrszmfEeOvNnm.', '2NMq9kJFAfW2FektBRkbzA0jLCRBNukSaWelrS8z9MEE7vg8wEfUqH0h4w6F', 1, 2, 5, 21, 2, 1, '{\"t2017\": \"3\", \"t2018\": \"12\", \"total\": \"15\"}', '{\"jabatan\": \"Perawat Pelaksana Lanjutan\", \"pangkat\": \"Penata Muda\", \"golongan\": \"III a\", \"tmt_cpns\": \"01-01-2008\", \"direktorat\": \"Dirmed Perawatan\", \"pendidikan\": \"D-III Keperawatan\", \"tmt_golongan\": \"1 April 2015\", \"jenis_ketenagaan\": \"Perawat\"}', '2018-01-16 02:13:22', '2018-02-06 02:46:44'),
('9c0c5e3e-0ede-4c9d-b845-d4d5538bc8bf', 'Eko Hari Muryanto', '198212302014021001', '', NULL, NULL, NULL, NULL, NULL, NULL, 0, '{\"t2017\": \"11\", \"t2018\": \"12\", \"total\": \"18\"}', '{\"jabatan\": \"Radiografer Pelaksana\", \"pangkat\": \"Pengatur\", \"golongan\": \"II c\", \"tmt_cpns\": \"01-02- 2014\", \"direktorat\": \"Dirmed Perawatan\", \"pendidikan\": \"D-III Teknik Radiologi\", \"tmt_golongan\": \"1 Pebruari 2014\", \"jenis_ketenagaan\": \"Penunjang\"}', '2018-01-16 02:13:06', '2018-02-06 02:46:45'),
('9cb7af95-1516-408b-98a7-a1cb68220e77', 'Asep Ahmad Subur Nugraha, AMK', '19911202265', '', NULL, NULL, NULL, NULL, NULL, NULL, 0, '{\"t2017\": 0, \"t2018\": \"12\", \"total\": \"12\"}', '{\"jabatan\": \"Perawat Pelaksana\", \"pangkat\": \"\", \"golongan\": \" \", \"tmt_cpns\": \"\", \"direktorat\": \"Dirmed Perawatan\", \"pendidikan\": \"D-III Keperawatan\", \"tmt_golongan\": \"1 Nopember 2015\", \"jenis_ketenagaan\": \"Perawat\"}', '2018-01-16 02:14:50', '2018-02-06 02:46:51'),
('9cc95105-3e13-4121-936c-2a0c68668d36', 'Firmansyah Hidayatulloh, Amd.Kep', '19880123233', '', NULL, NULL, NULL, NULL, NULL, NULL, 0, '{\"t2017\": 0, \"t2018\": \"12\", \"total\": \"12\"}', '{\"jabatan\": \"Perawat Pelaksana\", \"pangkat\": \"\", \"golongan\": \" \", \"tmt_cpns\": \"\", \"direktorat\": \"Dirmed Perawatan\", \"pendidikan\": \"D-III Keperawatan\", \"tmt_golongan\": \"1 Desember 2011\", \"jenis_ketenagaan\": \"Perawat\"}', '2018-01-16 02:14:28', '2018-02-06 02:46:49'),
('9d4e9626-5a3c-4b01-81f0-1b4649357169', 'Luki Haryadi', '199002032015031003', '$2y$10$tMT6lr3zRQixxQalDGFaVe9ojfsix/.74DYlzhu0n.3VA76baLK/y', 'rTUm7n3BYVJ1BXDuDQJXUPDL0puYYaXkoxHEzpArripc5lM8NguZ56BnDDXs', 2, 4, 10, 29, 2, 1, '{\"t2017\": \"4\", \"t2018\": \"12\", \"total\": \"16\"}', '{\"jabatan\": \"Sanitarian Pelaksana\", \"pangkat\": \"Pengatur\", \"golongan\": \"II c\", \"tmt_cpns\": \"01-03-2015\", \"direktorat\": \"Dirmed Perawatan\", \"pendidikan\": \"D-III Kesehatan Lingkungan\", \"tmt_golongan\": \"1 Maret 2015\", \"jenis_ketenagaan\": \"Penunjang\"}', '2018-01-16 02:13:23', '2018-02-06 02:46:45'),
('9de9bec5-6ad2-4e0a-b88f-339cacb39513', 'Yeni Suparni', '198001182006042002', '', NULL, NULL, NULL, NULL, NULL, NULL, 0, '{\"t2017\": \"6\", \"t2018\": \"12\", \"total\": \"18\"}', '{\"jabatan\": \"Asisten Apoteker Pelaksana Lanjutan\", \"pangkat\": \"Penata Muda\", \"golongan\": \"III a\", \"tmt_cpns\": \"01-04-2006\", \"direktorat\": \"Dirmed Perawatan\", \"pendidikan\": \"D-III Farmasi\", \"tmt_golongan\": \"1 Oktober 2013\", \"jenis_ketenagaan\": \"Penunjang\"}', '2018-01-16 02:14:24', '2018-02-06 02:46:42'),
('9e0eb62a-06dc-4395-b063-888f77fab6e2', 'Drg. Sri Sundari', '196204031994032002', '$2y$10$v5Alf.VYSvBVvBC0op8j4OigJ4PwMKjUjIqchTfeBI7V6uG4Ua10a', 'pff57GcbgKdUBX64Qb112rX9RHvTs0LHJrI1wnNezBT2cUYYniEDD9aKVrgj', 1, 1, 2, 3, 1, 1, '{\"t2017\": \"3\", \"t2018\": \"12\", \"total\": \"15\"}', '{\"kd_dr\": \"009\", \"jabatan\": \"Dokter Gigi Madya\", \"pangkat\": \"Pembina Utama Muda\", \"golongan\": \"IV c\", \"tmt_cpns\": \"01-03-1994\", \"direktorat\": \"Dirmed Perawatan\", \"pendidikan\": \"Dokter Gigi\", \"tmt_golongan\": \"1 April 2015\", \"jenis_ketenagaan\": \"Medis\"}', '2018-01-16 02:13:05', '2018-02-12 04:24:10'),
('9e7e5632-6e27-4b44-9e29-17735047f9d4', 'Susan Susanti, AMK', '197705272005012003', '$2y$10$cqK3YIJcLSm4BcsDC.JdG.qxrwPU/.UhzH7.91tzPcMIXL2XNAvFy', 'cP2BuDYRYM7XtWVa25c1h4npiqEYaPZSwY2FkmUPwC16j7rx85KwgNamyKt0', 1, 2, 5, NULL, 2, 1, '{\"t2017\": \"11\", \"t2018\": \"12\", \"total\": \"18\"}', '{\"jabatan\": \"Perawat Pelaksana Lanjutan\", \"pangkat\": \"Penata Muda Tk.I\", \"golongan\": \"III b\", \"tmt_cpns\": \"01-01-2005\", \"direktorat\": \"Dirmed Perawatan\", \"pendidikan\": \"D-III Keperawatan\", \"tmt_golongan\": \"1 Oktober 2015\", \"jenis_ketenagaan\": \"Perawat\"}', '2018-01-16 02:14:19', '2018-02-06 02:46:43'),
('a0d3f5f9-00d6-4a49-b620-9b40c6ae6603', 'Leddy Ow', '196411061984022001', '', NULL, NULL, NULL, NULL, NULL, NULL, 0, '{\"t2017\": \"11\", \"t2018\": \"0\", \"total\": \"0\"}', '{\"jabatan\": \"Pengadministrasi Umum\", \"pangkat\": \"Penata Muda Tk.I\", \"golongan\": \"III b\", \"tmt_cpns\": \"01-02-1984\", \"direktorat\": \"Dir. Adum\", \"pendidikan\": \"SMKK\", \"tmt_golongan\": \"1 April 2003\", \"jenis_ketenagaan\": \"Umum\"}', '2018-01-16 02:13:22', '2018-02-06 02:46:48'),
('a22e8478-966a-4263-972c-520b94af473e', 'Irma Lestari', '199102132015032009', '$2y$10$l0FemJzi/VJmmVMnkHMnr.4dXAPuJUCaZUiodsKlKhGQr2MC1MoRS', 'pO2WN7ENj3n9I0I8EYbV37PyphhD0qB2jrb1pYP1rauNvWMGSuSQCqhdWOSw', 1, 1, 2, 3, 2, 1, '{\"t2017\": \"6\", \"t2018\": \"12\", \"total\": \"18\"}', '{\"jabatan\": \"Nutrisionis Pelaksana\", \"pangkat\": \"Pengatur\", \"golongan\": \"II c\", \"tmt_cpns\": \"01-03-2015\", \"direktorat\": \"Dirmed Perawatan\", \"pendidikan\": \"D-III Gizi Klinik\", \"tmt_golongan\": \"1 Maret 2015\", \"jenis_ketenagaan\": \"Penunjang\"}', '2018-01-16 02:13:18', '2018-02-06 02:46:42'),
('a3b8dabe-7bee-4aa7-88c1-048c679b5b6d', 'Dian Nurdiansyah', '198308022009121001', '', NULL, NULL, NULL, NULL, NULL, NULL, 0, '{\"t2017\": \"11\", \"t2018\": \"12\", \"total\": \"18\"}', '{\"jabatan\": \"Petugas Gudang\", \"pangkat\": \"Pengatur Muda Tk.I\", \"golongan\": \"II b\", \"tmt_cpns\": \"01-12-2009\", \"direktorat\": \"Dir. Adum\", \"pendidikan\": \"SMA\", \"tmt_golongan\": \"1 April 2014\", \"jenis_ketenagaan\": \"Umum\"}', '2018-01-16 02:12:56', '2018-02-06 02:46:48'),
('a3d7e77e-a74a-4b57-9f38-1518b55b462a', 'Tyas Handayani Safari', '198610202010122003', '$2y$10$beTkF8Lnpasjq9r5Jxp9wuPe8NdL2PJXGsdDfXitq.11UQkmgWO62', 'Lr9oSwrJVoXmhA3HSWFWiizj3GqEBoC97aGeZiMkPCcCaSXavvKYrajk3Db9', 1, 2, 5, 21, 2, 1, '{\"t2017\": \"6\", \"t2018\": \"12\", \"total\": \"18\"}', '{\"jabatan\": \"Perawat Maher\", \"pangkat\": \"Penata Muda, III/a\", \"golongan\": \"III a\", \"tmt_cpns\": \"01-12-2010\", \"direktorat\": \"Dirmed Perawatan\", \"pendidikan\": \"D-III Keperawatan\", \"tmt_golongan\": \"1 Oktober 2017\", \"jenis_ketenagaan\": \"Perawat\"}', '2018-01-16 02:14:22', '2018-02-06 02:46:45'),
('a4634fa9-e2cd-486f-8dd2-a5ef030b58fa', 'Dr. Mohamad Ridwan', '19860716261', '$2y$10$BwPBlwiLtsYwzelsK0ncveKiuE0ZEtlFMAvA6vrEM6i6Tp8aGETsm', '9ePttTphXmqTZh6bs4V6O6N8jkpuJZS2zVctQsuLPXGlfXSkRru8ionIUg0x', 1, 1, 1, NULL, 2, 1, '{\"t2017\": 0, \"t2018\": \"12\", \"total\": \"12\"}', '{\"kd_dr\": \"058\", \"jabatan\": \"Dokter Pertama\", \"pangkat\": \"\", \"golongan\": \" \", \"tmt_cpns\": \"\", \"direktorat\": \"Dirmed Perawatan\", \"pendidikan\": \"Dokter Umum\", \"tmt_golongan\": \"1 Agustus 2013\", \"jenis_ketenagaan\": \"Medis\"}', '2018-01-16 02:14:26', '2018-02-07 03:03:41'),
('a4a52c63-1d40-44b8-a426-040acc968d0f', 'Ipah Saripah', '197503122008122001', '', NULL, NULL, NULL, NULL, NULL, NULL, 0, '{\"t2017\": \"3\", \"t2018\": \"12\", \"total\": \"15\"}', '{\"jabatan\": \"Petugas Gudang\", \"pangkat\": \"Pengatur Muda Tk.I\", \"golongan\": \"II b\", \"tmt_cpns\": \"01-12-2008\", \"direktorat\": \"Dir. Adum\", \"pendidikan\": \"SMA\", \"tmt_golongan\": \"1 April 2013\", \"jenis_ketenagaan\": \"Umum\"}', '2018-01-16 02:13:18', '2018-02-06 02:46:48'),
('a57d50ed-1e62-4c4a-a9f8-bad4a0902213', 'Asep Nugraha', '19781215045', '', NULL, NULL, NULL, NULL, NULL, NULL, 0, '{\"t2017\": 0, \"t2018\": \"12\", \"total\": \"12\"}', '{\"jabatan\": \"Teknisi Jaringan\", \"pangkat\": \"\", \"golongan\": \" \", \"tmt_cpns\": \"\", \"direktorat\": \"Dir. Adum\", \"pendidikan\": \"STM Listrik\", \"tmt_golongan\": \"5 Oktober 2009\", \"jenis_ketenagaan\": \"Umum\"}', '2018-01-16 02:14:49', '2018-02-06 02:46:51'),
('a5ab492f-fc94-4fb9-8a88-a20ef6c93a03', 'Elisa Zayanti, AMK', '198612032009122001', '$2y$10$L.66wY/RI4LMl4k9cm7PP./SX66/TeEFHUPmei8GW.ypKwRe8gBj.', 'qUoIgxxeWyCnhWDJCjNdEmSOQqw4SK1ERSsT7kmG4EfianDkI9CZbMyMgA1h', 1, 2, 5, 24, 2, 1, '{\"t2017\": 0, \"t2018\": \"7\", \"total\": \"7\"}', '{\"jabatan\": \"Perawat Pelaksana Lanjutan\", \"pangkat\": \"Pengatur Tk.I\", \"golongan\": \"III a\", \"tmt_cpns\": \"01-12-2009\", \"direktorat\": \"Dirmed Perawatan\", \"pendidikan\": \"D-III Keperawatan\", \"tmt_golongan\": \"1 Oktober 2016\", \"jenis_ketenagaan\": \"Perawat\"}', '2018-01-16 02:13:07', '2018-02-06 06:39:16'),
('a5ac3570-f258-4c86-ab0e-1cbb714b1b3c', 'Rachmat Nugraha, AMK', '198411052009121003', '$2y$10$vADbL3eJHh1cHrp6RFJi/uik8hLq/AhY59bIi/7fvjbVNGteZEddK', '5Y8ifSz98INr5o5kN6GZ6gNqGxOMB0pibLGLJF2cGQNFkb9xF1c7hDIXWafu', 1, 2, 5, 20, 2, 1, '{\"t2017\": \"2\", \"t2018\": \"12\", \"total\": \"14\"}', '{\"jabatan\": \"Perawat Pelaksana Lanjutan\", \"pangkat\": \"Pengatur Tk.I\", \"golongan\": \"III a\", \"tmt_cpns\": \"01-12-2009\", \"direktorat\": \"Dirmed Perawatan\", \"pendidikan\": \"D-III Keperawatan\", \"tmt_golongan\": \"1 Oktober 2016\", \"jenis_ketenagaan\": \"Perawat\"}', '2018-01-16 02:13:31', '2018-02-08 07:48:10'),
('a5ae4d5b-eafc-4369-bab6-33f872c97f9e', 'Yana Sukmawan, S.T', '197911022008011009', '$2y$10$U2e/Ko1MjPV150FgTS1zX.l4AZDUj0IT/FF57oJXQRJhfOzOw9CU6', 'BgqKyjH56RCa6mtfgSqgHijXrKMfz9oprYz3vwd0VCMcNCzRO2HoD3ZPZ0LM', 2, 4, 9, 28, 2, 1, '{\"t2017\": \"2\", \"t2018\": \"12\", \"total\": \"14\"}', '{\"jabatan\": \"Pranata Komputer\", \"pangkat\": \"Penata\", \"golongan\": \"III c\", \"tmt_cpns\": \"01-01-2008\", \"direktorat\": \"Dir. Adum\", \"pendidikan\": \"S1 Komputer\", \"tmt_golongan\": \"1 April 2016\", \"jenis_ketenagaan\": \"Umum\"}', '2018-01-16 02:14:24', '2018-02-09 04:54:02'),
('a5db03e0-092e-4b00-bd25-fc4ea9a15306', 'Lia Marlia, AMK', '197812252005012002', '$2y$10$sFAU84zfl/WDcS7bpimOcu84WR.IkXCGI/WSijnWiTgi7Qwmw4uTS', 'R94ZBJlkNuSLtHyqbVIzzdNWP889UUXV8bffByZkEbdawgUeTeU8RKpTsaFE', 1, 2, 5, 27, 2, 1, '{\"t2017\": \"3\", \"t2018\": \"12\", \"total\": \"15\"}', '{\"jabatan\": \"Perawat Pelaksana Lanjutan\", \"pangkat\": \"Penata Muda Tk.I\", \"golongan\": \"III b\", \"tmt_cpns\": \"01-01-2005\", \"direktorat\": \"Dirmed Perawatan\", \"pendidikan\": \"D-III Keperawatan\", \"tmt_golongan\": \"1 Oktober 2015\", \"jenis_ketenagaan\": \"Perawat\"}', '2018-01-16 02:13:23', '2018-02-06 02:46:43'),
('a6254b7b-c162-44ae-84b8-59616a187b8e', 'Dr. Dini Wulandari', '198010212008012015', '', NULL, NULL, NULL, NULL, NULL, NULL, 0, '{\"t2017\": \"1\", \"t2018\": \"12\", \"total\": \"13\"}', '{\"kd_dr\": \"025\", \"jabatan\": \"Dokter Muda\", \"pangkat\": \"Penata Tk.I\", \"golongan\": \"III d\", \"tmt_cpns\": \"01-01-2008\", \"direktorat\": \"Dirmed Perawatan\", \"pendidikan\": \"Dokter Umum\", \"tmt_golongan\": \"1 April 2015\", \"jenis_ketenagaan\": \"Medis\"}', '2018-01-16 02:12:59', '2018-02-06 02:46:46'),
('a6365dc6-6eed-4556-aee7-df92fb6e1a74', 'Deni Nurahmad', '19901013090', '$2y$10$FopR2jFc6OwRCSNAye9aeOqwn/3U7sAeJqcI0TqOyUELJFkHLKFV.', 'QWAdMQ9ewpSTUe2NOKjO1ySz4mA0HfY8tGKXVELIcrq1I8VpUKYmO2fFptZd', 1, 2, 5, 20, 2, 1, '{\"t2017\": 0, \"t2018\": \"12\", \"total\": \"12\"}', '{\"jabatan\": \"Pembantu Orang Sakit\", \"pangkat\": \"\", \"golongan\": \" \", \"tmt_cpns\": \"\", \"direktorat\": \"Dir. Adum\", \"pendidikan\": \"SMK\", \"tmt_golongan\": \"1 Nopember 2010\", \"jenis_ketenagaan\": \"Umum\"}', '2018-01-16 02:14:46', '2018-02-08 08:06:52'),
('a67a2dce-30d2-4e28-9bfd-1acd8810041d', 'Lia Kartika', '197404112007012020', '$2y$10$llDHx9Rgdx3I4sIOdS0Jf.Bu1xMA1rHuVeEWgTdIWZhkxOjwBa0u2', 'N4OjaRicVEWKTPuAq3KzFp6xtpCTMB5EJKDDM1wtcFw5VOdGXmOZiDS6rsCA', 2, 3, 8, 31, 2, 1, '{\"t2017\": \"11\", \"t2018\": \"12\", \"total\": \"18\"}', '{\"jabatan\": \"Juru Bayar / Kasir\", \"pangkat\": \"Pengatur Muda\", \"golongan\": \"II a\", \"tmt_cpns\": \"01-01-2007\", \"direktorat\": \"Dir. Adum\", \"pendidikan\": \"SMA Persamaan\", \"tmt_golongan\": \"1 April 2014\", \"jenis_ketenagaan\": \"Umum\"}', '2018-01-16 02:13:22', '2018-02-06 02:46:48'),
('a67de822-314b-4b53-a97c-aa5b354eba02', 'Diana Herawati', '197609232014122001', '', NULL, NULL, NULL, NULL, NULL, NULL, 0, '{\"t2017\": \"11\", \"t2018\": \"12\", \"total\": \"18\"}', '{\"jabatan\": \"Asisten Apoteker Pelaksana\", \"pangkat\": \"Pengatur Muda\", \"golongan\": \"II a\", \"tmt_cpns\": \"01-12-2014\", \"direktorat\": \"Dir. Adum\", \"pendidikan\": \"S M F\", \"tmt_golongan\": \"1 Desember 2014\", \"jenis_ketenagaan\": \"Penunjang\"}', '2018-01-16 02:12:56', '2018-02-06 02:46:47'),
('a720ada9-4306-4645-97f0-fea38d4aff1b', 'Drg. Sri Boedi Dhiandani', '197503312014122001', '', NULL, NULL, NULL, NULL, NULL, NULL, 0, '{\"t2017\": \"4\", \"t2018\": \"12\", \"total\": \"16\"}', '{\"kd_dr\": \"033\", \"jabatan\": \"Dokter  Gigi Pertama\", \"pangkat\": \"Penata Muda Tk.I\", \"golongan\": \"III b\", \"tmt_cpns\": \"01-12-2014\", \"direktorat\": \"Dirmed Perawatan\", \"pendidikan\": \"Dokter Gigi\", \"tmt_golongan\": \"1 Desember 2014\", \"jenis_ketenagaan\": \"Medis\"}', '2018-01-16 02:13:05', '2018-02-06 02:46:46'),
('a75ca0c9-0dde-48ad-a186-dbb19e007efc', 'R. Uu Sukmawidjaya', '196005101982031008', '', NULL, NULL, NULL, NULL, NULL, NULL, 0, '{\"t2017\": \"3\", \"t2018\": \"12\", \"total\": \"15\"}', '{\"jabatan\": \"Pengolah Data\", \"pangkat\": \"Penata Muda Tk.I\", \"golongan\": \"III b\", \"tmt_cpns\": \"01-03-1982\", \"direktorat\": \"Dir. Adum\", \"pendidikan\": \"SMEA\", \"tmt_golongan\": \"1 April 2001\", \"jenis_ketenagaan\": \"Umum\"}', '2018-01-16 02:13:31', '2018-02-06 02:46:48'),
('a786cd02-1bd6-4268-92ba-c105566199e0', 'Rovita Ayuningrum, AMK', '19891227105', '', NULL, NULL, NULL, NULL, NULL, NULL, 0, '{\"t2017\": 0, \"t2018\": \"12\", \"total\": \"12\"}', '{\"jabatan\": \"Perawat Pelaksana\", \"pangkat\": \"\", \"golongan\": \" \", \"tmt_cpns\": \"\", \"direktorat\": \"Dirmed Perawatan\", \"pendidikan\": \"D-III Keperawatan\", \"tmt_golongan\": \"1 Nopember 2010\", \"jenis_ketenagaan\": \"Perawat\"}', '2018-01-16 02:14:31', '2018-02-06 02:46:49'),
('a7bfb2e0-dd58-41b2-beb8-75722be6562e', 'Nina Fatimah, AMK', '19900921266', '$2y$10$ApSH/UoTEvFZ5manlV/c5ObTvQqf57.CQW2iud9KQ4AdRGVzPO/oK', 'zZiJvrVEnwSOKrwc6i8iZBlbPfQ63ZcCq877n0yfJ61e5GVX9ZtCAh5IVfZB', 1, 2, 5, 22, 2, 1, '{\"t2017\": 0, \"t2018\": \"12\", \"total\": \"12\"}', '{\"jabatan\": \"Perawat Pelaksana\", \"pangkat\": \"\", \"golongan\": \" \", \"tmt_cpns\": \"\", \"direktorat\": \"Dirmed Perawatan\", \"pendidikan\": \"D-III Keperawatan\", \"tmt_golongan\": \"1 Nopember 2015\", \"jenis_ketenagaan\": \"Perawat\"}', '2018-01-16 02:14:50', '2018-02-09 07:10:26'),
('a7f91f32-f99f-4c64-98ff-512707548337', 'Wendi Krisnadi Bunjali', '197801202000031002', '', NULL, NULL, NULL, NULL, NULL, NULL, 0, '{\"t2017\": \"11\", \"t2018\": \"12\", \"total\": \"18\"}', '{\"jabatan\": \"Asisten Apoteker Pelaksana\", \"pangkat\": \"Pengatur Tk.I\", \"golongan\": \"III a\", \"tmt_cpns\": \"01-03-2000\", \"direktorat\": \"Dir. Adum\", \"pendidikan\": \"S M F\", \"tmt_golongan\": \"1 Oktober 2016\", \"jenis_ketenagaan\": \"Penunjang\"}', '2018-01-16 02:14:23', '2018-02-06 02:46:46'),
('a857edf8-8f4e-4a89-a492-5b1cc8000d9c', 'Agnes Fitri Lestari', '19940315256', '$2y$10$2zzWVGVSndYLTx2zUjtbT.2Y2AYbM9TvCov.cu5JMNWqu.4QkoGEe', 'xlz5Dt8j1mf6KHm10mpRc5avIdBYTe3BmTbQw2nfSJg1DGMWBp3nRcSrTjIB', 2, 4, 9, NULL, 2, 1, '{\"t2017\": 0, \"t2018\": \"12\", \"total\": \"12\"}', '{\"jabatan\": \"Pengadministrasi Umum\", \"pangkat\": \"\", \"golongan\": \" \", \"tmt_cpns\": \"\", \"direktorat\": \"Dir. Adum\", \"pendidikan\": \"SMK. Sekretaris\", \"tmt_golongan\": \"1 Januari 2013\", \"jenis_ketenagaan\": \"Umum\"}', '2018-01-16 02:14:47', '2018-02-08 03:03:29'),
('a85f2584-516d-43ba-b6a9-aaca8fcb8565', 'Eka Novita Andriyani', '19860828049', '$2y$10$hslyg3TzXobLuQthMnvOFOhPQsVHm5yCw5ZpsD8jl5zv7l68GnKV.', 'QzPQ6dljRsngzbrwAtQ5F861x8wz7G1k8onJ5UMlg0Mnch26MExM1nDd1JHi', 1, 1, 2, 9, 2, 1, '{\"t2017\": 0, \"t2018\": \"12\", \"total\": \"12\"}', '{\"jabatan\": \"Pengadministrasi Umum\", \"pangkat\": \"\", \"golongan\": \" \", \"tmt_cpns\": \"\", \"direktorat\": \"Dir. Adum\", \"pendidikan\": \"SMA\", \"tmt_golongan\": \"5 Oktober 2009\", \"jenis_ketenagaan\": \"Umum\"}', '2018-01-16 02:14:42', '2018-02-06 02:46:50'),
('a8d009a9-d861-424f-8861-7b0d2820ba5d', 'Anggraini Santi Santoso, AMK', '198505072009122001', '$2y$10$bga1dJu1WcZ1cJwFDhrPtuxuQrR2NUvCYkeyCTbnUwEGzA6yBCCEO', '11ZRBGaBo1GfLazItloEAmooGpzuheIWFTpv42NKCM7LrVdOFbrpedu2GCcy', 1, 2, 5, 20, 2, 1, '{\"t2017\": \"5\", \"t2018\": \"12\", \"total\": \"17\"}', '{\"jabatan\": \"Perawat Pelaksana Lanjutan\", \"pangkat\": \"Pengatur Tk.I\", \"golongan\": \"III a\", \"tmt_cpns\": \"01-12-2009\", \"direktorat\": \"Dirmed Perawatan\", \"pendidikan\": \"D-III Keperawatan\", \"tmt_golongan\": \"1 Oktober 2016\", \"jenis_ketenagaan\": \"Perawat\"}', '2018-01-16 02:12:48', '2018-02-08 07:52:00'),
('a9082e0a-e79e-4058-86a1-e5f4899b47f0', 'Fikri Naufal', '199504062018011001', '', NULL, NULL, NULL, NULL, NULL, NULL, 0, '{\"t2017\": 0, \"t2018\": 12, \"total\": 12}', '{\"jabatan\": \"Perawat Terampil\", \"pangkat\": \"Pengatur\", \"golongan\": \"II c\", \"tmt_cpns\": \"01-01-2018\", \"direktorat\": \"Dirmed Perawatan\", \"pendidikan\": \"D-III Keperawatan\", \"tmt_golongan\": \"1 Januari 2018\", \"jenis_ketenagaan\": \"Perawat\"}', '2018-02-06 03:29:41', '2018-02-06 03:29:41'),
('a9e14028-866e-4d43-9f49-a28bd77f97b5', 'Dr. Ardhana Risworo Anom Yuswono', '197412182014121001', '', NULL, NULL, NULL, NULL, NULL, NULL, 0, '{\"t2017\": \"6\", \"t2018\": \"12\", \"total\": \"18\"}', '{\"kd_dr\": \"054\", \"jabatan\": \"Dokter  Pertama\", \"pangkat\": \"Penata Muda Tk.I\", \"golongan\": \"III b\", \"tmt_cpns\": \"01-12-2014\", \"direktorat\": \"Dirmed Perawatan\", \"pendidikan\": \"Dokter Umum + S2 Spes.\", \"tmt_golongan\": \"1 Desember 2014\", \"jenis_ketenagaan\": \"Medis\"}', '2018-01-16 02:12:58', '2018-02-06 02:46:46'),
('aa9e763e-ba2f-431d-8738-5fa042f9edcc', 'Riki Permana Putra', '198611172014021001', '', NULL, NULL, NULL, NULL, NULL, NULL, 0, '{\"t2017\": \"7\", \"t2018\": \"12\", \"total\": \"18\"}', '{\"jabatan\": \"Perekam Medis Pemula\", \"pangkat\": \"Pengatur\", \"golongan\": \"II c\", \"tmt_cpns\": \"01-02- 2014\", \"direktorat\": \"Dirmed Perawatan\", \"pendidikan\": \"D-III Rekam Medik\", \"tmt_golongan\": \"1 Pebruari 2014\", \"jenis_ketenagaan\": \"Penunjang\"}', '2018-01-16 02:13:32', '2018-02-06 02:46:45'),
('aafa9f44-2f72-45ee-aa9c-131cd727d548', 'Dasitoh, AMK', '197401121999032004', '', NULL, NULL, NULL, NULL, NULL, NULL, 0, '{\"t2017\": 0, \"t2018\": \"12\", \"total\": \"12\"}', '{\"jabatan\": \"Perawat Penyelia\", \"pangkat\": \"Penata\", \"golongan\": \"III c\", \"tmt_cpns\": \"01-03-1999\", \"direktorat\": \"Dirmed Perawatan\", \"pendidikan\": \"D-III Keperawatan\", \"tmt_golongan\": \"1 Oktober 2014\", \"jenis_ketenagaan\": \"Perawat\"}', '2018-01-16 02:12:53', '2018-02-06 02:46:43'),
('ab0421e9-aa9d-4a29-98dc-08d5984a3cf2', 'Aceng Witarsa', '19780217248', '', NULL, NULL, NULL, NULL, NULL, NULL, 0, '{\"t2017\": 0, \"t2018\": \"12\", \"total\": \"12\"}', '{\"jabatan\": \"Teknisi Jaringan\", \"pangkat\": \"\", \"golongan\": \" \", \"tmt_cpns\": \"\", \"direktorat\": \"Dir. Adum\", \"pendidikan\": \"STM / Bangunan\", \"tmt_golongan\": \"1 Desember 2011\", \"jenis_ketenagaan\": \"Umum\"}', '2018-01-16 02:14:49', '2018-02-06 02:46:51'),
('ab33fac6-7930-49b5-8f05-3e7e2c5c8b36', 'Sri Hendriyanti', '196410082014052001', '', NULL, NULL, NULL, NULL, NULL, NULL, 0, '{\"t2017\": \"3\", \"t2018\": \"12\", \"total\": \"15\"}', '{\"jabatan\": \"Petugas Gudang\", \"pangkat\": \"Pengatur Muda\", \"golongan\": \"II a\", \"tmt_cpns\": \"01-05-2014\", \"direktorat\": \"Dir. Adum\", \"pendidikan\": \"SMA\", \"tmt_golongan\": \"1 Mei 2014\", \"jenis_ketenagaan\": \"Umum\"}', '2018-01-16 02:13:37', '2018-02-06 02:46:48'),
('ab506176-40d4-47cf-95f5-317db088f1d0', 'Yulianus Jambormias', '19820605112', '', NULL, NULL, NULL, NULL, NULL, NULL, 0, '{\"t2017\": 0, \"t2018\": \"12\", \"total\": \"12\"}', '{\"jabatan\": \"Pembantu Orang Sakit\", \"pangkat\": \"\", \"golongan\": \" \", \"tmt_cpns\": \"\", \"direktorat\": \"Dir. Adum\", \"pendidikan\": \"STM\", \"tmt_golongan\": \"1 Nopember 2010\", \"jenis_ketenagaan\": \"Umum\"}', '2018-01-16 02:14:48', '2018-02-06 02:46:51'),
('abb6f157-c07c-471d-968e-5df5965fe3c5', 'Rita Kartikawati, Apt', '197604282009122001', '', NULL, NULL, NULL, NULL, NULL, NULL, 0, '{\"t2017\": \"11\", \"t2018\": \"12\", \"total\": \"18\"}', '{\"jabatan\": \"Apoteker Muda\", \"pangkat\": \"Penata Tk.I\", \"golongan\": \"III d\", \"tmt_cpns\": \"01-12-2009\", \"direktorat\": \"Dirmed Perawatan\", \"pendidikan\": \"Apoteker\", \"tmt_golongan\": \"1 Oktober 2016\", \"jenis_ketenagaan\": \"Penunjang\"}', '2018-01-16 02:13:33', '2018-02-06 02:46:42'),
('aca589b8-a016-4930-a53c-9ce58b241d29', 'Taufik Hartono', '19850403242', '', NULL, NULL, NULL, NULL, NULL, NULL, 0, '{\"t2017\": 0, \"t2018\": \"12\", \"total\": \"12\"}', '{\"jabatan\": \"Pengadministrasi Keuangan\", \"pangkat\": \"\", \"golongan\": \" \", \"tmt_cpns\": \"\", \"direktorat\": \"Dir. Adum\", \"pendidikan\": \"SLTA / IPA\", \"tmt_golongan\": \"1 Desember 2011\", \"jenis_ketenagaan\": \"Umum\"}', '2018-01-16 02:14:38', '2018-02-06 02:46:50'),
('ace22d89-16ae-4adf-8956-ed340def6455', 'Yulianti, SST', '198310122008122003', '', NULL, NULL, NULL, NULL, NULL, NULL, 0, '{\"t2017\": \"11\", \"t2018\": \"12\", \"total\": \"18\"}', '{\"jabatan\": \"Bidan Pelaksana Lanjutan\", \"pangkat\": \"Penata Muda\", \"golongan\": \"III a\", \"tmt_cpns\": \"01-12-2008\", \"direktorat\": \"Dirmed Perawatan\", \"pendidikan\": \"D-IV Kebidanan\", \"tmt_golongan\": \"1 Oktober 2015\", \"jenis_ketenagaan\": \"Perawat / Bidan\"}', '2018-01-16 02:14:25', '2018-02-06 02:46:46'),
('ad228e49-b92c-4c39-ab42-af0bff3a287d', 'Dr. Fordiastiko, Sp.P', '196003311988031003', '', NULL, NULL, NULL, NULL, NULL, NULL, 0, '{\"t2017\": \"7\", \"t2018\": \"12\", \"total\": \"18\"}', '{\"kd_dr\": \"053\", \"jabatan\": \"Dokter Madya\", \"pangkat\": \"Pembina Utama Muda\", \"golongan\": \"IV c\", \"tmt_cpns\": \"01-09-2012\", \"direktorat\": \"Dirmed Perawatan\", \"pendidikan\": \"Dokter Umum + S2 Spes.\", \"tmt_golongan\": \"1 April 2016\", \"jenis_ketenagaan\": \"Medis\"}', '2018-01-16 02:13:00', '2018-02-06 02:46:46'),
('aeef3a6a-3488-4b76-9f68-8ddf00c2cb6f', 'Dr. Mahyeti, Sp.Rad.', '196505101991012001', '', NULL, NULL, NULL, NULL, NULL, NULL, 0, '{\"t2017\": \"11\", \"t2018\": \"12\", \"total\": \"18\"}', '{\"kd_dr\": \"005\", \"jabatan\": \"Dokter Madya\", \"pangkat\": \"Pembina Utama Madya\", \"golongan\": \"IV d\", \"tmt_cpns\": \"01-01-1991\", \"direktorat\": \"Dirmed Perawatan\", \"pendidikan\": \"Dokter Umum + S2 Spes.\", \"tmt_golongan\": \"1 Oktober 2016\", \"jenis_ketenagaan\": \"Medis\"}', '2018-01-16 02:13:01', '2018-02-06 02:46:46'),
('b02f32f1-98bc-4a9c-a73e-b770f3883b06', 'Yahya, AMK', '197003161993031002', '', NULL, NULL, NULL, NULL, NULL, NULL, 0, '{\"t2017\": \"5\", \"t2018\": \"12\", \"total\": \"17\"}', '{\"jabatan\": \"Perawat Penyelia\", \"pangkat\": \"Penata Tk.I\", \"golongan\": \"III d\", \"tmt_cpns\": \"01-03-1993\", \"direktorat\": \"Dirmed Perawatan\", \"pendidikan\": \"D-III Keperawatan\", \"tmt_golongan\": \"1 Oktober 2016\", \"jenis_ketenagaan\": \"Perawat\"}', '2018-01-16 02:14:24', '2018-02-06 02:46:43'),
('b0721b6b-822c-42ee-8a80-050c061cc2e8', 'R. Refa Mardini', '19840324060', '', NULL, NULL, NULL, NULL, NULL, NULL, 0, '{\"t2017\": 0, \"t2018\": \"12\", \"total\": \"12\"}', '{\"jabatan\": \"Farmasi\", \"pangkat\": \"\", \"golongan\": \" \", \"tmt_cpns\": \"\", \"direktorat\": \"Dirmed Perawatan\", \"pendidikan\": \"S1 Farmasi\", \"tmt_golongan\": \"5 Oktober 2009\", \"jenis_ketenagaan\": \"Umum\"}', '2018-01-16 02:14:37', '2018-02-06 02:46:50'),
('b0a1c19d-3622-48e0-9b2a-d3a911b75bf1', 'Hilman Mulyana, A.Md.Kep', '19910204253', '', NULL, NULL, NULL, NULL, NULL, NULL, 0, '{\"t2017\": 0, \"t2018\": \"12\", \"total\": \"12\"}', '{\"jabatan\": \"Perawat Pelaksana\", \"pangkat\": \"\", \"golongan\": \" \", \"tmt_cpns\": \"\", \"direktorat\": \"Dirmed Perawatan\", \"pendidikan\": \"D-III Keperawatan\", \"tmt_golongan\": \"1 Januari 2013\", \"jenis_ketenagaan\": \"Perawat\"}', '2018-01-16 02:14:28', '2018-02-06 02:46:49'),
('b26634d5-96a6-4eac-a7b1-63dfe4337955', 'Luky Rahmat', '197106282007011019', '', NULL, NULL, NULL, NULL, NULL, NULL, 0, '{\"t2017\": \"11\", \"t2018\": \"12\", \"total\": \"18\"}', '{\"jabatan\": \"Pengemudi Ambulan\", \"pangkat\": \"Pengatur\", \"golongan\": \"II c\", \"tmt_cpns\": \"01-01-2007\", \"direktorat\": \"Dir. Adum\", \"pendidikan\": \"SMA\", \"tmt_golongan\": \"1 April 2015\", \"jenis_ketenagaan\": \"Umum\"}', '2018-01-16 02:13:24', '2018-02-06 02:46:48'),
('b32cd4a4-7160-4141-b223-438a7dcba977', 'Dr. Nina Herlina, Sp.A', '196206091991032004', '', NULL, NULL, NULL, NULL, NULL, NULL, 0, '{\"t2017\": \"7\", \"t2018\": \"12\", \"total\": \"18\"}', '{\"kd_dr\": \"043\", \"jabatan\": \"Dokter Madya\", \"pangkat\": \"Pembina Utama Muda\", \"golongan\": \"IV c\", \"tmt_cpns\": \"01-03-1991\", \"direktorat\": \"Dirmed Perawatan\", \"pendidikan\": \"Dokter Umum + S2 Spes.\", \"tmt_golongan\": \"1 April 2015\", \"jenis_ketenagaan\": \"Medis\"}', '2018-01-16 02:13:02', '2018-02-06 02:46:46'),
('b3b92332-7534-4839-8207-1589c085392e', 'Agus Rianto, A.Md.Rad', '19890128279', '', NULL, NULL, NULL, NULL, NULL, NULL, 0, '{\"t2017\": 0, \"t2018\": \"12\", \"total\": \"12\"}', '{\"jabatan\": \"Radiografer\", \"pangkat\": \"\", \"golongan\": \" \", \"tmt_cpns\": \"\", \"direktorat\": \"Dirmed Perawatan\", \"pendidikan\": \"D-III Radiodiagnostik dan Radioterapi\", \"tmt_golongan\": \"1 Agustus 2017\", \"jenis_ketenagaan\": \"Penunjang\"}', '2018-01-16 02:14:53', '2018-02-06 02:46:51'),
('b50b785a-c373-4ec0-b174-210d98cf9717', 'Asep Kusnandar', '196603032007011037', '', NULL, NULL, NULL, NULL, NULL, NULL, 0, '{\"t2017\": \"11\", \"t2018\": \"12\", \"total\": \"18\"}', '{\"jabatan\": \"Pembantu Orang Sakit\", \"pangkat\": \"Pengatur\", \"golongan\": \"II c\", \"tmt_cpns\": \"01-01-2007\", \"direktorat\": \"Dir. Adum\", \"pendidikan\": \"SMEA\", \"tmt_golongan\": \"1 April 2015\", \"jenis_ketenagaan\": \"Umum\"}', '2018-01-16 02:12:50', '2018-02-06 02:46:48'),
('b580c0ed-a828-499f-89cd-8aff706ab2b9', 'Karnamah Indah, AMK', '198006042003122004', '$2y$10$XDIL.Hz7g/bXhxt.PZqLguggykaqO.KzRlLUaszZ0PU6Tf2vE4OvO', 'isl5Q0ceKaq65Wm41He7gNsvTNgeO4KcAaFkwaL4ppmCoiYnPBMUPUw0mW7O', 1, 2, 5, 22, 2, 1, '{\"t2017\": \"4\", \"t2018\": \"12\", \"total\": \"16\"}', '{\"jabatan\": \"Perawat Penyelia\", \"pangkat\": \"Penata\", \"golongan\": \"III c\", \"tmt_cpns\": \"01-12-2003\", \"direktorat\": \"Dirmed Perawatan\", \"pendidikan\": \"D-III Keperawatan\", \"tmt_golongan\": \"1 Oktober 2017\", \"jenis_ketenagaan\": \"Perawat\"}', '2018-01-16 02:13:21', '2018-02-08 08:51:26'),
('b5a2e3bd-1b63-48f4-8722-8c779a317ae6', 'Hj. Dedeh Kurniasih, Am.Keb', '196003051982032001', '', NULL, NULL, NULL, NULL, NULL, NULL, 0, '{\"t2017\": \"1\", \"t2018\": \"12\", \"total\": \"13\"}', '{\"jabatan\": \"Bidan Penyelia\", \"pangkat\": \"Penata Tk.I\", \"golongan\": \"III d\", \"tmt_cpns\": \"01-03-1982\", \"direktorat\": \"Dirmed Perawatan\", \"pendidikan\": \"D-III Kebidanan\", \"tmt_golongan\": \"1 April 2009\", \"jenis_ketenagaan\": \"Perawat / Bidan\"}', '2018-01-16 02:13:16', '2018-02-06 02:46:42'),
('b5de1806-7849-47a1-9f0d-c63d0fb19083', 'Ai Empat Patimah, AMK', '198006272003122002', '', NULL, NULL, NULL, NULL, NULL, NULL, 0, '{\"t2017\": 0, \"t2018\": \"12\", \"total\": \"12\"}', '{\"jabatan\": \"Perawat Penyelia\", \"pangkat\": \"Penata\", \"golongan\": \"III c\", \"tmt_cpns\": \"01-12-2003\", \"direktorat\": \"Dirmed Perawatan\", \"pendidikan\": \"D-III Keperawatan\", \"tmt_golongan\": \"1 Oktober 2017\", \"jenis_ketenagaan\": \"Perawat\"}', '2018-01-16 02:12:46', '2018-02-06 02:46:43'),
('b612fd2a-b2b4-460d-b7ec-ca4810feae1d', 'Muhamad Arif Eka Wijayanto, Apt', '198107292009121001', '$2y$10$7YNrW8ElcyzT1ebspLHKley8JoQ5yfnaZi3ApJclcBPnl2/GiAdsa', 'FwGIzBm74wdJSEaKxZyRkG2arsGkLPgzVScLZpih611zX1fkWtm8ter4NSf1', 1, 1, 2, NULL, 2, 1, '{\"t2017\": \"8\", \"t2018\": \"12\", \"total\": \"18\"}', '{\"jabatan\": \"Apoteker Muda\", \"pangkat\": \"Penata Tk.I\", \"golongan\": \"III d\", \"tmt_cpns\": \"01-12-2009\", \"direktorat\": \"Dirmed Perawatan\", \"pendidikan\": \"Apoteker\", \"tmt_golongan\": \"1 Oktober 2016\", \"jenis_ketenagaan\": \"Penunjang\"}', '2018-01-16 02:13:25', '2018-02-06 02:46:42'),
('b6aea24a-9d0b-4c58-9089-aa0adacd4103', 'Sujana, SmHk', '196110051992031001', '', NULL, NULL, NULL, NULL, NULL, NULL, 0, '{\"t2017\": \"5\", \"t2018\": \"12\", \"total\": \"17\"}', '{\"jabatan\": \"Pengadministrasi Keuangan\", \"pangkat\": \"Penata Muda Tk.I\", \"golongan\": \"III c\", \"tmt_cpns\": \"01-03-1992\", \"direktorat\": \"Dir. Adum\", \"pendidikan\": \"Sarmud Hukum\", \"tmt_golongan\": \"1 April 2016\", \"jenis_ketenagaan\": \"Umum\"}', '2018-01-16 02:13:38', '2018-02-06 02:46:47'),
('b6dd5018-026f-4803-b478-6b4a6580420f', 'Aris Septiawan Prakarsa, Amd.Kep', '19870919235', '$2y$10$/zetedcwrg/498RKYTY/.O.Mc4j14MBvHhIYwUd2EBcFMHuE7Wb76', 'CXWQObod47Bb3C0MWqJr8TKKZByRPPfw1F1QoWUvUV2QxK9VU2gUqNuolRWO', 1, 2, 5, 20, 2, 1, '{\"t2017\": 0, \"t2018\": \"12\", \"total\": \"12\"}', '{\"jabatan\": \"Perawat Pelaksana\", \"pangkat\": \"\", \"golongan\": \" \", \"tmt_cpns\": \"\", \"direktorat\": \"Dirmed Perawatan\", \"pendidikan\": \"D-III Keperawatan\", \"tmt_golongan\": \"1 Desember 2011\", \"jenis_ketenagaan\": \"Perawat\"}', '2018-01-16 02:14:27', '2018-02-08 08:04:40'),
('b70cfc2a-7bf0-4697-b6ee-6c4b4a9d8ceb', 'Mujtahid Arismiadi, SKM', '197604032000031002', '', NULL, NULL, NULL, NULL, NULL, NULL, 0, '{\"t2017\": \"2\", \"t2018\": \"12\", \"total\": \"14\"}', '{\"jabatan\": \"Ka.Sub.Bag. Rumah Tangga\", \"pangkat\": \"Penata Tk.I\", \"golongan\": \"III d\", \"tmt_cpns\": \"01-03-2000\", \"direktorat\": \"Dirmed Perawatan\", \"pendidikan\": \"S1 Kes.Masy.\", \"tmt_golongan\": \"1 April 2016\", \"jenis_ketenagaan\": \"Umum\"}', '2018-01-16 02:13:26', '2018-02-06 02:46:47'),
('b849010f-66ca-4dc4-9c8e-e03c12783a0e', 'Anton Heni Wibowo, AMK', '197902252005011003', '$2y$10$3FmEHlQLVEBIKET/qDodjOfOpTStwm4jRGkAS5FmVoAdszEtKA/se', '2cTyESPGnRdpWEsJQwTLryLhU3Arvy7HzQMVsxqIWoIcmkAY1pGdUOmKD32K', 1, 2, 5, 24, 2, 1, '{\"t2017\": \"11\", \"t2018\": \"12\", \"total\": \"18\"}', '{\"jabatan\": \"Perawat Pelaksana Lanjutan\", \"pangkat\": \"Penata Muda Tk.I\", \"golongan\": \"III b\", \"tmt_cpns\": \"01-01-2005\", \"direktorat\": \"Dirmed Perawatan\", \"pendidikan\": \"D-III Keperawatan\", \"tmt_golongan\": \"1 Oktober 2015\", \"jenis_ketenagaan\": \"Perawat\"}', '2018-01-16 02:12:48', '2018-02-07 02:42:06'),
('b8663b87-7438-4483-8cc7-0e72e4561aaf', 'Waluyo Adi Saputro, AMK', '19850720081', '$2y$10$izeXLe7XATwH1n2s8AnuRupaBTntRAVlXVaG3l3GYRAyDoVDgRzwG', 'kSRdrUAqp2YEm7McYfYLlcQFGf1TgazPELjFDwX4htI7BCfCw0e8eooEPs2d', 1, 2, 5, 21, 2, 1, '{\"t2017\": 0, \"t2018\": \"12\", \"total\": \"12\"}', '{\"jabatan\": \"Perawat Pelaksana\", \"pangkat\": \"\", \"golongan\": \" \", \"tmt_cpns\": \"\", \"direktorat\": \"Dirmed Perawatan\", \"pendidikan\": \"D-III Keperawatan\", \"tmt_golongan\": \"1 Desember 2009\", \"jenis_ketenagaan\": \"Perawat\"}', '2018-01-16 02:14:32', '2018-02-06 02:46:49'),
('b9647fd0-1a2a-4025-92ed-8288adf6eb11', 'Evi Nursafinah, SE, MPH', '197406112000032002', '$2y$10$lngTTwbHPH7Xl/cwWh5uV./Xgc5zeUf5Dt0oN3Tw6t2V183VFlXai', 'fFfvuS8Y0evtwTWaxlA81dTAAGWetOyHpKZ91wggZ6SJVyKDuAwxZtbi5PRN', 2, NULL, NULL, NULL, 1, 1, '{\"t2017\": \"11\", \"t2018\": \"12\", \"total\": \"18\"}', '{\"jabatan\": \"Direktur Keuangan dan Administrasi Umum\", \"pangkat\": \"Pembina\", \"golongan\": \"IV a\", \"tmt_cpns\": \"01-03-2000\", \"direktorat\": \"Direktur Keuangan dan Administrasi Umum\", \"pendidikan\": \"S2 Kesehatan\", \"tmt_golongan\": \"1 April 2016\", \"jenis_ketenagaan\": \"Umum\"}', '2018-01-16 02:13:10', '2018-02-06 02:46:47'),
('b96da656-bcd2-4a25-8156-3d1e74d56597', 'Herawati, AMK', '19770529015', '', NULL, NULL, NULL, NULL, NULL, NULL, 0, '{\"t2017\": 0, \"t2018\": \"12\", \"total\": \"12\"}', '{\"jabatan\": \"Perawat Pelaksana\", \"pangkat\": \"\", \"golongan\": \" \", \"tmt_cpns\": \"\", \"direktorat\": \"Dirmed Perawatan\", \"pendidikan\": \"D-III Keperawatan\", \"tmt_golongan\": \"1 April 2007\", \"jenis_ketenagaan\": \"Perawat\"}', '2018-01-16 02:14:28', '2018-02-06 02:46:49'),
('b9ab8499-491c-4332-a483-90f1b779676b', 'Trisnayanti', '196605231985122001', '', NULL, NULL, NULL, NULL, NULL, NULL, 0, '{\"t2017\": 0, \"t2018\": \"12\", \"total\": \"12\"}', '{\"jabatan\": \"Perawat Penyelia\", \"pangkat\": \"Penata Tk.I\", \"golongan\": \"III d\", \"tmt_cpns\": \"01-12-1985\", \"direktorat\": \"Dirmed Perawatan\", \"pendidikan\": \"SPK\", \"tmt_golongan\": \"1 Oktober 2010\", \"jenis_ketenagaan\": \"Perawat\"}', '2018-01-16 02:14:21', '2018-02-06 02:46:49'),
('b9be40a5-5f7d-4ca6-8736-62a55bdc6e30', 'Adrian Waluya Adi, Amd.Kep', '198403222012121001', '', NULL, NULL, NULL, NULL, NULL, NULL, 0, '{\"t2017\": 0, \"t2018\": \"7\", \"total\": \"7\"}', '{\"jabatan\": \"Perawat Pelaksana\", \"pangkat\": \"Pengatur Tk.I\", \"golongan\": \"II d\", \"tmt_cpns\": \"01-12-2012\", \"direktorat\": \"Dirmed Perawatan\", \"pendidikan\": \"D-III Keperawatan\", \"tmt_golongan\": \"1 April 2016\", \"jenis_ketenagaan\": \"Perawat\"}', '2018-01-16 02:12:45', '2018-02-06 02:46:45'),
('b9ec6442-d649-43ee-bb2d-5897ad56bc27', 'Kirman', '198605052009121002', '$2y$10$YftLIDfhNzNgOTYhxH736uTA93TarbTMbV.vdvUtAZLWQVQfCSNFW', 'uLHi7L0wNR4LxcvqvxUNZmyTqLo8N7HHq3tmSVxVCXn1gsLsQKF451t03jSX', 1, 2, 5, 20, 2, 1, '{\"t2017\": \"11\", \"t2018\": \"12\", \"total\": \"18\"}', '{\"jabatan\": \"Perawat Pelaksana Lanjutan\", \"pangkat\": \"Pengatur Tk.I\", \"golongan\": \"III a\", \"tmt_cpns\": \"01-12-2009\", \"direktorat\": \"Dirmed Perawatan\", \"pendidikan\": \"D-III Keperawatan\", \"tmt_golongan\": \"1 Oktober 2016\", \"jenis_ketenagaan\": \"Perawat\"}', '2018-01-16 02:13:21', '2018-02-08 07:50:09'),
('ba0e036f-02aa-4b5e-bcf1-fd4bcc6cee7e', 'Hendri Prayudhas, AMK', '198411262008121002', '$2y$10$4zM6DjulrKFk/PoA5jDpseWvX5vhtPznv6l/5PY7eVGJjihBWxMoK', '05h6RoE8JX8p3oKXf33SnImHHQvu3isVZuh30WvlzNXG3JJFrgB6oAPi5fS9', 1, 2, 5, 20, 2, 1, '{\"t2017\": \"11\", \"t2018\": \"12\", \"total\": \"18\"}', '{\"jabatan\": \"Perawat Pelaksana Lanjutan\", \"pangkat\": \"Pengatur Tk.I\", \"golongan\": \"III a\", \"tmt_cpns\": \"01-12-2008\", \"direktorat\": \"Dirmed Perawatan\", \"pendidikan\": \"D-III Keperawatan\", \"tmt_golongan\": \"1 April 2016\", \"jenis_ketenagaan\": \"Perawat\"}', '2018-01-16 02:13:14', '2018-02-08 08:01:41'),
('ba287e4f-51aa-4443-99eb-51ecd6b7dbf1', 'Novwina Herisa, AMK', '198311302010122001', '$2y$10$AYijeYPBDIATIIij7xTlued5rhS98UxvsGypwL8ACrcipxb7vvwWO', '4qHcuZB0EksPUog89VAOgsqiXuyZ6UNCLsmKtX6Yg3fZshC3d7fwghvXISI8', 1, 2, 4, 16, 2, 1, '{\"t2017\": \"11\", \"t2018\": \"12\", \"total\": \"18\"}', '{\"jabatan\": \"Perawat Maher\", \"pangkat\": \"Penata Muda, III/a\", \"golongan\": \"III a\", \"tmt_cpns\": \"01-12-2010\", \"direktorat\": \"Dirmed Perawatan\", \"pendidikan\": \"D-III Keperawatan\", \"tmt_golongan\": \"1 Oktober 2017\", \"jenis_ketenagaan\": \"Perawat\"}', '2018-01-16 02:13:28', '2018-02-09 07:29:06'),
('ba45c539-a87f-4f5f-bb48-7b32562710b0', 'Deni Susanto, AMK', '19841229068', '', NULL, NULL, NULL, NULL, NULL, NULL, 0, '{\"t2017\": 0, \"t2018\": \"12\", \"total\": \"12\"}', '{\"jabatan\": \"Perawat Pelaksana\", \"pangkat\": \"\", \"golongan\": \" \", \"tmt_cpns\": \"\", \"direktorat\": \"Dirmed Perawatan\", \"pendidikan\": \"D-III Keperawatan\", \"tmt_golongan\": \"1 Desember 2009\", \"jenis_ketenagaan\": \"Perawat\"}', '2018-01-16 02:14:27', '2018-02-06 02:46:49'),
('ba4646ec-bcc6-49e5-9955-df89853c8d90', 'Iqbal, AMK', '19880316098', '', NULL, NULL, NULL, NULL, NULL, NULL, 0, '{\"t2017\": 0, \"t2018\": \"12\", \"total\": \"12\"}', '{\"jabatan\": \"Perawat Pelaksana\", \"pangkat\": \"\", \"golongan\": \" \", \"tmt_cpns\": \"\", \"direktorat\": \"Dirmed Perawatan\", \"pendidikan\": \"D-III Keperawatan\", \"tmt_golongan\": \"1 Nopember 2010\", \"jenis_ketenagaan\": \"Perawat\"}', '2018-01-16 02:14:29', '2018-02-06 02:46:49'),
('ba7a37fb-7219-4ff9-a9ee-2672ad52f3c6', 'Sofyan Juliansyah', '19930704238', '', NULL, NULL, NULL, NULL, NULL, NULL, 0, '{\"t2017\": 0, \"t2018\": \"12\", \"total\": \"12\"}', '{\"jabatan\": \"Pembantu Orang Sakit\", \"pangkat\": \"\", \"golongan\": \" \", \"tmt_cpns\": \"\", \"direktorat\": \"Dir. Adum\", \"pendidikan\": \"SLTA / IPS\", \"tmt_golongan\": \"1 Desember 2011\", \"jenis_ketenagaan\": \"Umum\"}', '2018-01-16 02:14:39', '2018-02-06 02:46:50'),
('bb36c882-24d6-400e-8ba5-fd638e3427f8', 'Sumarno, AMK', '197605132000031001', '$2y$10$7BbUylkoohJrcEIFrsWYP.uPzm6LWo5C3rto87kA7AaoKxMGyR9Xq', 'q1Ya4xn7bu3hOduDd8WhEaH8qt3lKy1N5BfjzShJethfwKP2LaqGygXAfXyX', 1, 2, 5, NULL, 2, 1, '{\"t2017\": \"6\", \"t2018\": \"12\", \"total\": \"18\"}', '{\"jabatan\": \"Perawat Pelaksana Lanjutan\", \"pangkat\": \"Penata Muda\", \"golongan\": \"III a\", \"tmt_cpns\": \"01-03-2000\", \"direktorat\": \"Dirmed Perawatan\", \"pendidikan\": \"D-III Keperawatan\", \"tmt_golongan\": \"1 April 2015\", \"jenis_ketenagaan\": \"Perawat\"}', '2018-01-16 02:14:18', '2018-02-06 02:46:44'),
('bb3f602a-db6d-484a-8297-c16d3b43dd21', 'Anisa Rahmani, A.Md.PM.Kes', '19910625249', '', NULL, NULL, NULL, NULL, NULL, NULL, 0, '{\"t2017\": 0, \"t2018\": \"12\", \"total\": \"12\"}', '{\"jabatan\": \"Perekam Medis\", \"pangkat\": \"\", \"golongan\": \" \", \"tmt_cpns\": \"\", \"direktorat\": \"Dirmed Perawatan\", \"pendidikan\": \"D-III Rekam Medik\", \"tmt_golongan\": \"1 Januari 2013\", \"jenis_ketenagaan\": \"Penunjang\"}', '2018-01-16 02:14:33', '2018-02-06 02:46:50'),
('bda82aeb-ff81-4010-b65d-208a83c640de', 'Saifullah Fahri, Bsc', '196211121987031005', '', NULL, NULL, NULL, NULL, NULL, NULL, 0, '{\"t2017\": 0, \"t2018\": \"12\", \"total\": \"12\"}', '{\"jabatan\": \"Nutrisionis Penyelia\", \"pangkat\": \"Penata Tk.I\", \"golongan\": \"III d\", \"tmt_cpns\": \"01-03-1987\", \"direktorat\": \"Dirmed Perawatan\", \"pendidikan\": \"D-III Gizi\", \"tmt_golongan\": \"1 Oktober 2009\", \"jenis_ketenagaan\": \"Penunjang\"}', '2018-01-16 02:13:35', '2018-02-06 02:46:42'),
('be119ca2-1634-4c9a-9b83-1fc66a124343', 'Shely Pransiska, AMK', '19930130269', '', NULL, NULL, NULL, NULL, NULL, NULL, 0, '{\"t2017\": 0, \"t2018\": \"12\", \"total\": \"12\"}', '{\"jabatan\": \"Perawat Pelaksana\", \"pangkat\": \"\", \"golongan\": \" \", \"tmt_cpns\": \"\", \"direktorat\": \"Dirmed Perawatan\", \"pendidikan\": \"D-III Keperawatan\", \"tmt_golongan\": \"1 Nopember 2015\", \"jenis_ketenagaan\": \"Perawat\"}', '2018-01-16 02:14:51', '2018-02-06 02:46:51'),
('be17f214-c637-4266-8e78-5c11a1b4925b', 'Rina Rahmawati, AMK', '19890102267', '$2y$10$3Zr09R8Qdt.NLoO2W5xHmO9y1UblWcNh/ac98CTuGb0Tql1DqJM4i', '3qHsosIBigK9Lly0KkLZf3J0iMMCP2581vif3o8hc186Tkl2jJS6u2ysbgno', 1, 2, 5, 22, 2, 1, '{\"t2017\": 0, \"t2018\": \"12\", \"total\": \"12\"}', '{\"jabatan\": \"Perawat Pelaksana\", \"pangkat\": \"\", \"golongan\": \" \", \"tmt_cpns\": \"\", \"direktorat\": \"Dirmed Perawatan\", \"pendidikan\": \"D-III Keperawatan\", \"tmt_golongan\": \"1 Nopember 2015\", \"jenis_ketenagaan\": \"Perawat\"}', '2018-01-16 02:14:50', '2018-02-09 07:07:50'),
('be21a06d-795d-413f-8720-ff1e2ef2d64a', 'Asep Roni, Am.KL', '197609102006041002', '', NULL, NULL, NULL, NULL, NULL, NULL, 0, '{\"t2017\": \"3\", \"t2018\": \"12\", \"total\": \"15\"}', '{\"jabatan\": \"Sanitarian Pelaksana Lanjutan\", \"pangkat\": \"Penata Muda Tk.I\", \"golongan\": \"III b\", \"tmt_cpns\": \"01-04-2006\", \"direktorat\": \"Dirmed Perawatan\", \"pendidikan\": \"S1 Kes.Lingkungan.\", \"tmt_golongan\": \"1 Oktober 2015\", \"jenis_ketenagaan\": \"Penunjang\"}', '2018-01-16 02:12:50', '2018-02-06 02:46:47'),
('bed6e4f2-7d6d-4cd1-9da2-6d36bcd29a4e', 'Rudiana Sukmara, SKM', '197306041998031006', '$2y$10$Wn3VX/0zZc5ZYEMqMc0OPevCUf3yUegvXtZw4UCGQpGsjti6rwxdO', 'TwYkRIvgkPVMTyccJrUxZjqiakF8rumbJvU4zvrqdSPZmsCnbdsu9y1sOOvF', 1, 1, 2, NULL, 1, 1, '{\"t2017\": \"11\", \"t2018\": \"12\", \"total\": \"18\"}', '{\"jabatan\": \"Ka.Sie.Pelayanan Penunjang Mendik\", \"pangkat\": \"Penata Tk.I\", \"golongan\": \"III d\", \"tmt_cpns\": \"01-03-1998\", \"direktorat\": \"Ka.Sie.Pelayanan Penunjang Mendik\", \"pendidikan\": \"S2 Kesehatan\", \"tmt_golongan\": \"1 April 2015\", \"jenis_ketenagaan\": \"Umum\"}', '2018-01-16 02:13:34', '2018-02-06 07:19:00'),
('bf9ecf96-117c-4cc0-9d43-85c949af743c', 'Suhendra Yan Oktaviana, Amd.Kep', '198810102012121001', '$2y$10$h/9hlg2tjxIbg2iOupdRVO2VFMiyIcYZ3yuG6vXXwPQ.RGreWtEn.', 'oBOzfSHkyO8OLefpgV2usmSwjFdQZ5aXe17nyJGn1niV37IvZkqwBOyKx5EE', 1, 2, 5, NULL, 2, 1, '{\"t2017\": 0, \"t2018\": \"5\", \"total\": \"5\"}', '{\"jabatan\": \"Perawat Pelaksana\", \"pangkat\": \"Pengatur Tk.I\", \"golongan\": \"II d\", \"tmt_cpns\": \"01-12-2012\", \"direktorat\": \"Dirmed Perawatan\", \"pendidikan\": \"D-III Keperawatan\", \"tmt_golongan\": \"1 April 2016\", \"jenis_ketenagaan\": \"Perawat\"}', '2018-01-16 02:13:38', '2018-02-06 02:46:45'),
('c15c986a-af90-4bcf-8c3f-827b72c055cf', 'Jiwata Eka Yuwana', '19881011055', '$2y$10$W88CCFk3GTKP.25GiSiPL.haqAIJrrRvzaiZBmsyGUeWRQJkZAWve', 'gDTdjE3lEnLtmpJGN3mk73MWwx6QeQE0FOqTQbo7gBRwuA1VdMkQ7E7f3QQj', 1, 2, 4, 16, 2, 1, '{\"t2017\": 0, \"t2018\": \"12\", \"total\": \"12\"}', '{\"jabatan\": \"Pembantu Orang Sakit\", \"pangkat\": \"\", \"golongan\": \" \", \"tmt_cpns\": \"\", \"direktorat\": \"Dir. Adum\", \"pendidikan\": \"SMA\", \"tmt_golongan\": \"5 Oktober 2009\", \"jenis_ketenagaan\": \"Umum\"}', '2018-01-16 02:14:41', '2018-02-09 07:48:03'),
('c31d19bb-a0b2-4553-be57-bc8ad4f4688d', 'Ira Haerida, AMK', '19820505028', '', NULL, NULL, NULL, NULL, NULL, NULL, 0, '{\"t2017\": 0, \"t2018\": \"12\", \"total\": \"12\"}', '{\"jabatan\": \"Perawat Pelaksana\", \"pangkat\": \"\", \"golongan\": \" \", \"tmt_cpns\": \"\", \"direktorat\": \"Dirmed Perawatan\", \"pendidikan\": \"D-III Keperawatan\", \"tmt_golongan\": \"21 April 2008\", \"jenis_ketenagaan\": \"Perawat\"}', '2018-01-16 02:14:29', '2018-02-06 02:46:49'),
('c3d38dcf-9c5a-48c6-8ece-89e487391c72', 'Dikdik Hermawan, AMK', '197307151995031001', '', NULL, NULL, NULL, NULL, NULL, NULL, 0, '{\"t2017\": \"3\", \"t2018\": \"12\", \"total\": \"15\"}', '{\"jabatan\": \"Pengadaan Barang/Jasa\", \"pangkat\": \"Penata\", \"golongan\": \"III c\", \"tmt_cpns\": \"01-03-1995\", \"direktorat\": \"Dir Adum\", \"pendidikan\": \"S1 Keperawatan\", \"tmt_golongan\": \"1 Oktober 2013\", \"jenis_ketenagaan\": \"Umum\"}', '2018-01-16 02:12:57', '2018-02-06 02:46:47'),
('c4f55b83-1113-48aa-86ff-a682a4e896ec', 'Herman Wiryadi', '197011132007011013', '', NULL, NULL, NULL, NULL, NULL, NULL, 0, '{\"t2017\": 0, \"t2018\": \"18\", \"total\": \"13\"}', '{\"jabatan\": \"Pramu\", \"pangkat\": \"Pengatur\", \"golongan\": \"II c\", \"tmt_cpns\": \"01-01-2007\", \"direktorat\": \"Dir. Adum\", \"pendidikan\": \"SMA\", \"tmt_golongan\": \"1 April 2015\", \"jenis_ketenagaan\": \"Umum\"}', '2018-01-16 02:13:15', '2018-02-06 02:46:48'),
('c5653068-ed41-449d-8000-4cdd421b1ddf', 'Ryan', '19880513243', '', NULL, NULL, NULL, NULL, NULL, NULL, 0, '{\"t2017\": 0, \"t2018\": \"12\", \"total\": \"12\"}', '{\"jabatan\": \"Pengadministrasi Umum\", \"pangkat\": \"\", \"golongan\": \" \", \"tmt_cpns\": \"\", \"direktorat\": \"Dir. Adum\", \"pendidikan\": \"SLTA / IPA\", \"tmt_golongan\": \"1 Desember 2011\", \"jenis_ketenagaan\": \"Umum\"}', '2018-01-16 02:14:38', '2018-02-06 02:46:50'),
('c6ce922c-4f70-4392-abd0-aa9c6b768f9e', 'Budi Ramli, AMK', '197211151994031002', '$2y$10$kVAnPyx1O61bcs78Fdj1zOEbvuV6h/P1NzFkfS01CT9SStSfKKwHy', 'aYdEIWNd4fHJlvT1cWgtCeR1Cxk39l0mN6ebjYKPWvtBhSgI0AiRKdkcytSg', 1, 2, 4, 17, 1, 1, '{\"t2017\": \"7\", \"t2018\": \"12\", \"total\": \"18\"}', '{\"jabatan\": \"Perawat Penyelia\", \"pangkat\": \"Penata Tk.I\", \"golongan\": \"III d\", \"tmt_cpns\": \"01-03-1994\", \"direktorat\": \"Dirmed Perawatan\", \"pendidikan\": \"D-III Keperawatan\", \"tmt_golongan\": \"1 Oktober 2016\", \"jenis_ketenagaan\": \"Perawat\"}', '2018-01-16 02:12:51', '2018-02-06 02:46:43'),
('c802cb28-3752-4e2d-9cae-3a67ba207bcd', 'Hanny Nurun Nissa Jamaludin', '199304192015032002', '$2y$10$OOGO9G9waE341C6mvo8BTuGC7WdShse9T4/pyvgJrbr3NPC5T3vfW', 'FbP4YbgjjCf482vzZLBNXkQUriN0MzXVcSC88o3BX9XiUK85HTQRnDwJp1Dl', 1, 2, 5, 23, 2, 1, '{\"t2017\": \"7\", \"t2018\": \"12\", \"total\": \"18\"}', '{\"jabatan\": \"Perawat Pelaksana\", \"pangkat\": \"Pengatur\", \"golongan\": \"II c\", \"tmt_cpns\": \"01-03-2015\", \"direktorat\": \"Dirmed Perawatan\", \"pendidikan\": \"D-III Keperawatan\", \"tmt_golongan\": \"1 Maret 2015\", \"jenis_ketenagaan\": \"Perawat\"}', '2018-01-16 02:13:13', '2018-02-06 08:24:10'),
('c803c00a-6f59-4bff-95f3-8df17cfa9dbf', 'Amirudin, AMK', '198004242005011003', '', NULL, NULL, NULL, NULL, NULL, NULL, 0, '{\"t2017\": \"3\", \"t2018\": \"12\", \"total\": \"18\"}', '{\"jabatan\": \"Perawat Pelaksana Lanjutan\", \"pangkat\": \"Penata Muda Tk.I\", \"golongan\": \"III b\", \"tmt_cpns\": \"01-01-2005\", \"direktorat\": \"Dirmed Perawatan\", \"pendidikan\": \"D-III Keperawatan\", \"tmt_golongan\": \"1 Oktober 2015\", \"jenis_ketenagaan\": \"Perawat\"}', '2018-01-16 02:12:47', '2018-02-06 02:46:43'),
('c97f40e5-5859-45bc-9412-10986137d3b2', 'Denni Margani', '196103031984021001', '', NULL, NULL, NULL, NULL, NULL, NULL, 0, '{\"t2017\": 0, \"t2018\": \"12\", \"total\": \"12\"}', '{\"jabatan\": \"Pengadministrasi Umum\", \"pangkat\": \"Penata Muda Tk.I\", \"golongan\": \"III b\", \"tmt_cpns\": \"01-02-1984\", \"direktorat\": \"Dir. Adum\", \"pendidikan\": \"SMA\", \"tmt_golongan\": \"1 April 2007\", \"jenis_ketenagaan\": \"Umum\"}', '2018-01-16 02:12:54', '2018-02-06 02:46:47'),
('c98a11d7-9002-47f4-9f65-ad07abd05a24', 'Sally, AMK', '198401102008122001', '', NULL, NULL, NULL, NULL, NULL, NULL, 0, '{\"t2017\": \"11\", \"t2018\": \"12\", \"total\": \"18\"}', '{\"jabatan\": \"Perawat Pelaksana Lanjutan\", \"pangkat\": \"Pengatur Tk.I\", \"golongan\": \"III a\", \"tmt_cpns\": \"01-12-2008\", \"direktorat\": \"Dirmed Perawatan\", \"pendidikan\": \"D-III Keperawatan\", \"tmt_golongan\": \"1 April 2016\", \"jenis_ketenagaan\": \"Perawat\"}', '2018-01-16 02:13:35', '2018-02-06 02:46:44'),
('cb8e6e7e-82cb-4e4f-b97f-3a38d91b3d39', 'Yayat Suryati, AMK', '196207121987032002', '', NULL, NULL, NULL, NULL, NULL, NULL, 0, '{\"t2017\": \"3\", \"t2018\": \"12\", \"total\": \"18\"}', '{\"jabatan\": \"Perawat Penyelia\", \"pangkat\": \"Penata Tk.I\", \"golongan\": \"III d\", \"tmt_cpns\": \"01-03-1987\", \"direktorat\": \"Dirmed Perawatan\", \"pendidikan\": \"D-III Keperawatan\", \"tmt_golongan\": \"1 April 2010\", \"jenis_ketenagaan\": \"Perawat\"}', '2018-01-16 02:14:24', '2018-02-06 02:46:43'),
('cd3e5430-fb2c-4264-8e42-223850fdfc5e', 'Eah Nurapipah', '19791109244', '', NULL, NULL, NULL, NULL, NULL, NULL, 0, '{\"t2017\": 0, \"t2018\": \"12\", \"total\": \"12\"}', '{\"jabatan\": \"Juru Bayar / Kasir\", \"pangkat\": \"\", \"golongan\": \" \", \"tmt_cpns\": \"\", \"direktorat\": \"Dir. Adum\", \"pendidikan\": \"SMEA / Manaj. Bisnis\", \"tmt_golongan\": \"1 Desember 2011\", \"jenis_ketenagaan\": \"Umum\"}', '2018-01-16 02:14:43', '2018-02-06 02:46:50'),
('cd47bb01-ddd5-44c5-863b-8f297df3ed0c', 'Ujang Wahyudin', '197206262006041017', '', NULL, NULL, NULL, NULL, NULL, NULL, 0, '{\"t2017\": \"8\", \"t2018\": \"12\", \"total\": \"18\"}', '{\"jabatan\": \"Pembuat Daftar Gaji\", \"pangkat\": \"Pengatur\", \"golongan\": \"II c\", \"tmt_cpns\": \"01-04-2006\", \"direktorat\": \"Dir. Adum\", \"pendidikan\": \"SMA\", \"tmt_golongan\": \"1 April 2014\", \"jenis_ketenagaan\": \"Umum\"}', '2018-01-16 02:14:22', '2018-02-06 02:46:47'),
('cd5cc851-ffc9-4617-9912-9f843706075e', 'Cecep Abdurahman, Amd.Kep', '19870807231', '$2y$10$x6HPmfMdGfMB4kmOqM7SNe0df1Dj.HcmEvVMmDOrDC.BQHg6xTocy', 'aXgpIchs48IR7v7LuIkxRTzUD4v2ehHKzrsScxxU8FP4Poi4uvaynCMx8hXg', 1, 2, 5, NULL, 1, 1, '{\"t2017\": 0, \"t2018\": \"12\", \"total\": \"12\"}', '{\"jabatan\": \"Perawat Pelaksana\", \"pangkat\": \"\", \"golongan\": \" \", \"tmt_cpns\": \"\", \"direktorat\": \"Dirmed Perawatan\", \"pendidikan\": \"D-III Keperawatan\", \"tmt_golongan\": \"1 Desember 2011\", \"jenis_ketenagaan\": \"Perawat\"}', '2018-01-16 02:14:27', '2018-02-06 02:46:49'),
('cd8da165-71e8-4af8-9af1-2f32f1affe6d', 'Riky', '19880513063', '', NULL, NULL, NULL, NULL, NULL, NULL, 0, '{\"t2017\": 0, \"t2018\": \"12\", \"total\": \"12\"}', '{\"jabatan\": \"Pengadministrasi Umum\", \"pangkat\": \"\", \"golongan\": \" \", \"tmt_cpns\": \"\", \"direktorat\": \"Dir. Adum\", \"pendidikan\": \"SMA\", \"tmt_golongan\": \"5 Oktober 2009\", \"jenis_ketenagaan\": \"Umum\"}', '2018-01-16 02:14:42', '2018-02-06 02:46:50');
INSERT INTO `users` (`id`, `name`, `nip`, `password`, `remember_token`, `id_direktorat`, `id_bagian`, `id_subagseksi`, `id_instalasi`, `id_kastaff`, `active`, `json_user`, `json_data`, `created_at`, `updated_at`) VALUES
('cdb9cf32-5f16-4b80-b9b1-800ddc77e66b', 'M.Deni Heryana, AMK', '198002152000031001', '$2y$10$jaGh4bMt2QvhO2RqwfUb9ekMks57dGx3S7fRKh11vIOTonGe8bYHC', 'ZlqETG26nxxntthLlYRbYJECdx0TLQ1Z4r9wysWizqLdIpTYthkO64J1VA1j', 1, 2, 5, 22, 1, 1, '{\"t2017\": \"3\", \"t2018\": \"12\", \"total\": \"15\"}', '{\"jabatan\": \"Perawat Pelaksana Lanjutan\", \"pangkat\": \"Penata Muda Tk.I\", \"golongan\": \"III b\", \"tmt_cpns\": \"01-03-2000\", \"direktorat\": \"Dirmed Perawatan\", \"pendidikan\": \"D-III Keperawatan\", \"tmt_golongan\": \"1 April 2016\", \"jenis_ketenagaan\": \"Perawat\"}', '2018-01-16 02:13:24', '2018-02-06 02:46:43'),
('d0d64455-457a-487e-b877-268687758099', 'dr. Bunga Annisa Hapsari', '199001292018012002', '', NULL, NULL, NULL, NULL, NULL, NULL, 0, '{\"t2017\": 0, \"t2018\": 12, \"total\": 12}', '{\"jabatan\": \"Dokter Ahli Pertama\", \"pangkat\": \"Penata Muda Tk.I\", \"golongan\": \"III b\", \"tmt_cpns\": \"01-01-2018\", \"direktorat\": \"Kepala Bidang Medik\", \"pendidikan\": \"Dokter Umum\", \"tmt_golongan\": \"1 Januari 2018\", \"jenis_ketenagaan\": \"Medis\"}', '2018-02-06 03:29:43', '2018-02-06 03:29:43'),
('d249d89c-6cd8-43e8-a9d0-7bcb5ec322b3', 'Sinta Rahayu, AMK', '198608232008012002', '', NULL, NULL, NULL, NULL, NULL, NULL, 0, '{\"t2017\": \"11\", \"t2018\": \"12\", \"total\": \"18\"}', '{\"jabatan\": \"Perawat Pelaksana Lanjutan\", \"pangkat\": \"Penata Muda\", \"golongan\": \"III a\", \"tmt_cpns\": \"01-01-2008\", \"direktorat\": \"Dirmed Perawatan\", \"pendidikan\": \"D-III Keperawatan\", \"tmt_golongan\": \"1 April 2015\", \"jenis_ketenagaan\": \"Perawat\"}', '2018-01-16 02:13:36', '2018-02-06 02:46:44'),
('d25ffed8-01e7-40e1-8035-479b9a314d2d', 'Zaenuri', '197912182008011007', '', NULL, NULL, NULL, NULL, NULL, NULL, 0, '{\"t2017\": \"11\", \"t2018\": \"12\", \"total\": \"18\"}', '{\"jabatan\": \"Radiografer Pelaksana Lanjutan\", \"pangkat\": \"Penata Muda\", \"golongan\": \"III a\", \"tmt_cpns\": \"01-01-2008\", \"direktorat\": \"Dirmed Perawatan\", \"pendidikan\": \"D-IV Teknik Radiologi\", \"tmt_golongan\": \"1 April 2015\", \"jenis_ketenagaan\": \"Penunjang\"}', '2018-01-16 02:14:26', '2018-02-06 02:46:46'),
('d3306fc5-410d-447c-af7f-ed813cdff6b9', 'Siti Sulastri, SST', '197001201993032002', '', NULL, NULL, NULL, NULL, NULL, NULL, 0, '{\"t2017\": 0, \"t2018\": \"12\", \"total\": \"12\"}', '{\"jabatan\": \"Pengadaan Barang/Jasa\", \"pangkat\": \"Penata Tk.I\", \"golongan\": \"III d\", \"tmt_cpns\": \"01-03-1993\", \"direktorat\": \"Dirmed Perawatan\", \"pendidikan\": \"D-IV GIZI\", \"tmt_golongan\": \"1 April 2016\", \"jenis_ketenagaan\": \"Umum\"}', '2018-01-16 02:13:36', '2018-02-06 02:46:45'),
('d3cd2f74-7237-4894-9f62-10980695752a', 'Hendra Bayu Wiguna, AMK', '198508142008011004', '$2y$10$KVU5w250g8Gn10ERZmWN5.q6PwjicNme44mPtDQdXh2fJ32QDpBsm', 'n60cgSCYoSWXtnJgeQxNIdWzBlpBgKOIqfacgNcuTMi84IwIWbd3RkbnDPgG', 1, 2, 4, 16, 2, 1, '{\"t2017\": \"11\", \"t2018\": \"12\", \"total\": \"12\"}', '{\"jabatan\": \"Perawat Pelaksana Lanjutan\", \"pangkat\": \"Penata Muda\", \"golongan\": \"III a\", \"tmt_cpns\": \"01-01-2008\", \"direktorat\": \"Dirmed Perawatan\", \"pendidikan\": \"D-III Keperawatan\", \"tmt_golongan\": \"1 April 2015\", \"jenis_ketenagaan\": \"Perawat\"}', '2018-01-16 02:13:14', '2018-02-09 07:32:43'),
('d496d2a1-37fe-47d3-8608-0a6985cbaade', 'Siti Jamilah, Amd.Akt', '19821104021', '', NULL, NULL, NULL, NULL, NULL, NULL, 0, '{\"t2017\": 0, \"t2018\": \"12\", \"total\": \"12\"}', '{\"jabatan\": \"Verifikator Keuangan\", \"pangkat\": \"\", \"golongan\": \" \", \"tmt_cpns\": \"\", \"direktorat\": \"Dir. Adum\", \"pendidikan\": \"D-III Akuntansi\", \"tmt_golongan\": \"7 April 2008\", \"jenis_ketenagaan\": \"Umum\"}', '2018-01-16 02:14:36', '2018-02-06 02:46:50'),
('d4d1986a-3492-4975-82b5-3e8e57a5b1be', 'dr. Priska Duana Putri, Sp.P', '198604132018012001', '', NULL, NULL, NULL, NULL, NULL, NULL, 0, '{\"t2017\": 0, \"t2018\": 12, \"total\": 12}', '{\"jabatan\": \"Dokter Ahli Pertama\", \"pangkat\": \"Penata Muda Tk.I\", \"golongan\": \"III b\", \"tmt_cpns\": \"01-01-2018\", \"direktorat\": \"Dirmed Perawatan\", \"pendidikan\": \"Dokter Umum + S2 Spes.\", \"tmt_golongan\": \"1 Januari 2018\", \"jenis_ketenagaan\": \"Medis\"}', '2018-02-06 03:29:43', '2018-02-06 03:29:43'),
('d5fe9e31-9233-4efe-a2a5-df15e42f86f7', 'Rossye Armanda Leonard', '196010181990031004', '$2y$10$NFByzb2ibjFY43QupCspIuoTBubPQVxnH/tZ4vf94aufk2S9nSh2m', 'mZI05EAJyXlGopa21WUUIVvqPov8uArItFMq8uo1yhq9VIUecOQvT5NWBG2O', 1, 1, 2, 9, 2, 1, '{\"t2017\": 0, \"t2018\": \"12\", \"total\": \"12\"}', '{\"jabatan\": \"Pengadministrasi Umum\", \"pangkat\": \"Penata Muda Tk.I\", \"golongan\": \"III b\", \"tmt_cpns\": \"01-03-1990\", \"direktorat\": \"Dir. Adum\", \"pendidikan\": \"STM Mesin\", \"tmt_golongan\": \"1 April 2009\", \"jenis_ketenagaan\": \"Umum\"}', '2018-01-16 02:13:34', '2018-02-06 02:46:49'),
('d638a90d-9ab5-457d-9699-f4b2eb6c5b44', 'Dedi Junaedi', '197710191999031002', '', NULL, NULL, NULL, NULL, NULL, NULL, 0, '{\"t2017\": 0, \"t2018\": \"12\", \"total\": \"12\"}', '{\"jabatan\": \"Teknisi Elektro Medis Penyelia\", \"pangkat\": \"Penata\", \"golongan\": \"III c\", \"tmt_cpns\": \"01-03-1999\", \"direktorat\": \"Dir. Adum\", \"pendidikan\": \"D-III Elektro Medik\", \"tmt_golongan\": \"1 Oktober 2015\", \"jenis_ketenagaan\": \"Penunjang\"}', '2018-01-16 02:12:54', '2018-02-06 02:46:42'),
('d6c18302-e858-4658-8e8d-79ac4058be06', 'Rina Tiana Nurindahsari, AMK', '197803152005012006', '', NULL, NULL, NULL, NULL, NULL, NULL, 0, '{\"t2017\": \"8\", \"t2018\": \"12\", \"total\": \"15\"}', '{\"jabatan\": \"Perawat Pelaksana Lanjutan\", \"pangkat\": \"Penata Muda Tk.I\", \"golongan\": \"III b\", \"tmt_cpns\": \"01-01-2005\", \"direktorat\": \"Dirmed Perawatan\", \"pendidikan\": \"D-III Keperawatan\", \"tmt_golongan\": \"1 Oktober 2015\", \"jenis_ketenagaan\": \"Perawat\"}', '2018-01-16 02:13:32', '2018-02-06 02:46:43'),
('d76cd7d0-2df8-4b38-89ac-056c9120d0b0', 'Rizqi Puji Lestari, Ners', '198812272015032005', '', NULL, NULL, NULL, NULL, NULL, NULL, 0, '{\"t2017\": \"11\", \"t2018\": \"12\", \"total\": \"18\"}', '{\"jabatan\": \"Perawat Ahli Pertama\", \"pangkat\": \"Penata Muda\", \"golongan\": \"III a\", \"tmt_cpns\": \"01-03-2015\", \"direktorat\": \"Dirmed Perawatan\", \"pendidikan\": \"S1 Keperawatan + Ners\", \"tmt_golongan\": \"1 Maret 2015\", \"jenis_ketenagaan\": \"Perawat\"}', '2018-01-16 02:13:34', '2018-02-06 02:46:47'),
('d7870e96-051a-4e52-bb53-deeb17d3a56c', 'Ari Andriyana S', '198001252009121002', '$2y$10$Pj.ewQZmXzSQOCbRR6WeWO83aXcIg4XILUvAbLS4a./GIbe77yRV6', 'oRGKcSjbFWhzk3kjei5Q4QHIsFA8DbtTwzkbmuqO64sq8d13o7dJNuOgoLUB', 1, 1, 2, 9, 1, 1, '{\"t2017\": \"11\", \"t2018\": \"12\", \"total\": \"18\"}', '{\"jabatan\": \"Perekam Medis Pelaksana Lanjutan\", \"pangkat\": \"Pengatur Tk.I\", \"golongan\": \"III a\", \"tmt_cpns\": \"01-12-2009\", \"direktorat\": \"Dirmed Perawatan\", \"pendidikan\": \"D-III Rekam Medik\", \"tmt_golongan\": \"1 Oktober 2016\", \"jenis_ketenagaan\": \"Penunjang\"}', '2018-01-16 02:12:49', '2018-02-06 02:46:45'),
('d797c55c-aebe-4d12-aa19-7f7b3b3dabe9', 'Sigit Nomo Prianto, Ners', '198805012018011001', '', NULL, NULL, NULL, NULL, NULL, NULL, 0, '{\"t2017\": 0, \"t2018\": 12, \"total\": 12}', '{\"jabatan\": \"Perawat Ahli Pertama\", \"pangkat\": \"Penata Muda\", \"golongan\": \"III a\", \"tmt_cpns\": \"01-01-2018\", \"direktorat\": \"Dirmed Perawatan\", \"pendidikan\": \"S1 Keperawatan + Ners\", \"tmt_golongan\": \"1 Januari 2018\", \"jenis_ketenagaan\": \"Perawat\"}', '2018-02-06 03:29:43', '2018-02-06 03:29:43'),
('d9490599-07d4-4171-872f-309844d75287', 'Andri Rahman Hakim, ST', '19780515043', '$2y$10$LOgDxoDOFHwgkrPZ9WVIa.o2/2YhtSDbvGgznPIVYsqtltzOvsmV.', 'NYv3m7FK6YC3PiP0AjI6287CZDJKLcfqIB8GOwfSXNoGmumnrHvHrmZMkHlL', 2, NULL, NULL, NULL, 1, 1, '{\"t2017\": 0, \"t2018\": \"12\", \"total\": \"12\"}', '{\"jabatan\": \"Pengelola BMN\", \"pangkat\": \"\", \"golongan\": \" \", \"tmt_cpns\": \"\", \"direktorat\": \"Dir. Adum\", \"pendidikan\": \"S1 Komputer\", \"tmt_golongan\": \"5 Oktober 2009\", \"jenis_ketenagaan\": \"Umum\"}', '2018-01-16 02:14:37', '2018-02-06 02:46:50'),
('d9fbe5ef-519a-42ad-84ea-8ad75a06c061', 'Ade Supriatna, AMK', '197304172000031002', '$2y$10$AhCz.YMA0we7r.SzBReKIuD0VwuLYnBsKvdBIgl6xfO37B4wK/RTy', 'BY5xfgEm0plpgKRZWAvKbFGgl8oOnhC2EQUpVmT2YPLXb4zcaaPHvZsgkiFT', 1, 2, 5, 21, 2, 1, '{\"t2017\": \"7\", \"t2018\": \"12\", \"total\": \"13\"}', '{\"jabatan\": \"Perawat Penyelia\", \"pangkat\": \"Penata\", \"golongan\": \"III c\", \"tmt_cpns\": \"01-03-2000\", \"direktorat\": \"Dirmed Perawatan\", \"pendidikan\": \"D-III Keperawatan\", \"tmt_golongan\": \"1 Oktober 2014\", \"jenis_ketenagaan\": \"Perawat\"}', '2018-01-16 02:12:44', '2018-02-06 02:46:43'),
('d9fd9ad5-a768-4de3-aebb-dd4b9f1feeaf', 'Heryana Wati, Amd', '19860214053', '', NULL, NULL, NULL, NULL, NULL, NULL, 0, '{\"t2017\": 0, \"t2018\": \"12\", \"total\": \"12\"}', '{\"jabatan\": \"Sekretaris\", \"pangkat\": \"\", \"golongan\": \" \", \"tmt_cpns\": \"\", \"direktorat\": \"Dir. Adum\", \"pendidikan\": \"D-III Komunikasi\", \"tmt_golongan\": \"5 Oktober 2009\", \"jenis_ketenagaan\": \"Umum\"}', '2018-01-16 02:14:35', '2018-02-06 02:46:50'),
('db1560b6-4be3-49f4-bd80-2f1077c339c8', 'dr. Onny Quadriyanto, Sp.PD, Finasim', '19600917281', '', NULL, NULL, NULL, NULL, NULL, NULL, 0, '{\"t2017\": 0, \"t2018\": 12, \"total\": 12}', '{\"jabatan\": \"Dokter\", \"pangkat\": \"\", \"golongan\": \" \", \"tmt_cpns\": \"\", \"direktorat\": \"Dirmed Perawatan\", \"pendidikan\": \"S2 Spesialis Penyakit Dalam\", \"tmt_golongan\": \"1 Agustus 2017\", \"jenis_ketenagaan\": \"Medis\"}', '2018-02-06 03:29:44', '2018-02-06 03:29:44'),
('dbcb21e4-4c2f-413f-a597-d3a601d35101', 'Ardian Faisal', '198909012010121002', '', NULL, NULL, NULL, NULL, NULL, NULL, 0, '{\"t2017\": \"11\", \"t2018\": \"12\", \"total\": \"18\"}', '{\"jabatan\": \"Pranata Lab.Kes. Pelaksana\", \"pangkat\": \"Pengatur Tk.I\", \"golongan\": \"II d\", \"tmt_cpns\": \"01-12-2010\", \"direktorat\": \"Dirmed Perawatan\", \"pendidikan\": \"D-III Analis Kesehatan\", \"tmt_golongan\": \"1 April 2014\", \"jenis_ketenagaan\": \"Penunjang\"}', '2018-01-16 02:12:49', '2018-02-06 02:46:42'),
('dbcbb811-da71-4ef0-a840-f22e03db6109', 'Sri Eka Dewi', '19880212107', '$2y$10$bt9hqdNI9oIAdxDze2oJnOXIHaElQw77Cm/eQjEWvATEOIe.exPaC', 'guDA0levVu6xjqDLIwRRvxkwXpJN5TD9s143KsaLLNFIhOXG36UlAUXMFWBZ', 1, 1, 2, 9, 2, 1, '{\"t2017\": 0, \"t2018\": \"12\", \"total\": \"12\"}', '{\"jabatan\": \"Pengadministrasi Umum\", \"pangkat\": \"\", \"golongan\": \" \", \"tmt_cpns\": \"\", \"direktorat\": \"Dir. Adum\", \"pendidikan\": \"SMK\", \"tmt_golongan\": \"1 Nopember 2010\", \"jenis_ketenagaan\": \"Umum\"}', '2018-01-16 02:14:45', '2018-02-06 02:46:51'),
('dc130acd-f1f5-4041-9944-ceefcccbb4c0', 'Inna Nopiana, S.Kep', '197411271998032002', '', NULL, NULL, NULL, NULL, NULL, NULL, 0, '{\"t2017\": \"6\", \"t2018\": \"12\", \"total\": \"18\"}', '{\"jabatan\": \"Ka.Sie.Pelayanan Kep.Rawat Inap\", \"pangkat\": \"Penata Tk.I\", \"golongan\": \"III d\", \"tmt_cpns\": \"01-03-1998\", \"direktorat\": \"Ka.Sie.Pelayanan Kep.Rawat Inap\", \"pendidikan\": \"S1 Keperawatan + Ners\", \"tmt_golongan\": \"1 April 2017\", \"jenis_ketenagaan\": \"Perawat\"}', '2018-01-16 02:13:18', '2018-02-06 02:46:47'),
('dc87b4d9-6540-4f8b-a536-b077e58c772f', 'Wendy Indra Permana, Amd.Kep', '19880319232', '', NULL, NULL, NULL, NULL, NULL, NULL, 0, '{\"t2017\": 0, \"t2018\": \"12\", \"total\": \"12\"}', '{\"jabatan\": \"Perawat Pelaksana\", \"pangkat\": \"\", \"golongan\": \" \", \"tmt_cpns\": \"\", \"direktorat\": \"Dirmed Perawatan\", \"pendidikan\": \"D-III Keperawatan\", \"tmt_golongan\": \"1 Desember 2011\", \"jenis_ketenagaan\": \"Perawat\"}', '2018-01-16 02:14:32', '2018-02-06 02:46:49'),
('dc8de4aa-e36d-4491-842e-7696db17f8e8', 'Dr. Fattrias Handayani Jayaatmaja', '198408162014022001', '', NULL, NULL, NULL, NULL, NULL, NULL, 0, '{\"t2017\": \"4\", \"t2018\": \"12\", \"total\": \"16\"}', '{\"kd_dr\": \"060\", \"jabatan\": \"Dokter  Pertama\", \"pangkat\": \"Penata Muda Tk.I\", \"golongan\": \"III b\", \"tmt_cpns\": \"01-02- 2014\", \"direktorat\": \"Dirmed Perawatan\", \"pendidikan\": \"Dokter Umum\", \"tmt_golongan\": \"1 Pebruari 2014\", \"jenis_ketenagaan\": \"Medis\"}', '2018-01-16 02:13:00', '2018-02-06 02:46:46'),
('dd119919-6e6d-4e66-b5e3-cc84a3761817', 'Ina Patmawati, AMK', '19880525073', '$2y$10$GXyftrisW5ksCFKtZOP7ruNM7mM/JFL6.S0A5VViyJOzwpHIla5Ty', 'ZbXKnW8QjvXqVVvx4IkgeGWMZ1AGEREmHfEcrHR5K7saXM2sI3twSyIbM0Jn', 1, 2, 5, 20, 2, 1, '{\"t2017\": 0, \"t2018\": \"12\", \"total\": \"12\"}', '{\"jabatan\": \"Perawat Pelaksana\", \"pangkat\": \"\", \"golongan\": \" \", \"tmt_cpns\": \"\", \"direktorat\": \"Dirmed Perawatan\", \"pendidikan\": \"D-III Keperawatan\", \"tmt_golongan\": \"1 Desember 2009\", \"jenis_ketenagaan\": \"Perawat\"}', '2018-01-16 02:14:29', '2018-02-08 08:03:30'),
('dda1f3b6-8fe2-4e0a-8c9e-0e01980699a9', 'Gita Muhamad, AMK', '198511242009121003', '$2y$10$YqsJ2LiRmz9fW0kMh6NOse4JWHzE4As2lztM.OWsusniqGSSktPra', 'llo7XWmKs0RGkunZRL5frK8Lcd9XDKQg178RxajHVMun2iHJ0jRA9cb4lhoz', 1, 2, 5, 20, 2, 1, '{\"t2017\": \"11\", \"t2018\": \"12\", \"total\": \"18\"}', '{\"jabatan\": \"Perawat Pelaksana Lanjutan\", \"pangkat\": \"Penata Muda\", \"golongan\": \"III a\", \"tmt_cpns\": \"01-12-2009\", \"direktorat\": \"Dirmed Perawatan\", \"pendidikan\": \"D-III Keperawatan\", \"tmt_golongan\": \"1 Oktober 2016\", \"jenis_ketenagaan\": \"Perawat\"}', '2018-01-16 02:13:12', '2018-02-08 07:30:55'),
('de4ce018-66f3-4a40-8fd6-082355343865', 'Syarip', '196606302008121001', '', NULL, NULL, NULL, NULL, NULL, NULL, 0, '{\"t2017\": \"11\", \"t2018\": \"12\", \"total\": \"18\"}', '{\"jabatan\": \"Binatu\", \"pangkat\": \"Pengatur Muda\", \"golongan\": \"II a\", \"tmt_cpns\": \"01-12-2008\", \"direktorat\": \"Dir. Adum\", \"pendidikan\": \"SMA Persamaan\", \"tmt_golongan\": \"1 April 2015\", \"jenis_ketenagaan\": \"Umum\"}', '2018-01-16 02:14:20', '2018-02-06 02:46:48'),
('dfa48b7b-949f-4158-8a33-2b90e0fe6a85', 'Muhamad Hardian, AMd.Kep', '198901292010121002', '$2y$10$41dgA89jk.NMNh9t.6QQfeIo/KCd3tifcN1i2RL0t5RQyTXXT7lya', 'ffdMBkIp9KhufimqdagPulRR1mmlQ0GHbYp9VEMc4WYOGQknCQ78KBsCkI1B', 1, 2, 4, 16, 2, 1, '{\"t2017\": \"7\", \"t2018\": \"12\", \"total\": \"18\"}', '{\"jabatan\": \"Perawat Pelaksana\", \"pangkat\": \"Pengatur Tk.I\", \"golongan\": \"II d\", \"tmt_cpns\": \"01-12-2010\", \"direktorat\": \"Dirmed Perawatan\", \"pendidikan\": \"D-III Keperawatan\", \"tmt_golongan\": \"1 April 2014\", \"jenis_ketenagaan\": \"Perawat\"}', '2018-01-16 02:13:26', '2018-02-09 07:44:28'),
('dfac403a-acfd-4ad8-8165-6f37227ba541', 'Siska Timorriyantini, AMK', '198503262008012001', '', NULL, NULL, NULL, NULL, NULL, NULL, 0, '{\"t2017\": \"7\", \"t2018\": \"12\", \"total\": \"18\"}', '{\"jabatan\": \"Perawat Pelaksana Lanjutan\", \"pangkat\": \"Penata Muda\", \"golongan\": \"III a\", \"tmt_cpns\": \"01-01-2008\", \"direktorat\": \"Dirmed Perawatan\", \"pendidikan\": \"D-III Keperawatan\", \"tmt_golongan\": \"1 April 2015\", \"jenis_ketenagaan\": \"Perawat\"}', '2018-01-16 02:13:36', '2018-02-06 02:46:44'),
('dfbb8be6-6f78-4524-ba6b-e3a12dd24119', 'Achmad Munandar, AMK', '197212301994031003', '$2y$10$lL6EVFxQVDxQlMh7Po/Yzuljn8AqGh9QllXvTGdMb35zkrG9XtLlO', '6d1YYlQSWn7NDQ8de8ZLmaMTsfLLWpEm3krtPFmoefso2csAaftPVvNBulUt', 1, 2, 5, 22, 2, 1, '{\"t2017\": \"11\", \"t2018\": \"12\", \"total\": \"18\"}', '{\"jabatan\": \"Perawat Penyelia\", \"pangkat\": \"Penata Tk.I\", \"golongan\": \"III d\", \"tmt_cpns\": \"01-03-1994\", \"direktorat\": \"Dirmed Perawatan\", \"pendidikan\": \"D-III Keperawatan\", \"tmt_golongan\": \"1 Oktober 2017\", \"jenis_ketenagaan\": \"Perawat\"}', '2018-01-16 02:12:43', '2018-02-09 07:06:11'),
('e03280c3-4201-4079-914b-4f69975317b4', 'Didin Nurdin', '197204122007011038', '', NULL, NULL, NULL, NULL, NULL, NULL, 0, '{\"t2017\": \"11\", \"t2018\": \"12\", \"total\": \"18\"}', '{\"jabatan\": \"Pembantu Orang Sakit\", \"pangkat\": \"Pengatur\", \"golongan\": \"II c\", \"tmt_cpns\": \"01-01-2007\", \"direktorat\": \"Dir. Adum\", \"pendidikan\": \"SMA\", \"tmt_golongan\": \"1 April 2015\", \"jenis_ketenagaan\": \"Umum\"}', '2018-01-16 02:12:57', '2018-02-06 02:46:47'),
('e086cbaa-4e54-4a83-b885-a4d916c13989', 'Dadang Sa\'adulloh, AMK', '198304112009121001', '$2y$10$gFFQEGNisYjLEqwmrD8q7OROTrGTr4Ud9BK618ioDddUvLwbRBnY2', 'TFE6NlVyzBXJN3VNcw1hYC8OiWlLXIJXF9McnLJRVRn8gzerZ68c2VruqZ3n', 1, 2, 5, 24, 2, 1, '{\"t2017\": \"7\", \"t2018\": \"12\", \"total\": \"18\"}', '{\"jabatan\": \"Perawat Pelaksana Lanjutan\", \"pangkat\": \"Pengatur Tk.I\", \"golongan\": \"III a\", \"tmt_cpns\": \"01-12-2009\", \"direktorat\": \"Dirmed Perawatan\", \"pendidikan\": \"D-III Keperawatan\", \"tmt_golongan\": \"1 Oktober 2016\", \"jenis_ketenagaan\": \"Perawat\"}', '2018-01-16 02:12:52', '2018-02-09 03:24:51'),
('e18b6d07-b564-4461-88e8-6c087d47941a', 'Hanavia', '196609161991031004', '', NULL, NULL, NULL, NULL, NULL, NULL, 0, '{\"t2017\": \"11\", \"t2018\": \"12\", \"total\": \"18\"}', '{\"jabatan\": \"Pengadministrasi Keuangan\", \"pangkat\": \"Penata Muda Tk.I\", \"golongan\": \"III b\", \"tmt_cpns\": \"01-03-1991\", \"direktorat\": \"Dir. Adum\", \"pendidikan\": \"SMA\", \"tmt_golongan\": \"1 Oktober 2010\", \"jenis_ketenagaan\": \"Umum\"}', '2018-01-16 02:13:13', '2018-02-06 02:46:47'),
('e332cd4a-2701-41a7-a979-7455c8a73a71', 'Agung Kresna Nugraha', '198907302010121002', '$2y$10$6Fe.hMlcQaWVhRCI8Fhfc.m7P6waIO2iCZGSl0slosSxIZU2iNmzi', 'a6y40PYr64Yu8gEMUVOQiYfyg9VZftwtu8dqzu5ZuOKCCyc3eF8AmNqTH2xR', 1, 2, 5, 22, 2, 1, '{\"t2017\": 0, \"t2018\": \"12\", \"total\": \"12\"}', '{\"jabatan\": \"Perawat Maher\", \"pangkat\": \"Penata Muda, III/a\", \"golongan\": \"III a\", \"tmt_cpns\": \"01-12-2010\", \"direktorat\": \"Dirmed Perawatan\", \"pendidikan\": \"D-III Keperawatan\", \"tmt_golongan\": \"1 Oktober 2017\", \"jenis_ketenagaan\": \"Perawat\"}', '2018-01-16 02:12:46', '2018-02-06 02:46:45'),
('e3c0bd1f-8248-433d-8be6-8e16a6a563e9', 'Alfhy Septiana Ningsih, AMK', '198609162012122001', '$2y$10$ZEe8MqA3YpHPqVYKA4.9u.TiAOoyLhzmsGzG/uaCz34HPxvwfN72.', 'Pl0rqqvLRfB9MNgE2Soungbkf2QJHswDAwmiVjRtoFAmu4VCquXQlrtWFZUs', 1, 2, 5, 22, 2, 1, '{\"t2017\": \"5\", \"t2018\": \"12\", \"total\": \"17\"}', '{\"jabatan\": \"Perawat Pelaksana\", \"pangkat\": \"Pengatur Tk.I\", \"golongan\": \"II d\", \"tmt_cpns\": \"01-12-2012\", \"direktorat\": \"Dirmed Perawatan\", \"pendidikan\": \"D-III Keperawatan\", \"tmt_golongan\": \"1 April 2016\", \"jenis_ketenagaan\": \"Perawat\"}', '2018-01-16 02:12:47', '2018-02-07 01:07:16'),
('e3d48eec-9d3b-41c6-a353-8c27664c767b', 'Isul Mulyadi, AMK', '198408022008121001', '$2y$10$YqhNq7ZxXzEwgQlCyO4uduTeKm4/5nD57RP2YgbQXKsg3RHgop8.y', 'tRPkFxzFvVR4hhJW7dPkaJ3kl6CHg8BBtInRaeOZvj1vE8oRbuHSMO2WQNl4', 1, 2, 5, 22, 2, 1, '{\"t2017\": \"5\", \"t2018\": \"12\", \"total\": \"17\"}', '{\"jabatan\": \"Perawat Pelaksana Lanjutan\", \"pangkat\": \"Pengatur Tk.I\", \"golongan\": \"III a\", \"tmt_cpns\": \"01-12-2008\", \"direktorat\": \"Dirmed Perawatan\", \"pendidikan\": \"D-III Keperawatan\", \"tmt_golongan\": \"1 April 2016\", \"jenis_ketenagaan\": \"Perawat\"}', '2018-01-16 02:13:19', '2018-02-07 01:05:48'),
('e40b2b27-ae6e-4aa3-8b0a-b25f7eb81219', 'Sri Nur Damayanti, AMK', '198511042010122001', '', NULL, NULL, NULL, NULL, NULL, NULL, 0, '{\"t2017\": \"11\", \"t2018\": \"12\", \"total\": \"18\"}', '{\"jabatan\": \"Perawat Maher\", \"pangkat\": \"Penata Muda, III/a\", \"golongan\": \"III a\", \"tmt_cpns\": \"01-12-2010\", \"direktorat\": \"Dirmed Perawatan\", \"pendidikan\": \"D-III Keperawatan\", \"tmt_golongan\": \"1 Oktober 2017\", \"jenis_ketenagaan\": \"Perawat\"}', '2018-01-16 02:13:37', '2018-02-06 02:46:44'),
('e54986ea-cbc9-4e2a-b00d-e096d84b04af', 'Pardiyanto, Amd.Far', '19821214018', '', NULL, NULL, NULL, NULL, NULL, NULL, 0, '{\"t2017\": 0, \"t2018\": \"12\", \"total\": \"12\"}', '{\"jabatan\": \"Asisten Apoteker\", \"pangkat\": \"\", \"golongan\": \" \", \"tmt_cpns\": \"\", \"direktorat\": \"Dirmed Perawatan\", \"pendidikan\": \"D-III Farmasi\", \"tmt_golongan\": \"6 Agustus 2007\", \"jenis_ketenagaan\": \"Penunjang\"}', '2018-01-16 02:14:33', '2018-02-06 02:46:50'),
('e5e4c3fb-8d3d-4758-b81e-e22c82bf8034', 'Meta Mandisa', '199205062015032002', '', NULL, NULL, NULL, NULL, NULL, NULL, 0, '{\"t2017\": \"5\", \"t2018\": \"12\", \"total\": \"17\"}', '{\"jabatan\": \"Teknisi Transfusi Darah Pelaksana\", \"pangkat\": \"Pengatur Muda\", \"golongan\": \"II a\", \"tmt_cpns\": \"01-03-2015\", \"direktorat\": \"Dirmed Perawatan\", \"pendidikan\": \"D-I Teknik Transfusi Darah\", \"tmt_golongan\": \"1 Maret 2015\", \"jenis_ketenagaan\": \"Penunjang\"}', '2018-01-16 02:13:25', '2018-02-06 02:46:42'),
('e748495b-4217-44f2-833d-82779657e473', 'Ayi Yulia Evanty', '198807202014022001', '$2y$10$OQdAWYiHa0o3kOPAMPPudOL3tcbFlG8diWxsZLuY4JhWqa5cvoIne', 'EZOtpOaUW2fQtr8Xt5IqIHahtxVb1T0u8TQapESSemmt24iGPn6YTsBOVbqh', 1, 1, 2, 4, 2, 1, '{\"t2017\": \"11\", \"t2018\": \"12\", \"total\": \"18\"}', '{\"jabatan\": \"Radiografer Pelaksana\", \"pangkat\": \"Pengatur\", \"golongan\": \"II c\", \"tmt_cpns\": \"01-02- 2014\", \"direktorat\": \"Dirmed Perawatan\", \"pendidikan\": \"D-III Teknik Radiologi\", \"tmt_golongan\": \"1 Pebruari 2014\", \"jenis_ketenagaan\": \"Penunjang\"}', '2018-01-16 02:12:50', '2018-02-06 02:46:45'),
('e74f3ff4-6720-4275-a2a2-a9abedb1d601', 'Halim Hendrawan', '197611202007011011', '', NULL, NULL, NULL, NULL, NULL, NULL, 0, '{\"t2017\": \"2\", \"t2018\": \"12\", \"total\": \"14\"}', '{\"jabatan\": \"Pengadministrasi Umum\", \"pangkat\": \"Penata Muda\", \"golongan\": \"III a\", \"tmt_cpns\": \"01-01-2007\", \"direktorat\": \"Dir. Adum\", \"pendidikan\": \"S1 Kes.Masy.\", \"tmt_golongan\": \"1 April 2015\", \"jenis_ketenagaan\": \"Umum\"}', '2018-01-16 02:13:13', '2018-02-06 02:46:47'),
('e768936c-9bf7-4ada-a562-9380a127217a', 'Endang Darajat H.', '196311081997031001', '', NULL, NULL, NULL, NULL, NULL, NULL, 0, '{\"t2017\": 0, \"t2018\": \"12\", \"total\": \"12\"}', '{\"jabatan\": \"Teknisi Jaringan\", \"pangkat\": \"Penata Muda Tk.I\", \"golongan\": \"III b\", \"tmt_cpns\": \"01-03-1997\", \"direktorat\": \"Dir. Adum\", \"pendidikan\": \"STM Listrik\", \"tmt_golongan\": \"1 April 2016\", \"jenis_ketenagaan\": \"Umum\"}', '2018-01-16 02:13:08', '2018-02-06 02:46:48'),
('e8b30881-f269-44c0-a3c3-4eb498acbb98', 'Siska Mulyantina', '198501022010122001', '', NULL, NULL, NULL, NULL, NULL, NULL, 0, '{\"t2017\": \"11\", \"t2018\": \"12\", \"total\": \"18\"}', '{\"jabatan\": \"Perekam Medis Pelaksana\", \"pangkat\": \"Pengatur Tk.I\", \"golongan\": \"II d\", \"tmt_cpns\": \"01-12-2010\", \"direktorat\": \"Dirmed Perawatan\", \"pendidikan\": \"D-III Rekam Medik\", \"tmt_golongan\": \"1 April 2014\", \"jenis_ketenagaan\": \"Penunjang\"}', '2018-01-16 02:13:36', '2018-02-06 02:46:45'),
('e938c1e7-79e3-48dd-9b54-e389632a41f1', 'Renny Fitriyanti Agustin, AMK', '198208182010122002', '', NULL, NULL, NULL, NULL, NULL, NULL, 0, '{\"t2017\": \"11\", \"t2018\": \"12\", \"total\": \"18\"}', '{\"jabatan\": \"Perawat Maher\", \"pangkat\": \"Penata Muda, III/a\", \"golongan\": \"III a\", \"tmt_cpns\": \"01-12-2010\", \"direktorat\": \"Dirmed Perawatan\", \"pendidikan\": \"D-III Keperawatan\", \"tmt_golongan\": \"1 Oktober 2017\", \"jenis_ketenagaan\": \"Perawat\"}', '2018-01-16 02:13:32', '2018-02-06 02:46:45'),
('e9c6eb25-f16c-496e-8d20-050f390f1d6a', 'Edi Susanto', '197712132008121002', '', NULL, NULL, NULL, NULL, NULL, NULL, 0, '{\"t2017\": \"2\", \"t2018\": \"12\", \"total\": \"14\"}', '{\"jabatan\": \"Pembantu Orang Sakit\", \"pangkat\": \"Pengatur Muda Tk.I\", \"golongan\": \"II b\", \"tmt_cpns\": \"01-12-2008\", \"direktorat\": \"Dir. Adum\", \"pendidikan\": \"STM Listrik\", \"tmt_golongan\": \"1 April 2013\", \"jenis_ketenagaan\": \"Umum\"}', '2018-01-16 02:13:06', '2018-02-06 02:46:48'),
('eac4d4f8-de19-4148-9f07-cd4e3bf6c66c', 'Nopiani Nursita, Amd', '19801112031', '$2y$10$BUetBjU9/K9N99BgCS0MbO6Ebg5FKWTlHaQLITRYwQtrL8V/CYcau', 'JfdCtPuwMFGpLGKucximte6PiMPJVAY8nDyRKXvuEnL8xrUuj9UlUitcU30b', 1, 1, 2, 9, 2, 1, '{\"t2017\": 0, \"t2018\": \"12\", \"total\": \"12\"}', '{\"jabatan\": \"Perekam Medis\", \"pangkat\": \"\", \"golongan\": \" \", \"tmt_cpns\": \"\", \"direktorat\": \"Dirmed Perawatan\", \"pendidikan\": \"D-III Rekam Medik\", \"tmt_golongan\": \"21 April 2008\", \"jenis_ketenagaan\": \"Penunjang\"}', '2018-01-16 02:14:33', '2018-02-06 02:46:50'),
('eafb9034-d246-4cc5-aa0a-5fdf16138fde', 'Redi Satriadi Rahman Hakim, AMK', '198412012012121001', '', NULL, NULL, NULL, NULL, NULL, NULL, 0, '{\"t2017\": 0, \"t2018\": \"12\", \"total\": \"12\"}', '{\"jabatan\": \"Perawat Pelaksana\", \"pangkat\": \"Pengatur Tk.I\", \"golongan\": \"II d\", \"tmt_cpns\": \"01-12-2012\", \"direktorat\": \"Dirmed Perawatan\", \"pendidikan\": \"D-III Keperawatan\", \"tmt_golongan\": \"1 April 2016\", \"jenis_ketenagaan\": \"Perawat\"}', '2018-01-16 02:13:32', '2018-02-06 02:46:45'),
('eb06a593-1f99-4fdf-bb1e-4a51e5ac2d69', 'Ade Imas Sumaryati', '197108191997032002', '', NULL, NULL, NULL, NULL, NULL, NULL, 0, '{\"t2017\": \"4\", \"t2018\": \"12\", \"total\": \"16\"}', '{\"jabatan\": \"Bendahara\", \"pangkat\": \"Penata Muda\", \"golongan\": \"III b\", \"tmt_cpns\": \"01-03-1997\", \"direktorat\": \"Dir. Adum\", \"pendidikan\": \"S1 Akutansi\", \"tmt_golongan\": \"1 April 2017\", \"jenis_ketenagaan\": \"Umum\"}', '2018-01-16 02:12:43', '2018-02-06 02:46:46'),
('ec206255-d6b3-46a5-8769-aaa9404d7ad2', 'Budi Rahayu, SKM, MKM', '197403271999031003', '', NULL, NULL, NULL, NULL, NULL, NULL, 0, '{\"t2017\": 0, \"t2018\": \"7\", \"total\": \"7\"}', '{\"jabatan\": \"Ka.Sub.Bag. Program dan Anggaran\", \"pangkat\": \"Penata Tk.I\", \"golongan\": \"III d\", \"tmt_cpns\": \"01-03-1999\", \"direktorat\": \"Ka.Sub.Bag. Program dan Anggaran\", \"pendidikan\": \"S2 Kesehatan\", \"tmt_golongan\": \"1 April 2016\", \"jenis_ketenagaan\": \"Umum\"}', '2018-01-16 02:12:51', '2018-02-06 02:46:47'),
('ec4295c7-1e92-47d6-a91e-b340a7d62bd3', 'Enjo Sutarjo', '19800101093', '', NULL, NULL, NULL, NULL, NULL, NULL, 0, '{\"t2017\": 0, \"t2018\": \"12\", \"total\": \"12\"}', '{\"jabatan\": \"Pembantu Orang Sakit\", \"pangkat\": \"\", \"golongan\": \" \", \"tmt_cpns\": \"\", \"direktorat\": \"Dir. Adum\", \"pendidikan\": \"SMK\", \"tmt_golongan\": \"1 Nopember 2010\", \"jenis_ketenagaan\": \"Umum\"}', '2018-01-16 02:14:44', '2018-02-06 02:46:51'),
('ec8f4817-ae76-47cd-a9fd-b7cb7073a3e5', 'Tantan Lustiwan', '19811104109', '', NULL, NULL, NULL, NULL, NULL, NULL, 0, '{\"t2017\": 0, \"t2018\": \"12\", \"total\": \"12\"}', '{\"jabatan\": \"Pengadministrasi Umum\", \"pangkat\": \"\", \"golongan\": \" \", \"tmt_cpns\": \"\", \"direktorat\": \"Dir. Adum\", \"pendidikan\": \"SMU\", \"tmt_golongan\": \"1 Nopember 2010\", \"jenis_ketenagaan\": \"Umum\"}', '2018-01-16 02:14:47', '2018-02-06 02:46:51'),
('ed2527cf-ad5a-4949-9fc0-51ac8a776057', 'Khusnawati Munasyaroh,Ners', '199004162015032007', '', NULL, NULL, NULL, NULL, NULL, NULL, 0, '{\"t2017\": \"11\", \"t2018\": \"12\", \"total\": \"18\"}', '{\"jabatan\": \"Perawat Ahli Pertama\", \"pangkat\": \"Penata Muda\", \"golongan\": \"III a\", \"tmt_cpns\": \"01-03-2015\", \"direktorat\": \"Dirmed Perawatan\", \"pendidikan\": \"S1 Keperawatan + Ners\", \"tmt_golongan\": \"1 Maret 2015\", \"jenis_ketenagaan\": \"Perawat\"}', '2018-01-16 02:13:21', '2018-02-06 02:46:47'),
('ee31f23b-cfb9-4ce7-9d83-a1961e50b814', 'Muslim Kosasih, AMK', '196608201998031001', '$2y$10$1ONQjr/Gc08hEaF7FZEnEe.IC7udONphzx8omK1ZyPsbclAPhU7hi', 'rWQZXIKCmbwfyQ7rfs93faJu7XQ6zlBySAGXhQ69HwUhICoM0bV4svWu8V9Z', 1, 2, 5, 24, 1, 1, '{\"t2017\": \"8\", \"t2018\": \"12\", \"total\": \"18\"}', '{\"jabatan\": \"Perawat Penyelia\", \"pangkat\": \"Penata\", \"golongan\": \"III c\", \"tmt_cpns\": \"01-03-1998\", \"direktorat\": \"Dirmed Perawatan\", \"pendidikan\": \"D-III Keperawatan\", \"tmt_golongan\": \"1 Oktober 2015\", \"jenis_ketenagaan\": \"Perawat\"}', '2018-01-16 02:13:27', '2018-02-09 02:32:31'),
('ee45728c-4a65-4bed-b562-cca51d133785', 'Shaky Muhamad Apriana', '19920413237', '', NULL, NULL, NULL, NULL, NULL, NULL, 0, '{\"t2017\": 0, \"t2018\": \"12\", \"total\": \"12\"}', '{\"jabatan\": \"Pembantu Orang Sakit\", \"pangkat\": \"\", \"golongan\": \" \", \"tmt_cpns\": \"\", \"direktorat\": \"Dir. Adum\", \"pendidikan\": \"SLTA / IPS\", \"tmt_golongan\": \"1 Desember 2011\", \"jenis_ketenagaan\": \"Umum\"}', '2018-01-16 02:14:39', '2018-02-06 02:46:50'),
('ee8c797b-5c9d-4cef-a2c1-8ef42a743d67', 'Andi', '19820225085', '', NULL, NULL, NULL, NULL, NULL, NULL, 0, '{\"t2017\": 0, \"t2018\": \"12\", \"total\": \"12\"}', '{\"jabatan\": \"Teknisi Jaringan\", \"pangkat\": \"\", \"golongan\": \" \", \"tmt_cpns\": \"\", \"direktorat\": \"Dir. Adum\", \"pendidikan\": \"SMK\", \"tmt_golongan\": \"1 Nopember 2010\", \"jenis_ketenagaan\": \"Umum\"}', '2018-01-16 02:14:46', '2018-02-06 02:46:51'),
('f0a541dc-388a-45b6-b8fb-83a1f526cea8', 'Tatang, Amd', '19810627037', '$2y$10$8a7i7eS4eSkJ6cdDNgF2/eeq35TZ.OznjFIcy/6RAIgy5VJvE4ZZa', '81Apxqzj2KSKhkl6oZCzIdUGxmAHgdJlQ7XzyYcA7yd3uZDAraNHYfH7qXi9', 1, 1, 2, 9, 2, 1, '{\"t2017\": 0, \"t2018\": \"12\", \"total\": \"12\"}', '{\"jabatan\": \"Perekam Medis\", \"pangkat\": \"\", \"golongan\": \" \", \"tmt_cpns\": \"\", \"direktorat\": \"Dirmed Perawatan\", \"pendidikan\": \"D-III Rekam Medik\", \"tmt_golongan\": \"13 April 2009\", \"jenis_ketenagaan\": \"Penunjang\"}', '2018-01-16 02:14:33', '2018-02-06 02:46:50'),
('f0b81489-4251-46b7-a32b-7e6c3fc1d48d', 'Soma Wisesa', '196807201995031002', '$2y$10$xU3rUaYOi.URapPiPD5mkuvs5ESKtqQsUIiA920erLvtZ.RhbqzTa', 'JQI5ZEHOoTBbStVnEKspovxwn7g2PiwXrmgnrSMRyTf3dL9RQVx3LLlO7SXl', 1, 1, 2, 9, 2, 1, '{\"t2017\": \"11\", \"t2018\": 7, \"total\": 13}', '{\"jabatan\": \"Pengadministrasi Umum\", \"pangkat\": \"Pengatur\", \"golongan\": \"II c\", \"tmt_cpns\": \"01-03-1995\", \"direktorat\": \"Dir. Adum\", \"pendidikan\": \"SMA Persamaan\", \"tmt_golongan\": \"1 April 2015\", \"jenis_ketenagaan\": \"Umum\"}', '2018-01-16 02:13:37', '2018-02-06 02:46:48'),
('f0e8bd45-ab57-4884-86d1-c0941048e0ac', 'Mumung Mulyantara, SKM', '197601021999031002', '', NULL, NULL, NULL, NULL, NULL, NULL, 0, '{\"t2017\": \"3\", \"t2018\": \"12\", \"total\": \"15\"}', '{\"jabatan\": \"Kepala Bidang Keperawatan\", \"pangkat\": \"Penata Tk.I\", \"golongan\": \"III d\", \"tmt_cpns\": \"01-03-1999\", \"direktorat\": \"Kepala Bidang Keperawatan\", \"pendidikan\": \"S1 Kes.Masy.\", \"tmt_golongan\": \"1 April 2015\", \"jenis_ketenagaan\": \"Umum\"}', '2018-01-16 02:13:26', '2018-02-06 02:46:47'),
('f18726b9-c9e1-4179-9fae-3644ecf67f0a', 'Yustian Gunawan', '19831010113', '$2y$10$gdVv2T1fyxz8FsAHT3XPRO42YfeD2O3CnrmKlpDhQ8a6Et6HKy8oK', '8Ls1afKDzXJFlWE60Y1hQlrfnv23hbjbgDjhFUoAfnVyhHHKX4LGO9hzYSXV', 1, 2, 5, 21, 2, 1, '{\"t2017\": 0, \"t2018\": \"12\", \"total\": \"12\"}', '{\"jabatan\": \"Pembantu Orang Sakit\", \"pangkat\": \"\", \"golongan\": \" \", \"tmt_cpns\": \"\", \"direktorat\": \"Dir. Adum\", \"pendidikan\": \"SMK\", \"tmt_golongan\": \"1 Nopember 2010\", \"jenis_ketenagaan\": \"Umum\"}', '2018-01-16 02:14:45', '2018-02-07 08:59:04'),
('f1b21e85-6d28-481f-9027-61e2e84b7cf5', 'Anggra Martina, AMK', '198503212008011002', '$2y$10$PHUyO9H9g62nnBJ/Bilv2eiMsb58YC0Zjyu4HinFsWbAEAjGeQGqW', 'u0mTntHzh5tgHSGiIPd9Il2swBDMHFrvabhbPVHqohIVOG4i7SONNOTDjF5x', 1, 2, 5, 20, 1, 1, '{\"t2017\": \"11\", \"t2018\": \"12\", \"total\": \"18\"}', '{\"jabatan\": \"Perawat Pelaksana Lanjutan\", \"pangkat\": \"Penata Muda\", \"golongan\": \"III a\", \"tmt_cpns\": \"01-01-2008\", \"direktorat\": \"Dirmed Perawatan\", \"pendidikan\": \"D-III Keperawatan\", \"tmt_golongan\": \"1 April 2015\", \"jenis_ketenagaan\": \"Perawat\"}', '2018-01-16 02:12:47', '2018-02-08 07:29:01'),
('f1ea7957-92bb-4f35-a8c7-96595c5bcf3a', 'Danny Purwanda, AMK', '198601182008121004', '', NULL, NULL, NULL, NULL, NULL, NULL, 0, '{\"t2017\": \"4\", \"t2018\": \"12\", \"total\": \"16\"}', '{\"jabatan\": \"Perawat Pelaksana Lanjutan\", \"pangkat\": \"Pengatur Tk.I\", \"golongan\": \"III a\", \"tmt_cpns\": \"01-12-2008\", \"direktorat\": \"Dirmed Perawatan\", \"pendidikan\": \"D-III Keperawatan\", \"tmt_golongan\": \"1 Oktober 2016\", \"jenis_ketenagaan\": \"Perawat\"}', '2018-01-16 02:12:53', '2018-02-06 02:46:44'),
('f21afcc5-002e-4142-96b9-fe39083921be', 'Rita Nauly Tambunan, AMK', '196504031988032001', '', NULL, NULL, NULL, NULL, NULL, NULL, 0, '{\"t2017\": 0, \"t2018\": \"12\", \"total\": \"18\"}', '{\"jabatan\": \"Perawat Penyelia\", \"pangkat\": \"Penata Tk.I\", \"golongan\": \"III d\", \"tmt_cpns\": \"01-03-1988\", \"direktorat\": \"Dirmed Perawatan\", \"pendidikan\": \"D-III Keperawatan\", \"tmt_golongan\": \"1 April 2009\", \"jenis_ketenagaan\": \"Perawat\"}', '2018-01-16 02:13:33', '2018-02-06 02:46:43'),
('f25b6b6f-5b4c-4217-99a2-e86e5c675f89', 'Hj. Yeni Suswati, AMK', '196503051985102001', '', NULL, NULL, NULL, NULL, NULL, NULL, 0, '{\"t2017\": 0, \"t2018\": \"12\", \"total\": \"12\"}', '{\"jabatan\": \"Perawat Penyelia\", \"pangkat\": \"Penata Tk.I\", \"golongan\": \"III d\", \"tmt_cpns\": \"01-10-1985\", \"direktorat\": \"Dirmed Perawatan\", \"pendidikan\": \"D-III Keperawatan\", \"tmt_golongan\": \"1 April 2009\", \"jenis_ketenagaan\": \"Perawat\"}', '2018-01-16 02:13:16', '2018-02-06 02:46:43'),
('f26c71ea-19fd-44e9-afe5-c537e7fe9c9c', 'Tedy Tavianto', '196412191988031001', '', NULL, NULL, NULL, NULL, NULL, NULL, 0, '{\"t2017\": \"5\", \"t2018\": \"12\", \"total\": \"17\"}', '{\"jabatan\": \"Pengadministrasi Umum\", \"pangkat\": \"Penata Muda Tk.I\", \"golongan\": \"III b\", \"tmt_cpns\": \"01-03-1988\", \"direktorat\": \"Dir. Adum\", \"pendidikan\": \"SPAG\", \"tmt_golongan\": \"1 April 2007\", \"jenis_ketenagaan\": \"Umum\"}', '2018-01-16 02:14:20', '2018-02-06 02:46:49'),
('f325163d-0b6b-44ad-8507-4885c49b9fdd', 'Imas Hamidah, AMK', '197605032005012003', '$2y$10$Hb5kXASHX1LzU0AYHM8ak.dFOi6D9aawKmPrWtz/Mg1burXy6G6F6', '4annQOH9eeVLJNu7fRhwiareCsfX7SUGrfo6q6k8sn4otYoZgCoc0htZYAfI', 1, 2, 5, 26, 2, 1, '{\"t2017\": 0, \"t2018\": \"12\", \"total\": \"12\"}', '{\"jabatan\": \"Perawat Pelaksana Lanjutan\", \"pangkat\": \"Penata Muda Tk.I\", \"golongan\": \"III b\", \"tmt_cpns\": \"01-01-2005\", \"direktorat\": \"Dirmed Perawatan\", \"pendidikan\": \"D-III Keperawatan\", \"tmt_golongan\": \"1 Oktober 2015\", \"jenis_ketenagaan\": \"Perawat\"}', '2018-01-16 02:13:17', '2018-02-06 02:46:43'),
('f3f6723e-5856-4e00-bc3c-70f5965dd8da', 'Rita Ernawati', '197903252014052001', '', NULL, NULL, NULL, NULL, NULL, NULL, 0, '{\"t2017\": \"7\", \"t2018\": \"12\", \"total\": \"18\"}', '{\"jabatan\": \"Petugas Gudang\", \"pangkat\": \"Pengatur Muda\", \"golongan\": \"II a\", \"tmt_cpns\": \"01-05-2014\", \"direktorat\": \"Dir. Adum\", \"pendidikan\": \"SMA\", \"tmt_golongan\": \"1 Mei 2014\", \"jenis_ketenagaan\": \"Umum\"}', '2018-01-16 02:13:33', '2018-02-06 02:46:48'),
('f484ea0b-1827-4151-97d1-2ae8dbdeeda5', 'Lina Pelanni, AMK', '197912062005012001', '$2y$10$EkOmluAGNgZnSlSSALJ95eOPb9C2s8nnWEK/8BmGB5m6LOkC.bn7C', 'C4BKNjzSZDIFRr7SzT11EWqC27RrrEklNLa59tMHty4en0tVVHoajwV9XlVR', 1, 2, 5, 26, 2, 1, '{\"t2017\": \"3\", \"t2018\": \"12\", \"total\": \"18\"}', '{\"jabatan\": \"Perawat Pelaksana Lanjutan\", \"pangkat\": \"Penata Muda Tk.I\", \"golongan\": \"III b\", \"tmt_cpns\": \"01-01-2005\", \"direktorat\": \"Dirmed Perawatan\", \"pendidikan\": \"D-III Keperawatan\", \"tmt_golongan\": \"1 Oktober 2015\", \"jenis_ketenagaan\": \"Perawat\"}', '2018-01-16 02:13:23', '2018-02-06 02:46:43'),
('f5f74499-5793-40e0-ae79-bac2fc5e340f', 'Susi Afriani, AMK', '197604291997032001', '', NULL, NULL, NULL, NULL, NULL, NULL, 0, '{\"t2017\": \"4\", \"t2018\": \"12\", \"total\": \"16\"}', '{\"jabatan\": \"Perawat Penyelia\", \"pangkat\": \"Penata\", \"golongan\": \"III c\", \"tmt_cpns\": \"01-03-1997\", \"direktorat\": \"Dirmed Perawatan\", \"pendidikan\": \"D-III Keperawatan\", \"tmt_golongan\": \"1 Oktober 2015\", \"jenis_ketenagaan\": \"Perawat\"}', '2018-01-16 02:14:19', '2018-02-06 02:46:43'),
('f6492c63-b72a-49b2-a21b-fa929a299dc2', 'Elan Jaelani', '197511112007011027', '', NULL, NULL, NULL, NULL, NULL, NULL, 0, '{\"t2017\": \"11\", \"t2018\": \"12\", \"total\": \"18\"}', '{\"jabatan\": \"Pembantu Orang Sakit\", \"pangkat\": \"Pengatur\", \"golongan\": \"II c\", \"tmt_cpns\": \"01-01-2007\", \"direktorat\": \"Dir. Adum\", \"pendidikan\": \"SMA\", \"tmt_golongan\": \"1 April 2015\", \"jenis_ketenagaan\": \"Umum\"}', '2018-01-16 02:13:07', '2018-02-06 02:46:47'),
('f74e8044-5e80-4b37-be95-14b79252e2c7', 'Maulana Yusup S.', '19861207101', '', NULL, NULL, NULL, NULL, NULL, NULL, 0, '{\"t2017\": 0, \"t2018\": \"12\", \"total\": \"12\"}', '{\"jabatan\": \"Pembantu Orang Sakit\", \"pangkat\": \"\", \"golongan\": \" \", \"tmt_cpns\": \"\", \"direktorat\": \"Dir. Adum\", \"pendidikan\": \"SMA\", \"tmt_golongan\": \"1 Nopember 2010\", \"jenis_ketenagaan\": \"Umum\"}', '2018-01-16 02:14:40', '2018-02-06 02:46:50'),
('f8225ac3-5309-40c0-a603-9bfa83120f46', 'Erni Kartina, AMAK', '198503242008122005', '$2y$10$TbJzaDx15bENFgOthkxQZOuVHf2CSohk96cmpUTazNAlAiKUvjKiG', 'FVLxKZ6GmXGbr3XUKcARm9wqRTivDXNbKVBn5oYNG3QBrpGsKmQGTujHPRiR', 1, 1, 2, 5, 2, 1, '{\"t2017\": \"11\", \"t2018\": \"12\", \"total\": \"18\"}', '{\"jabatan\": \"Pranata Lab.Kes. Pelaksana Lanjutan\", \"pangkat\": \"Panata Muda\", \"golongan\": \"III a\", \"tmt_cpns\": \"01-12-2008\", \"direktorat\": \"Dirmed Perawatan\", \"pendidikan\": \"D-III Analis Kesehatan\", \"tmt_golongan\": \"1 April 2016\", \"jenis_ketenagaan\": \"Penunjang\"}', '2018-01-16 02:13:09', '2018-02-06 06:01:56'),
('f82bfe15-3bc7-43f7-8d03-c9335f1a62aa', 'Fahimah Jawas', '196412071984032001', '$2y$10$9ulI3ANoHumsJwrMecpGzeiORHHA01zqb.SOdbr4FtoWj1zIq/Ro6', 'FQ4GR2mdIU9KEjZ7dl3thdsEfCtqmjpfXgL39G5OcV4IueFyX7efY9KL9QEW', 2, 3, 8, NULL, 2, 1, '{\"t2017\": \"8\", \"t2018\": \"12\", \"total\": \"18\"}', '{\"jabatan\": \"Pengadministrasi Keuangan\", \"pangkat\": \"Penata Muda Tk.I\", \"golongan\": \"III b\", \"tmt_cpns\": \"01-03-1984\", \"direktorat\": \"Dir. Adum\", \"pendidikan\": \"SMKK\", \"tmt_golongan\": \"1 April 2003\", \"jenis_ketenagaan\": \"Umum\"}', '2018-01-16 02:13:10', '2018-02-06 02:46:48'),
('f843df3c-10bd-4355-adea-b93df3b40e31', 'Muhamad Indra Faisal, S.Farm, Apt', '19910830278', '', NULL, NULL, NULL, NULL, NULL, NULL, 0, '{\"t2017\": 0, \"t2018\": \"12\", \"total\": \"12\"}', '{\"jabatan\": \"Apoteker\", \"pangkat\": \"\", \"golongan\": \" \", \"tmt_cpns\": \"\", \"direktorat\": \"Dirmed Perawatan\", \"pendidikan\": \"Apoteker\", \"tmt_golongan\": \"1 Agustus 2017\", \"jenis_ketenagaan\": \"Penunjang\"}', '2018-01-16 02:14:53', '2018-02-06 02:46:51'),
('fa4847c8-11e8-432f-9376-28a2b55ecea7', 'Elang Sumarna,AMK', '197107021993031001', '', NULL, NULL, NULL, NULL, NULL, NULL, 0, '{\"t2017\": \"11\", \"t2018\": \"12\", \"total\": \"18\"}', '{\"jabatan\": \"Analis Pengelola BMN\", \"pangkat\": \"Penata Tk.I\", \"golongan\": \"III d\", \"tmt_cpns\": \"01-03-1993\", \"direktorat\": \"Dir Adum\", \"pendidikan\": \"S1 Keperawatan\", \"tmt_golongan\": \"1 April 2017\", \"jenis_ketenagaan\": \"Umum\"}', '2018-01-16 02:13:07', '2018-02-06 02:46:47'),
('fb10c217-8da4-4b10-9095-7a619a624bb5', 'Roro Rokaidah, S.Kep', '196603031986032002', '$2y$10$ogYrwZUGxFiaR9EpoXD.h.Njj7H7DcHNvigMi3T/yYrQ1h0XI.ARC', 'NvD7bcoaWb8Zf0sZ5W6xGBo3avtd09NXeRSOruSJCJvUTWwk1rdDWp5CkQWV', 6, NULL, NULL, NULL, 1, 1, '{\"t2017\": 0, \"t2018\": \"12\", \"total\": \"12\"}', '{\"jabatan\": \"Auditor Muda\", \"pangkat\": \"Penata Tk.I\", \"golongan\": \"III d\", \"tmt_cpns\": \"01-03-1986\", \"direktorat\": \"Dir. Adum\", \"pendidikan\": \"S1 Keperawatan\", \"tmt_golongan\": \"1 Oktober 2011\", \"jenis_ketenagaan\": \"Penunjang\"}', '2018-01-16 02:13:34', '2018-02-06 02:46:47'),
('fb2dcf00-5daa-45ec-ab15-818d221907d8', 'Fina Gartina', '19820307095', '', NULL, NULL, NULL, NULL, NULL, NULL, 0, '{\"t2017\": 0, \"t2018\": \"12\", \"total\": \"12\"}', '{\"jabatan\": \"Pengadministrasi Umum\", \"pangkat\": \"\", \"golongan\": \" \", \"tmt_cpns\": \"\", \"direktorat\": \"Dir. Adum\", \"pendidikan\": \"SMU\", \"tmt_golongan\": \"1 Nopember 2010\", \"jenis_ketenagaan\": \"Umum\"}', '2018-01-16 02:14:48', '2018-02-06 02:46:51'),
('fb42f541-09ad-4c93-8606-d95dc8e21640', 'Dessy Mulyani Sholehaty, AMK', '19871201091', '', NULL, NULL, NULL, NULL, NULL, NULL, 0, '{\"t2017\": 0, \"t2018\": \"12\", \"total\": \"12\"}', '{\"jabatan\": \"Perawat Pelaksana\", \"pangkat\": \"\", \"golongan\": \" \", \"tmt_cpns\": \"\", \"direktorat\": \"Dirmed Perawatan\", \"pendidikan\": \"D-III Keperawatan\", \"tmt_golongan\": \"1 Nopember 2010\", \"jenis_ketenagaan\": \"Perawat\"}', '2018-01-16 02:14:27', '2018-02-06 02:46:49'),
('fc99e84d-785b-4259-85c4-7fd164c9e790', 'Novalia Lestari, AMK', '198311112010122001', '$2y$10$Vz9r/HegPQF76NsGBPQ8IurxSER2rg20lhG0KvfDglyGkw01Cti7m', 'c8HYSDkdZMoFtPcSk1yFdRoYK8aSkBFtCOv5YQpHDAlh7Ba56bSXrpbLTBlM', 1, 2, 5, 26, 2, 1, '{\"t2017\": \"11\", \"t2018\": \"12\", \"total\": \"12\"}', '{\"jabatan\": \"Perawat Maher\", \"pangkat\": \"Penata Muda, III/a\", \"golongan\": \"III a\", \"tmt_cpns\": \"01-12-2010\", \"direktorat\": \"Dirmed Perawatan\", \"pendidikan\": \"D-III Keperawatan\", \"tmt_golongan\": \"1 Oktober 2017\", \"jenis_ketenagaan\": \"Perawat\"}', '2018-01-16 02:13:28', '2018-02-06 02:46:44'),
('fd0b3e28-9c01-439b-b5a4-99e813f72b22', 'Neni Nur Aeni', '198608052008012001', '', NULL, NULL, NULL, NULL, NULL, NULL, 0, '{\"t2017\": 0, \"t2018\": \"10\", \"total\": \"10\"}', '{\"jabatan\": \"Asisten Apoteker Pelaksana Lanjutan\", \"pangkat\": \"Penata Muda\", \"golongan\": \"III a\", \"tmt_cpns\": \"01-01-2008\", \"direktorat\": \"Dirmed Perawatan\", \"pendidikan\": \"D-III Farmasi\", \"tmt_golongan\": \"1 April 2015\", \"jenis_ketenagaan\": \"Penunjang\"}', '2018-01-16 02:13:28', '2018-02-06 02:46:42'),
('fdab2ce3-3dd2-4697-8d02-642fc39d4ab4', 'Rudy Siswomiharjo', '198502082009121002', '$2y$10$67Xs2lynVsthsc9OLxLaXuPo9h4tRc/9BkHDB0iHZCzAKjgYhtpOi', '16oeJ7ztjzq0NqcUCaurToyK55io2wBHTmTCtmK0t7uZfGNhehR5nhvOQP1I', 1, 1, 2, 5, 2, 1, '{\"t2017\": \"11\", \"t2018\": \"12\", \"total\": \"18\"}', '{\"jabatan\": \"Pranata Lab.Kes. Pelaksana Lanjutan\", \"pangkat\": \"Pengatur Tk.I\", \"golongan\": \"III a\", \"tmt_cpns\": \"01-12-2009\", \"direktorat\": \"Dirmed Perawatan\", \"pendidikan\": \"D-III Analis Kesehatan\", \"tmt_golongan\": \"1 Oktober 2016\", \"jenis_ketenagaan\": \"Penunjang\"}', '2018-01-16 02:13:34', '2018-02-06 06:08:33'),
('fdb61b49-7bd2-4cb7-bd64-1d51c959db2b', 'Eli Mulyawati', '199007312018012001', '$2y$10$d71ZuHw2sN5S2s3gPC6BC.Zkxl7U7MqqCTutrdkIJvU5E.vvI3oWO', 'yLjgDruXFtv4wDRAtpdiiPYqIoJUVybhLZj6kC0DelVdUetptEAYXryO9Dtr', 1, 2, 5, 24, 2, 1, '{\"t2017\": 0, \"t2018\": 12, \"total\": 12}', '{\"jabatan\": \"Perawat Terampil\", \"pangkat\": \"Pengatur\", \"golongan\": \"II c\", \"tmt_cpns\": \"01-01-2018\", \"direktorat\": \"Dirmed Perawatan\", \"pendidikan\": \"D-III Keperawatan\", \"tmt_golongan\": \"1 Januari 2018\", \"jenis_ketenagaan\": \"Perawat\"}', '2018-02-06 03:29:41', '2018-02-09 06:45:09'),
('ff922e93-ef97-4607-b221-4d3ac3eb1e8f', 'Suheri, AMAK', '197912202014051001', '', NULL, NULL, NULL, NULL, NULL, NULL, 0, '{\"t2017\": \"7\", \"t2018\": \"11\", \"total\": \"18\"}', '{\"jabatan\": \"Pranata Lab.Kes  Pelaksana\", \"pangkat\": \"Pengatur\", \"golongan\": \"II c\", \"tmt_cpns\": \"01-05-2014\", \"direktorat\": \"Dirmed Perawatan\", \"pendidikan\": \"D-III Analis Kesehatan\", \"tmt_golongan\": \"1 Mei 2014\", \"jenis_ketenagaan\": \"Penunjang\"}', '2018-01-16 02:13:38', '2018-02-06 02:46:42'),
('ffae549d-e2bd-46a6-96eb-1d885c251d91', 'Robi Hamzah', '197706022006041002', '', NULL, NULL, NULL, NULL, NULL, NULL, 0, '{\"t2017\": \"11\", \"t2018\": \"12\", \"total\": \"18\"}', '{\"jabatan\": \"Asisten Apoteker Pelaksana Lanjutan\", \"pangkat\": \"Penata Muda\", \"golongan\": \"III a\", \"tmt_cpns\": \"01-04-2006\", \"direktorat\": \"Dirmed Perawatan\", \"pendidikan\": \"D-III Farmasi\", \"tmt_golongan\": \"1 Oktober 2013\", \"jenis_ketenagaan\": \"Penunjang\"}', '2018-01-16 02:13:34', '2018-02-06 02:46:42'),
('ffdceecf-aefb-4274-b65c-dbdc881ca26f', 'Ely Amalia, AMK', '198402152008012006', '', NULL, NULL, NULL, NULL, NULL, NULL, 0, '{\"t2017\": \"11\", \"t2018\": \"12\", \"total\": \"18\"}', '{\"jabatan\": \"Perawat Pelaksana Lanjutan\", \"pangkat\": \"Penata Muda\", \"golongan\": \"III a\", \"tmt_cpns\": \"01-01-2008\", \"direktorat\": \"Dirmed Perawatan\", \"pendidikan\": \"D-III Keperawatan\", \"tmt_golongan\": \"1 April 2015\", \"jenis_ketenagaan\": \"Perawat\"}', '2018-01-16 02:13:08', '2018-02-06 02:46:44'),
('ffdde156-d942-465e-b328-296af9b4b2ff', 'Sumitra', '196103281982031002', '$2y$10$KLEc.v.Ig/ktDOdcM1GYoeYwiYur3Fre.tV9y5XK5Maxspjh7Wspe', 'G0SPtn4B6SbItzAH9qvR0RWxAphahk8B3se3iBuFdaPUigMq2VF6W0yMBhfB', 2, 4, 9, NULL, 2, 1, '{\"t2017\": 0, \"t2018\": \"12\", \"total\": \"12\"}', '{\"jabatan\": \"Analis Kepegawaian\", \"pangkat\": \"Penata Muda Tk.I\", \"golongan\": \"III b\", \"tmt_cpns\": \"01-03-1982\", \"direktorat\": \"Dir. Adum\", \"pendidikan\": \"SMA\", \"tmt_golongan\": \"1 April 2001\", \"jenis_ketenagaan\": \"Umum\"}', '2018-01-16 02:14:18', '2018-02-06 02:46:47');

--
-- Indexes for dumped tables
--

--
-- Indexes for table `bagians`
--
ALTER TABLE `bagians`
  ADD PRIMARY KEY (`id`);

--
-- Indexes for table `comments`
--
ALTER TABLE `comments`
  ADD PRIMARY KEY (`id`);

--
-- Indexes for table `cutis`
--
ALTER TABLE `cutis`
  ADD PRIMARY KEY (`id`),
  ADD KEY `id_user` (`id_user`);

--
-- Indexes for table `global_params`
--
ALTER TABLE `global_params`
  ADD PRIMARY KEY (`id`);

--
-- Indexes for table `hais`
--
ALTER TABLE `hais`
  ADD PRIMARY KEY (`no_reg`);

--
-- Indexes for table `instalasis`
--
ALTER TABLE `instalasis`
  ADD PRIMARY KEY (`id`),
  ADD KEY `instalasis_id_bagian_foreign` (`id_bagian`),
  ADD KEY `instalasis_id_subagseksi_foreign` (`id_subagseksi`);

--
-- Indexes for table `master`
--
ALTER TABLE `master`
  ADD PRIMARY KEY (`id`);

--
-- Indexes for table `migrations`
--
ALTER TABLE `migrations`
  ADD PRIMARY KEY (`id`);

--
-- Indexes for table `model_has_permissions`
--
ALTER TABLE `model_has_permissions`
  ADD PRIMARY KEY (`permission_id`,`model_id`),
  ADD KEY `model_has_permissions_model_id_model_type_index` (`model_id`,`model_type`);

--
-- Indexes for table `model_has_roles`
--
ALTER TABLE `model_has_roles`
  ADD PRIMARY KEY (`role_id`,`model_id`),
  ADD KEY `model_has_roles_model_id_model_type_index` (`model_id`,`model_type`);

--
-- Indexes for table `password_resets`
--
ALTER TABLE `password_resets`
  ADD KEY `password_resets_nip_index` (`nip`);

--
-- Indexes for table `permissions`
--
ALTER TABLE `permissions`
  ADD PRIMARY KEY (`id`);

--
-- Indexes for table `posts`
--
ALTER TABLE `posts`
  ADD PRIMARY KEY (`id`),
  ADD KEY `posts_user_id_foreign` (`user_id`);

--
-- Indexes for table `roles`
--
ALTER TABLE `roles`
  ADD PRIMARY KEY (`id`);

--
-- Indexes for table `role_has_permissions`
--
ALTER TABLE `role_has_permissions`
  ADD PRIMARY KEY (`permission_id`,`role_id`),
  ADD KEY `role_has_permissions_role_id_foreign` (`role_id`);

--
-- Indexes for table `subagseksis`
--
ALTER TABLE `subagseksis`
  ADD PRIMARY KEY (`id`),
  ADD KEY `subagseksis_id_bagian_foreign` (`id_bagian`);

--
-- Indexes for table `users`
--
ALTER TABLE `users`
  ADD PRIMARY KEY (`id`),
  ADD UNIQUE KEY `users_nip_unique` (`nip`),
  ADD KEY `id_bagian` (`id_bagian`),
  ADD KEY `id_instalasi` (`id_instalasi`),
  ADD KEY `id_subagseksi` (`id_subagseksi`);

--
-- AUTO_INCREMENT for dumped tables
--

--
-- AUTO_INCREMENT for table `bagians`
--
ALTER TABLE `bagians`
  MODIFY `id` int(10) UNSIGNED NOT NULL AUTO_INCREMENT, AUTO_INCREMENT=5;

--
-- AUTO_INCREMENT for table `comments`
--
ALTER TABLE `comments`
  MODIFY `id` int(10) UNSIGNED NOT NULL AUTO_INCREMENT;

--
-- AUTO_INCREMENT for table `cutis`
--
ALTER TABLE `cutis`
  MODIFY `id` int(10) UNSIGNED NOT NULL AUTO_INCREMENT, AUTO_INCREMENT=22;

--
-- AUTO_INCREMENT for table `global_params`
--
ALTER TABLE `global_params`
  MODIFY `id` int(11) NOT NULL AUTO_INCREMENT, AUTO_INCREMENT=21;

--
-- AUTO_INCREMENT for table `instalasis`
--
ALTER TABLE `instalasis`
  MODIFY `id` int(10) UNSIGNED NOT NULL AUTO_INCREMENT, AUTO_INCREMENT=32;

--
-- AUTO_INCREMENT for table `master`
--
ALTER TABLE `master`
  MODIFY `id` int(11) NOT NULL AUTO_INCREMENT, AUTO_INCREMENT=2;

--
-- AUTO_INCREMENT for table `migrations`
--
ALTER TABLE `migrations`
  MODIFY `id` int(10) UNSIGNED NOT NULL AUTO_INCREMENT, AUTO_INCREMENT=11;

--
-- AUTO_INCREMENT for table `permissions`
--
ALTER TABLE `permissions`
  MODIFY `id` int(10) UNSIGNED NOT NULL AUTO_INCREMENT, AUTO_INCREMENT=25;

--
-- AUTO_INCREMENT for table `posts`
--
ALTER TABLE `posts`
  MODIFY `id` int(10) UNSIGNED NOT NULL AUTO_INCREMENT;

--
-- AUTO_INCREMENT for table `roles`
--
ALTER TABLE `roles`
  MODIFY `id` int(10) UNSIGNED NOT NULL AUTO_INCREMENT, AUTO_INCREMENT=4;

--
-- AUTO_INCREMENT for table `subagseksis`
--
ALTER TABLE `subagseksis`
  MODIFY `id` int(10) UNSIGNED NOT NULL AUTO_INCREMENT, AUTO_INCREMENT=11;

--
-- Constraints for dumped tables
--

--
-- Constraints for table `cutis`
--
ALTER TABLE `cutis`
  ADD CONSTRAINT `cutis_ibfk_1` FOREIGN KEY (`id_user`) REFERENCES `users` (`id`);

--
-- Constraints for table `instalasis`
--
ALTER TABLE `instalasis`
  ADD CONSTRAINT `instalasis_id_bagian_foreign` FOREIGN KEY (`id_bagian`) REFERENCES `bagians` (`id`) ON DELETE CASCADE,
  ADD CONSTRAINT `instalasis_id_subagseksi_foreign` FOREIGN KEY (`id_subagseksi`) REFERENCES `subagseksis` (`id`) ON DELETE CASCADE;

--
-- Constraints for table `model_has_permissions`
--
ALTER TABLE `model_has_permissions`
  ADD CONSTRAINT `model_has_permissions_permission_id_foreign` FOREIGN KEY (`permission_id`) REFERENCES `permissions` (`id`) ON DELETE CASCADE;

--
-- Constraints for table `model_has_roles`
--
ALTER TABLE `model_has_roles`
  ADD CONSTRAINT `model_has_roles_role_id_foreign` FOREIGN KEY (`role_id`) REFERENCES `roles` (`id`) ON DELETE CASCADE;

--
-- Constraints for table `posts`
--
ALTER TABLE `posts`
  ADD CONSTRAINT `posts_user_id_foreign` FOREIGN KEY (`user_id`) REFERENCES `users` (`id`) ON DELETE CASCADE;

--
-- Constraints for table `role_has_permissions`
--
ALTER TABLE `role_has_permissions`
  ADD CONSTRAINT `role_has_permissions_permission_id_foreign` FOREIGN KEY (`permission_id`) REFERENCES `permissions` (`id`) ON DELETE CASCADE,
  ADD CONSTRAINT `role_has_permissions_role_id_foreign` FOREIGN KEY (`role_id`) REFERENCES `roles` (`id`) ON DELETE CASCADE;

--
-- Constraints for table `subagseksis`
--
ALTER TABLE `subagseksis`
  ADD CONSTRAINT `subagseksis_id_bagian_foreign` FOREIGN KEY (`id_bagian`) REFERENCES `bagians` (`id`) ON DELETE CASCADE;

--
-- Constraints for table `users`
--
ALTER TABLE `users`
  ADD CONSTRAINT `users_ibfk_1` FOREIGN KEY (`id_bagian`) REFERENCES `bagians` (`id`),
  ADD CONSTRAINT `users_ibfk_2` FOREIGN KEY (`id_instalasi`) REFERENCES `instalasis` (`id`),
  ADD CONSTRAINT `users_ibfk_3` FOREIGN KEY (`id_subagseksi`) REFERENCES `subagseksis` (`id`);
COMMIT;

/*!40101 SET CHARACTER_SET_CLIENT=@OLD_CHARACTER_SET_CLIENT */;
/*!40101 SET CHARACTER_SET_RESULTS=@OLD_CHARACTER_SET_RESULTS */;
/*!40101 SET COLLATION_CONNECTION=@OLD_COLLATION_CONNECTION */;
